env_step,episode_return
23,23.0
36,13.0
49,13.0
73,24.0
93,20.0
108,15.0
142,34.0
174,32.0
199,25.0
211,12.0
228,17.0
248,20.0
274,26.0
288,14.0
316,28.0
342,26.0
363,21.0
380,17.0
396,16.0
408,12.0
419,11.0
436,17.0
448,12.0
470,22.0
488,18.0
501,13.0
515,14.0
535,20.0
562,27.0
586,24.0
607,21.0
661,54.0
678,17.0
692,14.0
708,16.0
742,34.0
759,17.0
778,19.0
789,11.0
799,10.0
822,23.0
863,41.0
896,33.0
925,29.0
947,22.0
965,18.0
976,11.0
991,15.0
1002,11.0
1015,13.0
1034,19.0
1046,12.0
1062,16.0
1083,21.0
1104,21.0
1119,15.0
1143,24.0
1166,23.0
1187,21.0
1216,29.0
1233,17.0
1248,15.0
1259,11.0
1271,12.0
1294,23.0
1317,23.0
1378,61.0
1389,11.0
1406,17.0
1422,16.0
1473,51.0
1504,31.0
1534,30.0
1555,21.0
1573,18.0
1582,9.0
1595,13.0
1610,15.0
1644,34.0
1666,22.0
1680,14.0
1689,9.0
1713,24.0
1739,26.0
1756,17.0
1767,11.0
1795,28.0
1809,14.0
1842,33.0
1861,19.0
1874,13.0
1885,11.0
1897,12.0
1916,19.0
1935,19.0
1946,11.0
1965,19.0
1981,16.0
2053,72.0
2067,14.0
2096,29.0
2114,18.0
2133,19.0
2155,22.0
2193,38.0
2215,22.0
2229,14.0
2249,20.0
2260,11.0
2276,16.0
2298,22.0
2311,13.0
2327,16.0
2347,20.0
2363,16.0
2376,13.0
2388,12.0
2399,11.0
2444,45.0
2501,57.0
2534,33.0
2546,12.0
2555,9.0
2567,12.0
2603,36.0
2636,33.0
2662,26.0
2679,17.0
2705,26.0
2724,19.0
2755,31.0
2766,11.0
2782,16.0
2817,35.0
2836,19.0
2864,28.0
2880,16.0
2897,17.0
2932,35.0
2947,15.0
2958,11.0
2997,39.0
3019,22.0
3030,11.0
3058,28.0
3075,17.0
3085,10.0
3100,15.0
3119,19.0
3143,24.0
3173,30.0
3198,25.0
3221,23.0
3250,29.0
3271,21.0
3281,10.0
3290,9.0
3303,13.0
3319,16.0
3337,18.0
3371,34.0
3393,22.0
3414,21.0
3427,13.0
3445,18.0
3470,25.0
3486,16.0
3526,40.0
3553,27.0
3577,24.0
3585,8.0
3627,42.0
3636,9.0
3671,35.0
3691,20.0
3703,12.0
3728,25.0
3760,32.0
3795,35.0
3805,10.0
3822,17.0
3831,9.0
3849,18.0
3887,38.0
3918,31.0
3933,15.0
3958,25.0
4012,54.0
4031,19.0
4050,19.0
4104,54.0
4133,29.0
4146,13.0
4191,45.0
4214,23.0
4233,19.0
4250,17.0
4270,20.0
4281,11.0
4301,20.0
4316,15.0
4335,19.0
4348,13.0
4360,12.0
4375,15.0
4404,29.0
4422,18.0
4434,12.0
4446,12.0
4467,21.0
4492,25.0
4507,15.0
4525,18.0
4546,21.0
4565,19.0
4580,15.0
4594,14.0
4641,47.0
4701,60.0
4712,11.0
4752,40.0
4769,17.0
4785,16.0
4801,16.0
4819,18.0
4837,18.0
4846,9.0
4872,26.0
4891,19.0
4915,24.0
4936,21.0
4946,10.0
4962,16.0
4975,13.0
5000,25.0
5023,23.0
5036,13.0
5057,21.0
5071,14.0
5081,10.0
5136,55.0
5151,15.0
5166,15.0
5208,42.0
5227,19.0
5255,28.0
5277,22.0
5300,23.0
5314,14.0
5335,21.0
5350,15.0
5397,47.0
5434,37.0
5447,13.0
5459,12.0
5478,19.0
5492,14.0
5516,24.0
5532,16.0
5570,38.0
5591,21.0
5610,19.0
5625,15.0
5640,15.0
5680,40.0
5722,42.0
5758,36.0
5789,31.0
5807,18.0
5818,11.0
5834,16.0
5867,33.0
5899,32.0
5908,9.0
5942,34.0
5976,34.0
5996,20.0
6025,29.0
6046,21.0
6064,18.0
6108,44.0
6121,13.0
6134,13.0
6150,16.0
6187,37.0
6207,20.0
6240,33.0
6256,16.0
6283,27.0
6310,27.0
6332,22.0
6345,13.0
6384,39.0
6409,25.0
6426,17.0
6447,21.0
6471,24.0
6483,12.0
6520,37.0
6551,31.0
6643,92.0
6669,26.0
6709,40.0
6728,19.0
6745,17.0
6769,24.0
6782,13.0
6793,11.0
6806,13.0
6829,23.0
6843,14.0
6857,14.0
6897,40.0
6908,11.0
6927,19.0
6936,9.0
6957,21.0
6984,27.0
7000,16.0
7064,64.0
7073,9.0
7087,14.0
7111,24.0
7130,19.0
7151,21.0
7166,15.0
7194,28.0
7224,30.0
7238,14.0
7269,31.0
7287,18.0
7326,39.0
7350,24.0
7365,15.0
7385,20.0
7412,27.0
7428,16.0
7453,25.0
7491,38.0
7535,44.0
7581,46.0
7596,15.0
7617,21.0
7653,36.0
7669,16.0
7704,35.0
7721,17.0
7751,30.0
7774,23.0
7801,27.0
7855,54.0
7878,23.0
7897,19.0
7912,15.0
7930,18.0
7946,16.0
7962,16.0
7999,37.0
8019,20.0
8043,24.0
8057,14.0
8088,31.0
8120,32.0
8137,17.0
8154,17.0
8188,34.0
8206,18.0
8228,22.0
8269,41.0
8291,22.0
8376,85.0
8394,18.0
8424,30.0
8461,37.0
8485,24.0
8510,25.0
8548,38.0
8584,36.0
8595,11.0
8613,18.0
8666,53.0
8684,18.0
8711,27.0
8735,24.0
8749,14.0
8764,15.0
8799,35.0
8813,14.0
8827,14.0
8867,40.0
8885,18.0
8911,26.0
8956,45.0
9011,55.0
9052,41.0
9064,12.0
9094,30.0
9102,8.0
9120,18.0
9166,46.0
9177,11.0
9191,14.0
9225,34.0
9286,61.0
9305,19.0
9348,43.0
9370,22.0
9382,12.0
9409,27.0
9423,14.0
9474,51.0
9492,18.0
9561,69.0
9592,31.0
9615,23.0
9648,33.0
9680,32.0
9719,39.0
9735,16.0
9746,11.0
9791,45.0
9838,47.0
9850,12.0
9868,18.0
9913,45.0
9926,13.0
9937,11.0
9951,14.0
10013,62.0
10037,24.0
10050,13.0
10063,13.0
10077,14.0
10104,27.0
10153,49.0
10170,17.0
10201,31.0
10220,19.0
10318,98.0
10334,16.0
10353,19.0
10385,32.0
10413,28.0
10436,23.0
10458,22.0
10478,20.0
10498,20.0
10537,39.0
10559,22.0
10581,22.0
10633,52.0
10707,74.0
10778,71.0
10807,29.0
10825,18.0
10893,68.0
10923,30.0
10939,16.0
11032,93.0
11042,10.0
11055,13.0
11075,20.0
11092,17.0
11117,25.0
11144,27.0
11162,18.0
11181,19.0
11200,19.0
11291,91.0
11317,26.0
11347,30.0
11392,45.0
11408,16.0
11502,94.0
11539,37.0
11554,15.0
11567,13.0
11634,67.0
11656,22.0
11680,24.0
11698,18.0
11718,20.0
11738,20.0
11768,30.0
11797,29.0
11848,51.0
11913,65.0
11950,37.0
11975,25.0
11989,14.0
12034,45.0
12054,20.0
12075,21.0
12124,49.0
12171,47.0
12187,16.0
12202,15.0
12243,41.0
12264,21.0
12300,36.0
12339,39.0
12351,12.0
12369,18.0
12400,31.0
12418,18.0
12440,22.0
12461,21.0
12494,33.0
12508,14.0
12526,18.0
12567,41.0
12583,16.0
12604,21.0
12686,82.0
12718,32.0
12758,40.0
12799,41.0
12843,44.0
12858,15.0
12903,45.0
12914,11.0
12955,41.0
13054,99.0
13099,45.0
13152,53.0
13164,12.0
13186,22.0
13199,13.0
13263,64.0
13300,37.0
13317,17.0
13337,20.0
13374,37.0
13403,29.0
13461,58.0
13481,20.0
13542,61.0
13557,15.0
13637,80.0
13651,14.0
13691,40.0
13702,11.0
13757,55.0
13771,14.0
13837,66.0
13888,51.0
13913,25.0
13944,31.0
13958,14.0
13989,31.0
13997,8.0
14028,31.0
14038,10.0
14075,37.0
14100,25.0
14138,38.0
14148,10.0
14195,47.0
14211,16.0
14248,37.0
14267,19.0
14327,60.0
14374,47.0
14416,42.0
14449,33.0
14459,10.0
14471,12.0
14503,32.0
14527,24.0
14571,44.0
14587,16.0
14620,33.0
14766,146.0
14786,20.0
14801,15.0
14815,14.0
14827,12.0
14839,12.0
14863,24.0
14880,17.0
14930,50.0
14960,30.0
15001,41.0
15044,43.0
15081,37.0
15099,18.0
15155,56.0
15236,81.0
15270,34.0
15299,29.0
15340,41.0
15374,34.0
15402,28.0
15481,79.0
15612,131.0
15624,12.0
15655,31.0
15736,81.0
15755,19.0
15767,12.0
15872,105.0
15917,45.0
16001,84.0
16068,67.0
16118,50.0
16175,57.0
16201,26.0
16232,31.0
16278,46.0
16291,13.0
16307,16.0
16330,23.0
16402,72.0
16415,13.0
16460,45.0
16548,88.0
16647,99.0
16727,80.0
16787,60.0
16927,140.0
16957,30.0
17001,44.0
17081,80.0
17126,45.0
17190,64.0
17218,28.0
17415,197.0
17492,77.0
17522,30.0
17560,38.0
17593,33.0
17752,159.0
17788,36.0
17822,34.0
17868,46.0
18086,218.0
18118,32.0
18142,24.0
18191,49.0
18273,82.0
18387,114.0
18397,10.0
18525,128.0
18637,112.0
18659,22.0
18718,59.0
18928,210.0
19034,106.0
19102,68.0
19243,141.0
19328,85.0
19420,92.0
19559,139.0
19656,97.0
19724,68.0
19768,44.0
19815,47.0
19905,90.0
20053,148.0
20081,28.0
20146,65.0
20269,123.0
20394,125.0
20413,19.0
20505,92.0
20521,16.0
20591,70.0
20627,36.0
20750,123.0
20763,13.0
20839,76.0
20873,34.0
20941,68.0
20977,36.0
21062,85.0
21099,37.0
21139,40.0
21203,64.0
21243,40.0
21263,20.0
21273,10.0
21365,92.0
21483,118.0
21559,76.0
21582,23.0
21596,14.0
21642,46.0
21807,165.0
21961,154.0
22007,46.0
22145,138.0
22311,166.0
22510,199.0
22563,53.0
22609,46.0
22745,136.0
22794,49.0
22825,31.0
22847,22.0
22870,23.0
22969,99.0
23032,63.0
23084,52.0
23112,28.0
23283,171.0
23318,35.0
23387,69.0
23444,57.0
23511,67.0
23564,53.0
23590,26.0
23656,66.0
23801,145.0
23851,50.0
24037,186.0
24059,22.0
24172,113.0
24191,19.0
24209,18.0
24247,38.0
24269,22.0
24403,134.0
24418,15.0
24510,92.0
24568,58.0
24581,13.0
24609,28.0
24632,23.0
24646,14.0
24657,11.0
24673,16.0
24692,19.0
24740,48.0
24796,56.0
24815,19.0
24840,25.0
24856,16.0
24872,16.0
24886,14.0
24902,16.0
24918,16.0
24935,17.0
24958,23.0
25103,145.0
25180,77.0
25306,126.0
25374,68.0
25399,25.0
25413,14.0
25594,181.0
25693,99.0
25712,19.0
25738,26.0
25751,13.0
25768,17.0
25790,22.0
25954,164.0
26138,184.0
26207,69.0
26225,18.0
26305,80.0
26390,85.0
26443,53.0
26487,44.0
26527,40.0
26731,204.0
26773,42.0
26797,24.0
26886,89.0
26951,65.0
26978,27.0
27083,105.0
27254,171.0
27269,15.0
27329,60.0
27474,145.0
27491,17.0
27612,121.0
27715,103.0
27794,79.0
27834,40.0
27881,47.0
27923,42.0
27953,30.0
28067,114.0
28114,47.0
28192,78.0
28204,12.0
28219,15.0
28369,150.0
28399,30.0
28541,142.0
28725,184.0
28773,48.0
28903,130.0
29093,190.0
29256,163.0
29419,163.0
29575,156.0
29718,143.0
29883,165.0
30053,170.0
30170,117.0
30331,161.0
30385,54.0
30555,170.0
30787,232.0
31180,393.0
31356,176.0
31420,64.0
31474,54.0
31643,169.0
31910,267.0
31927,17.0
32133,206.0
32433,300.0
32613,180.0
32632,19.0
32796,164.0
32947,151.0
33177,230.0
33207,30.0
33376,169.0
33398,22.0
33603,205.0
33634,31.0
33811,177.0
34044,233.0
34060,16.0
34235,175.0
34272,37.0
34442,170.0
34658,216.0
35158,500.0
35290,132.0
35790,500.0
36140,350.0
36452,312.0
36607,155.0
36857,250.0
37139,282.0
37406,267.0
37623,217.0
37842,219.0
38110,268.0
38610,500.0
39061,451.0
39072,11.0
39089,17.0
39172,83.0
39184,12.0
39198,14.0
39209,11.0
39227,18.0
39242,15.0
39256,14.0
39267,11.0
39277,10.0
39287,10.0
39299,12.0
39310,11.0
39322,12.0
39333,11.0
39344,11.0
39355,11.0
39369,14.0
39385,16.0
39410,25.0
39422,12.0
39448,26.0
39463,15.0
39480,17.0
39493,13.0
39505,12.0
39520,15.0
39537,17.0
39552,15.0
39575,23.0
39601,26.0
39620,19.0
39642,22.0
39660,18.0
39680,20.0
39695,15.0
39712,17.0
39733,21.0
39749,16.0
39762,13.0
39777,15.0
39788,11.0
39808,20.0
39828,20.0
39840,12.0
39850,10.0
39868,18.0
39881,13.0
39909,28.0
39940,31.0
39961,21.0
39980,19.0
39997,17.0
40010,13.0
40024,14.0
40037,13.0
40049,12.0
40060,11.0
40072,12.0
40087,15.0
40098,11.0
40109,11.0
40119,10.0
40133,14.0
40153,20.0
40166,13.0
40185,19.0
40212,27.0
40235,23.0
40254,19.0
40290,36.0
40320,30.0
40433,113.0
40618,185.0
40654,36.0
40696,42.0
40826,130.0
41002,176.0
41136,134.0
41280,144.0
41441,161.0
41605,164.0
41616,11.0
41759,143.0
41903,144.0
42045,142.0
42171,126.0
42312,141.0
42476,164.0
42626,150.0
42768,142.0
42912,144.0
43094,182.0
43594,500.0
43612,18.0
43627,15.0
43650,23.0
43810,160.0
44310,500.0
44343,33.0
44397,54.0
44720,323.0
45220,500.0
45292,72.0
45304,12.0
45314,10.0
45325,11.0
45335,10.0
45344,9.0
45355,11.0
45367,12.0
45377,10.0
45396,19.0
45407,11.0
45418,11.0
45429,11.0
45440,11.0
45451,11.0
45460,9.0
45470,10.0
45480,10.0
45490,10.0
45500,10.0
45510,10.0
45519,9.0
45530,11.0
45541,11.0
45551,10.0
45562,11.0
45574,12.0
45583,9.0
45595,12.0
45606,11.0
45619,13.0
45633,14.0
45644,11.0
45655,11.0
45667,12.0
45680,13.0
45689,9.0
45699,10.0
45713,14.0
45725,12.0
45736,11.0
45749,13.0
45784,35.0
46144,360.0
46155,11.0
46166,11.0
46176,10.0
46187,11.0
46196,9.0
46206,10.0
46217,11.0
46225,8.0
46235,10.0
46244,9.0
46255,11.0
46265,10.0
46273,8.0
46281,8.0
46291,10.0
46301,10.0
46310,9.0
46319,9.0
46333,14.0
46345,12.0
46361,16.0
46369,8.0
46379,10.0
46389,10.0
46398,9.0
46408,10.0
46417,9.0
46426,9.0
46435,9.0
46445,10.0
46454,9.0
46463,9.0
46473,10.0
46485,12.0
46495,10.0
46505,10.0
46517,12.0
46528,11.0
46538,10.0
46550,12.0
46558,8.0
46567,9.0
46576,9.0
46584,8.0
46594,10.0
46602,8.0
46611,9.0
46620,9.0
46633,13.0
46644,11.0
46655,11.0
46663,8.0
46675,12.0
46688,13.0
46701,13.0
46711,10.0
46719,8.0
46728,9.0
46738,10.0
46748,10.0
46756,8.0
46769,13.0
46777,8.0
46790,13.0
46799,9.0
46808,9.0
46817,9.0
46827,10.0
46838,11.0
46849,11.0
46859,10.0
46869,10.0
46881,12.0
46890,9.0
46901,11.0
46911,10.0
46920,9.0
46929,9.0
46939,10.0
46949,10.0
46959,10.0
46967,8.0
46977,10.0
46987,10.0
46996,9.0
47011,15.0
47020,9.0
47034,14.0
47046,12.0
47057,11.0
47070,13.0
47078,8.0
47087,9.0
47098,11.0
47107,9.0
47117,10.0
47126,9.0
47138,12.0
47147,9.0
47157,10.0
47167,10.0
47176,9.0
47185,9.0
47195,10.0
47204,9.0
47215,11.0
47224,9.0
47236,12.0
47245,9.0
47255,10.0
47263,8.0
47273,10.0
47283,10.0
47293,10.0
47302,9.0
47312,10.0
47323,11.0
47332,9.0
47343,11.0
47355,12.0
47366,11.0
47469,103.0
47524,55.0
47536,12.0
47546,10.0
47666,120.0
47784,118.0
47802,18.0
47910,108.0
48033,123.0
48163,130.0
48268,105.0
48285,17.0
48424,139.0
48554,130.0
48680,126.0
48798,118.0
48915,117.0
49039,124.0
49158,119.0
49281,123.0
49399,118.0
49523,124.0
49642,119.0
49761,119.0
49881,120.0
49991,110.0
50121,130.0
50247,126.0
50373,126.0
50495,122.0
50608,113.0
50726,118.0
50742,16.0
50857,115.0
51006,149.0
51131,125.0
51262,131.0
51391,129.0
51522,131.0
51642,120.0
51760,118.0
51882,122.0
52009,127.0
52130,121.0
52245,115.0
52356,111.0
52473,117.0
52605,132.0
52733,128.0
52849,116.0
52963,114.0
53091,128.0
53221,130.0
53335,114.0
53450,115.0
53569,119.0
53680,111.0
53797,117.0
53922,125.0
54040,118.0
54205,165.0
54549,344.0
54772,223.0
54911,139.0
55040,129.0
55165,125.0
55276,111.0
55387,111.0
55491,104.0
55600,109.0
55717,117.0
55842,125.0
55947,105.0
56058,111.0
56071,13.0
56084,13.0
56096,12.0
56197,101.0
56329,132.0
56455,126.0
56604,149.0
56726,122.0
56855,129.0
57019,164.0
57172,153.0
57385,213.0
57580,195.0
57808,228.0
58050,242.0
58262,212.0
58438,176.0
58603,165.0
58805,202.0
59029,224.0
59133,104.0
59145,12.0
59154,9.0
59163,9.0
59172,9.0
59182,10.0
59191,9.0
59201,10.0
59210,9.0
59220,10.0
59230,10.0
59238,8.0
59248,10.0
59257,9.0
59267,10.0
59277,10.0
59286,9.0
59294,8.0
59302,8.0
59311,9.0
59321,10.0
59329,8.0
59340,11.0
59352,12.0
59362,10.0
59370,8.0
59378,8.0
59388,10.0
59398,10.0
59406,8.0
59415,9.0
59423,8.0
59432,9.0
59441,9.0
59450,9.0
59459,9.0
59471,12.0
59480,9.0
59491,11.0
59500,9.0
59510,10.0
59520,10.0
59530,10.0
59540,10.0
59550,10.0
59560,10.0
59569,9.0
59579,10.0
59588,9.0
59598,10.0
59607,9.0
59616,9.0
59625,9.0
59634,9.0
59644,10.0
59653,9.0
59663,10.0
59673,10.0
59682,9.0
59692,10.0
59702,10.0
59711,9.0
59721,10.0
59731,10.0
59741,10.0
59751,10.0
59761,10.0
59770,9.0
59780,10.0
59789,9.0
59798,9.0
59808,10.0
59817,9.0
59827,10.0
59837,10.0
59847,10.0
59856,9.0
59866,10.0
59879,13.0
59888,9.0
59898,10.0
59908,10.0
59916,8.0
59926,10.0
59935,9.0
59945,10.0
59954,9.0
59962,8.0
59970,8.0
59980,10.0
59988,8.0
59998,10.0
60007,9.0
60016,9.0
60024,8.0
60035,11.0
60045,10.0
60055,10.0
60065,10.0
60075,10.0
60084,9.0
60095,11.0
60105,10.0
60114,9.0
60124,10.0
60132,8.0
60143,11.0
60153,10.0
60162,9.0
60174,12.0
60183,9.0
60192,9.0
60203,11.0
60308,105.0
60408,100.0
60595,187.0
60883,288.0
61100,217.0
61311,211.0
61449,138.0
61675,226.0
61868,193.0
62083,215.0
62297,214.0
62797,500.0
63297,500.0
63797,500.0
64263,466.0
64294,31.0
64307,13.0
64317,10.0
64326,9.0
64338,12.0
64349,11.0
64360,11.0
64371,11.0
64380,9.0
64389,9.0
64400,11.0
64410,10.0
64419,9.0
64429,10.0
64439,10.0
64449,10.0
64459,10.0
64468,9.0
64478,10.0
64486,8.0
64496,10.0
64506,10.0
64516,10.0
64528,12.0
64538,10.0
64547,9.0
64557,10.0
64565,8.0
64576,11.0
64584,8.0
64594,10.0
64605,11.0
64615,10.0
64625,10.0
64635,10.0
64647,12.0
64659,12.0
64669,10.0
64680,11.0
64689,9.0
64699,10.0
64709,10.0
64719,10.0
64728,9.0
64737,9.0
64746,9.0
64756,10.0
64765,9.0
64775,10.0
64785,10.0
64795,10.0
64804,9.0
64814,10.0
64823,9.0
64834,11.0
64843,9.0
64852,9.0
64862,10.0
64872,10.0
64881,9.0
64891,10.0
64900,9.0
64910,10.0
64920,10.0
64930,10.0
64939,9.0
64949,10.0
64960,11.0
64972,12.0
64981,9.0
64990,9.0
64999,9.0
65009,10.0
65018,9.0
65029,11.0
65039,10.0
65048,9.0
65060,12.0
65070,10.0
65080,10.0
65090,10.0
65100,10.0
65111,11.0
65121,10.0
65130,9.0
65142,12.0
65152,10.0
65162,10.0
65172,10.0
65181,9.0
65192,11.0
65204,12.0
65215,11.0
65394,179.0
65641,247.0
65825,184.0
65834,9.0
65845,11.0
65855,10.0
65864,9.0
65875,11.0
65885,10.0
65894,9.0
65903,9.0
65912,9.0
65923,11.0
65933,10.0
65942,9.0
65954,12.0
65984,30.0
66116,132.0
66126,10.0
66135,9.0
66144,9.0
66152,8.0
66162,10.0
66172,10.0
66181,9.0
66190,9.0
66201,11.0
66211,10.0
66221,10.0
66231,10.0
66239,8.0
66248,9.0
66257,9.0
66267,10.0
66276,9.0
66287,11.0
66296,9.0
66305,9.0
66315,10.0
66324,9.0
66333,9.0
66341,8.0
66350,9.0
66359,9.0
66369,10.0
66379,10.0
66389,10.0
66398,9.0
66407,9.0
66418,11.0
66427,9.0
66436,9.0
66445,9.0
66455,10.0
66465,10.0
66476,11.0
66485,9.0
66494,9.0
66504,10.0
66514,10.0
66524,10.0
66536,12.0
66548,12.0
66629,81.0
66642,13.0
66730,88.0
66862,132.0
66876,14.0
66987,111.0
67074,87.0
67181,107.0
67277,96.0
67379,102.0
67471,92.0
67574,103.0
67688,114.0
67802,114.0
67912,110.0
68026,114.0
68141,115.0
68258,117.0
68376,118.0
68488,112.0
68593,105.0
68711,118.0
68830,119.0
68950,120.0
69072,122.0
69193,121.0
69316,123.0
69438,122.0
69566,128.0
69689,123.0
69808,119.0
69935,127.0
70045,110.0
70165,120.0
70295,130.0
70421,126.0
70540,119.0
70661,121.0
70790,129.0
70917,127.0
71062,145.0
71193,131.0
71318,125.0
71454,136.0
71578,124.0
71758,180.0
71887,129.0
72036,149.0
72193,157.0
72330,137.0
72463,133.0
72641,178.0
72791,150.0
72944,153.0
73093,149.0
73234,141.0
73384,150.0
73532,148.0
73702,170.0
73864,162.0
74005,141.0
74136,131.0
74272,136.0
74412,140.0
74537,125.0
74666,129.0
74804,138.0
74941,137.0
75074,133.0
75205,131.0
75374,169.0
75598,224.0
75807,209.0
75946,139.0
76150,204.0
76310,160.0
76453,143.0
76606,153.0
76752,146.0
76909,157.0
77057,148.0
77220,163.0
77419,199.0
77690,271.0
78032,342.0
78230,198.0
78416,186.0
78565,149.0
78742,177.0
78925,183.0
79083,158.0
79276,193.0
79431,155.0
79634,203.0
79920,286.0
80069,149.0
80228,159.0
80397,169.0
80561,164.0
80968,407.0
81468,500.0
81675,207.0
82175,500.0
82377,202.0
82877,500.0
83377,500.0
83877,500.0
84377,500.0
84877,500.0
85295,418.0
85520,225.0
85715,195.0
86003,288.0
86016,13.0
86027,11.0
86038,11.0
86048,10.0
86057,9.0
86067,10.0
86075,8.0
86085,10.0
86095,10.0
86106,11.0
86114,8.0
86122,8.0
86130,8.0
86139,9.0
86147,8.0
86156,9.0
86165,9.0
86174,9.0
86182,8.0
86191,9.0
86200,9.0
86209,9.0
86219,10.0
86228,9.0
86237,9.0
86247,10.0
86256,9.0
86264,8.0
86274,10.0
86286,12.0
86296,10.0
86306,10.0
86314,8.0
86323,9.0
86334,11.0
86344,10.0
86353,9.0
86363,10.0
86372,9.0
86382,10.0
86391,9.0
86400,9.0
86410,10.0
86420,10.0
86430,10.0
86441,11.0
86450,9.0
86460,10.0
86470,10.0
86480,10.0
86489,9.0
86499,10.0
86509,10.0
86519,10.0
86528,9.0
86536,8.0
86545,9.0
86555,10.0
86564,9.0
86573,9.0
86583,10.0
86593,10.0
86602,9.0
86612,10.0
86622,10.0
86632,10.0
86642,10.0
86653,11.0
86661,8.0
86671,10.0
86683,12.0
86693,10.0
86704,11.0
86713,9.0
86722,9.0
86731,9.0
86741,10.0
86750,9.0
86760,10.0
86770,10.0
86781,11.0
86789,8.0
86798,9.0
86808,10.0
86820,12.0
86831,11.0
86842,11.0
86852,10.0
86860,8.0
86870,10.0
86879,9.0
86889,10.0
86898,9.0
86908,10.0
86917,9.0
86925,8.0
86935,10.0
86944,9.0
86952,8.0
86962,10.0
86971,9.0
86980,9.0
86991,11.0
87001,10.0
87011,10.0
87020,9.0
87029,9.0
87039,10.0
87048,9.0
87058,10.0
87070,12.0
87079,9.0
87088,9.0
87097,9.0
87106,9.0
87118,12.0
87126,8.0
87135,9.0
87144,9.0
87156,12.0
87167,11.0
87176,9.0
87184,8.0
87193,9.0
87202,9.0
87213,11.0
87223,10.0
87233,10.0
87241,8.0
87253,12.0
87264,11.0
87273,9.0
87281,8.0
87291,10.0
87300,9.0
87310,10.0
87321,11.0
87330,9.0
87341,11.0
87352,11.0
87361,9.0
87370,9.0
87380,10.0
87390,10.0
87402,12.0
87715,313.0
88215,500.0
88227,12.0
88236,9.0
88246,10.0
88256,10.0
88266,10.0
88275,9.0
88285,10.0
88294,9.0
88304,10.0
88314,10.0
88323,9.0
88335,12.0
88345,10.0
88356,11.0
88367,11.0
88378,11.0
88388,10.0
88398,10.0
88408,10.0
88419,11.0
88433,14.0
88444,11.0
88458,14.0
88470,12.0
88484,14.0
88501,17.0
88712,211.0
88913,201.0
89113,200.0
89401,288.0
89894,493.0
90223,329.0
90234,11.0
90244,10.0
90254,10.0
90264,10.0
90273,9.0
90285,12.0
90295,10.0
90304,9.0
90313,9.0
90322,9.0
90332,10.0
90343,11.0
90351,8.0
90360,9.0
90369,9.0
90379,10.0
90389,10.0
90399,10.0
90409,10.0
90420,11.0
90431,11.0
90441,10.0
90453,12.0
90462,9.0
90471,9.0
90480,9.0
90490,10.0
90500,10.0
90511,11.0
90521,10.0
90531,10.0
90543,12.0
90555,12.0
90696,141.0
90855,159.0
91020,165.0
91187,167.0
91336,149.0
91512,176.0
91688,176.0
91876,188.0
92071,195.0
92301,230.0
92555,254.0
92769,214.0
92917,148.0
93177,260.0
93193,16.0
93482,289.0
93636,154.0
93783,147.0
93938,155.0
94120,182.0
94462,342.0
94962,500.0
95462,500.0
95962,500.0
96462,500.0
96474,12.0
96483,9.0
96495,12.0
96505,10.0
96515,10.0
96524,9.0
96533,9.0
96543,10.0
96553,10.0
96563,10.0
96572,9.0
96582,10.0
96595,13.0
96607,12.0
96617,10.0
96842,225.0
97148,306.0
97381,233.0
97881,500.0
97898,17.0
97910,12.0
97920,10.0
97932,12.0
97941,9.0
97950,9.0
97959,9.0
97968,9.0
97979,11.0
97988,9.0
98000,12.0
98010,10.0
98019,9.0
98028,9.0
98039,11.0
98049,10.0
98059,10.0
98068,9.0
98078,10.0
98089,11.0
98100,11.0
98110,10.0
98122,12.0
98132,10.0
98144,12.0
98156,12.0
98167,11.0
98181,14.0
98191,10.0
98204,13.0
98219,15.0
98234,15.0
98373,139.0
98506,133.0
98645,139.0
98790,145.0
98932,142.0
99087,155.0
99233,146.0
99385,152.0
99579,194.0
99766,187.0
100001,235.0
100161,160.0
100295,134.0
100433,138.0
100567,134.0
100705,138.0
100843,138.0
101001,158.0
101197,196.0
101697,500.0
101809,112.0
101946,137.0
102072,126.0
102572,500.0
103072,500.0
103572,500.0
103667,95.0
103678,11.0
103811,133.0
104311,500.0
104440,129.0
104452,12.0
104662,210.0
105115,453.0
105292,177.0
105384,92.0
105471,87.0
105558,87.0
105648,90.0
105741,93.0
105872,131.0
105965,93.0
106132,167.0
106230,98.0
106320,90.0
106424,104.0
106523,99.0
106763,240.0
106983,220.0
107197,214.0
107329,132.0
107411,82.0
107496,85.0
107579,83.0
107659,80.0
107731,72.0
107823,92.0
107910,87.0
108269,359.0
108464,195.0
108698,234.0
108895,197.0
109028,133.0
109276,248.0
109470,194.0
109629,159.0
109847,218.0
110042,195.0
110147,105.0
110233,86.0
110313,80.0
110401,88.0
110485,84.0
110563,78.0
110640,77.0
110719,79.0
110807,88.0
110896,89.0
110977,81.0
111069,92.0
111244,175.0
111392,148.0
111562,170.0
111827,265.0
112139,312.0
112337,198.0
112478,141.0
112640,162.0
112775,135.0
112785,10.0
112795,10.0
112804,9.0
112813,9.0
112823,10.0
112833,10.0
112841,8.0
112850,9.0
112858,8.0
112866,8.0
112875,9.0
112886,11.0
112896,10.0
112905,9.0
112916,11.0
112924,8.0
112934,10.0
112942,8.0
112953,11.0
112963,10.0
112973,10.0
112982,9.0
112991,9.0
113001,10.0
113011,10.0
113137,126.0
113273,136.0
113409,136.0
113597,188.0
113757,160.0
113897,140.0
114047,150.0
114297,250.0
114498,201.0
114714,216.0
114860,146.0
114930,70.0
115001,71.0
115068,67.0
115132,64.0
115202,70.0
115246,44.0
115310,64.0
115366,56.0
115434,68.0
115483,49.0
115538,55.0
115606,68.0
115663,57.0
115725,62.0
115779,54.0
115830,51.0
115881,51.0
115946,65.0
116004,58.0
116015,11.0
116095,80.0
116184,89.0
116269,85.0
116379,110.0
116483,104.0
116607,124.0
116711,104.0
117189,478.0
117260,71.0
117348,88.0
117421,73.0
117498,77.0
117565,67.0
117577,12.0
117631,54.0
117688,57.0
117781,93.0
117857,76.0
117928,71.0
118005,77.0
118067,62.0
118122,55.0
118180,58.0
118247,67.0
118299,52.0
118359,60.0
118421,62.0
118486,65.0
118556,70.0
118612,56.0
118678,66.0
118743,65.0
118803,60.0
118873,70.0
118937,64.0
119011,74.0
119100,89.0
119241,141.0
119741,500.0
120031,290.0
120172,141.0
120672,500.0
121172,500.0
121287,115.0
121419,132.0
121497,78.0
121578,81.0
121689,111.0
121804,115.0
121930,126.0
122071,141.0
122148,77.0
122227,79.0
122301,74.0
122400,99.0
122512,112.0
122802,290.0
122811,9.0
122819,8.0
122828,9.0
122837,9.0
122846,9.0
122855,9.0
122867,12.0
122876,9.0
122887,11.0
122897,10.0
122905,8.0
122916,11.0
122927,11.0
122938,11.0
123049,111.0
123242,193.0
123473,231.0
123973,500.0
124047,74.0
124059,12.0
124068,9.0
124078,10.0
124088,10.0
124097,9.0
124106,9.0
124121,15.0
124131,10.0
124141,10.0
124152,11.0
124161,9.0
124170,9.0
124178,8.0
124186,8.0
124195,9.0
124205,10.0
124216,11.0
124225,9.0
124235,10.0
124243,8.0
124253,10.0
124262,9.0
124274,12.0
124284,10.0
124292,8.0
124302,10.0
124311,9.0
124321,10.0
124331,10.0
124340,9.0
124349,9.0
124358,9.0
124368,10.0
124378,10.0
124387,9.0
124397,10.0
124406,9.0
124415,9.0
124424,9.0
124434,10.0
124444,10.0
124452,8.0
124462,10.0
124471,9.0
124480,9.0
124490,10.0
124500,10.0
124508,8.0
124516,8.0
124526,10.0
124536,10.0
124546,10.0
124557,11.0
124565,8.0
124574,9.0
124583,9.0
124592,9.0
124602,10.0
124611,9.0
124621,10.0
124630,9.0
124641,11.0
124650,9.0
124660,10.0
124669,9.0
124679,10.0
124689,10.0
124697,8.0
124708,11.0
124717,9.0
124727,10.0
124737,10.0
124746,9.0
124756,10.0
124766,10.0
124774,8.0
124784,10.0
124792,8.0
124802,10.0
124810,8.0
124819,9.0
124828,9.0
124837,9.0
124847,10.0
124857,10.0
124867,10.0
124877,10.0
124888,11.0
124898,10.0
124908,10.0
124920,12.0
124930,10.0
124938,8.0
124947,9.0
124957,10.0
124966,9.0
124976,10.0
124987,11.0
124997,10.0
125007,10.0
125017,10.0
125027,10.0
125037,10.0
125045,8.0
125055,10.0
125064,9.0
125074,10.0
125084,10.0
125094,10.0
125103,9.0
125112,9.0
125121,9.0
125130,9.0
125140,10.0
125149,9.0
125159,10.0
125169,10.0
125182,13.0
125194,12.0
125204,10.0
125214,10.0
125224,10.0
125234,10.0
125243,9.0
125253,10.0
125264,11.0
125274,10.0
125283,9.0
125292,9.0
125301,9.0
125311,10.0
125322,11.0
125332,10.0
125343,11.0
125409,66.0
125531,122.0
126031,500.0
126531,500.0
127031,500.0
127162,131.0
127277,115.0
127444,167.0
127944,500.0
128096,152.0
128216,120.0
128328,112.0
128441,113.0
128547,106.0
128658,111.0
128892,234.0
128906,14.0
129031,125.0
129142,111.0
129151,9.0
129160,9.0
129168,8.0
129177,9.0
129186,9.0
129195,9.0
129203,8.0
129211,8.0
129221,10.0
129232,11.0
129241,9.0
129251,10.0
129261,10.0
129272,11.0
129282,10.0
129293,11.0
129303,10.0
129312,9.0
129320,8.0
129330,10.0
129339,9.0
129348,9.0
129358,10.0
129367,9.0
129376,9.0
129385,9.0
129395,10.0
129405,10.0
129415,10.0
129424,9.0
129433,9.0
129443,10.0
129452,9.0
129462,10.0
129471,9.0
129482,11.0
129492,10.0
129502,10.0
129511,9.0
129521,10.0
129531,10.0
129543,12.0
129556,13.0
129566,10.0
129576,10.0
129586,10.0
129594,8.0
129605,11.0
129615,10.0
129625,10.0
129634,9.0
129644,10.0
129652,8.0
129660,8.0
129669,9.0
129678,9.0
129688,10.0
129698,10.0
129709,11.0
129719,10.0
129728,9.0
129737,9.0
129746,9.0
129755,9.0
129764,9.0
129773,9.0
129781,8.0
129792,11.0
129802,10.0
129812,10.0
129823,11.0
129833,10.0
129842,9.0
129854,12.0
129864,10.0
129874,10.0
129884,10.0
129897,13.0
129906,9.0
129915,9.0
129924,9.0
129935,11.0
129945,10.0
129955,10.0
129965,10.0
129974,9.0
129984,10.0
129993,9.0
130003,10.0
130108,105.0
130216,108.0
130323,107.0
130426,103.0
130534,108.0
130632,98.0
130735,103.0
130841,106.0
130948,107.0
131046,98.0
131156,110.0
131268,112.0
131382,114.0
131498,116.0
131609,111.0
131624,15.0
131740,116.0
131859,119.0
131981,122.0
132273,292.0
132405,132.0
132516,111.0
132626,110.0
132712,86.0
132806,94.0
132893,87.0
132973,80.0
133005,32.0
133048,43.0
133082,34.0
133128,46.0
133156,28.0
133193,37.0
133232,39.0
133273,41.0
133305,32.0
133347,42.0
133379,32.0
133411,32.0
133444,33.0
133471,27.0
133507,36.0
133535,28.0
133565,30.0
133593,28.0
133631,38.0
133664,33.0
133704,40.0
133751,47.0
133794,43.0
133824,30.0
133861,37.0
133903,42.0
133942,39.0
133974,32.0
134016,42.0
134054,38.0
134087,33.0
134122,35.0
134155,33.0
134194,39.0
134229,35.0
134270,41.0
134305,35.0
134341,36.0
134381,40.0
134430,49.0
134471,41.0
134529,58.0
134576,47.0
134630,54.0
134675,45.0
134722,47.0
134790,68.0
134845,55.0
134897,52.0
134956,59.0
135011,55.0
135074,63.0
135147,73.0
135391,244.0
135494,103.0
135705,211.0
135848,143.0
135999,151.0
136185,186.0
136349,164.0
136520,171.0
136719,199.0
136932,213.0
137140,208.0
137382,242.0
137648,266.0
137901,253.0
138212,311.0
138556,344.0
138618,62.0
138964,346.0
139093,129.0
139103,10.0
139115,12.0
139124,9.0
139135,11.0
139144,9.0
139153,9.0
139162,9.0
139172,10.0
139184,12.0
139193,9.0
139203,10.0
139212,9.0
139222,10.0
139233,11.0
139243,10.0
139252,9.0
139263,11.0
139273,10.0
139283,10.0
139292,9.0
139301,9.0
139311,10.0
139320,9.0
139328,8.0
139340,12.0
139348,8.0
139357,9.0
139366,9.0
139374,8.0
139384,10.0
139393,9.0
139403,10.0
139412,9.0
139421,9.0
139431,10.0
139439,8.0
139449,10.0
139459,10.0
139469,10.0
139479,10.0
139488,9.0
139497,9.0
139506,9.0
139515,9.0
139524,9.0
139532,8.0
139542,10.0
139552,10.0
139562,10.0
139571,9.0
139580,9.0
139590,10.0
139599,9.0
139607,8.0
139616,9.0
139626,10.0
139634,8.0
139644,10.0
139654,10.0
139663,9.0
139671,8.0
139681,10.0
139690,9.0
139700,10.0
139709,9.0
139718,9.0
139727,9.0
139737,10.0
139746,9.0
139756,10.0
139766,10.0
139775,9.0
139784,9.0
139794,10.0
139803,9.0
139813,10.0
139822,9.0
139831,9.0
139841,10.0
139850,9.0
139860,10.0
139870,10.0
139881,11.0
139891,10.0
139901,10.0
139910,9.0
139919,9.0
139927,8.0
139942,15.0
139952,10.0
139960,8.0
139970,10.0
139980,10.0
139990,10.0
139999,9.0
140007,8.0
140017,10.0
140026,9.0
140036,10.0
140046,10.0
140055,9.0
140065,10.0
140075,10.0
140085,10.0
140094,9.0
140104,10.0
140115,11.0
140125,10.0
140135,10.0
140145,10.0
140157,12.0
140168,11.0
140180,12.0
140193,13.0
140253,60.0
140391,138.0
140474,83.0
140548,74.0
140622,74.0
140693,71.0
140767,74.0
140846,79.0
140914,68.0
140983,69.0
141050,67.0
141121,71.0
141188,67.0
141241,53.0
141315,74.0
141392,77.0
141456,64.0
141529,73.0
141587,58.0
141665,78.0
141732,67.0
141799,67.0
141861,62.0
141960,99.0
142032,72.0
142091,59.0
142153,62.0
142222,69.0
142314,92.0
142410,96.0
142508,98.0
142602,94.0
142717,115.0
142845,128.0
142944,99.0
143027,83.0
143104,77.0
143195,91.0
143287,92.0
143361,74.0
143432,71.0
143499,67.0
143566,67.0
143628,62.0
143699,71.0
143775,76.0
143837,62.0
143905,68.0
143922,17.0
143981,59.0
144140,159.0
144203,63.0
144269,66.0
144328,59.0
144384,56.0
144396,12.0
144407,11.0
144417,10.0
144429,12.0
144439,10.0
144451,12.0
144460,9.0
144470,10.0
144479,9.0
144489,10.0
144499,10.0
144508,9.0
144519,11.0
144528,9.0
144539,11.0
144551,12.0
144603,52.0
144675,72.0
144736,61.0
144796,60.0
144852,56.0
144912,60.0
144966,54.0
145021,55.0
145074,53.0
145129,55.0
145190,61.0
145255,65.0
145313,58.0
145324,11.0
145382,58.0
145442,60.0
145502,60.0
145570,68.0
145630,60.0
145688,58.0
145751,63.0
145816,65.0
145870,54.0
145932,62.0
145984,52.0
146043,59.0
146095,52.0
146145,50.0
146199,54.0
146251,52.0
146264,13.0
146278,14.0
146288,10.0
146299,11.0
146309,10.0
146320,11.0
146332,12.0
146343,11.0
146353,10.0
146364,11.0
146374,10.0
146384,10.0
146396,12.0
146406,10.0
146419,13.0
146431,12.0
146443,12.0
146457,14.0
146474,17.0
146530,56.0
146608,78.0
146672,64.0
146740,68.0
146799,59.0
146829,30.0
146885,56.0
146953,68.0
147016,63.0
147084,68.0
147147,63.0
147209,62.0
147267,58.0
147328,61.0
147384,56.0
147401,17.0
147479,78.0
147577,98.0
147685,108.0
147789,104.0
147925,136.0
148017,92.0
148139,122.0
148587,448.0
148878,291.0
149251,373.0
149558,307.0
149875,317.0
150191,316.0
150467,276.0
150706,239.0
150951,245.0
151192,241.0
151431,239.0
151658,227.0
151851,193.0
152059,208.0
152246,187.0
152412,166.0
152573,161.0
152741,168.0
152905,164.0
153075,170.0
153238,163.0
153423,185.0
153623,200.0
153852,229.0
154039,187.0
154142,103.0
154230,88.0
154239,9.0
154248,9.0
154257,9.0
154267,10.0
154277,10.0
154287,10.0
154296,9.0
154305,9.0
154315,10.0
154325,10.0
154335,10.0
154347,12.0
154357,10.0
154369,12.0
154378,9.0
154387,9.0
154399,12.0
154409,10.0
154419,10.0
154430,11.0
154440,10.0
154449,9.0
154458,9.0
154468,10.0
154478,10.0
154487,9.0
154499,12.0
154509,10.0
154518,9.0
154528,10.0
154539,11.0
154616,77.0
154705,89.0
154795,90.0
154875,80.0
154960,85.0
155055,95.0
155138,83.0
155225,87.0
155322,97.0
155337,15.0
155423,86.0
155542,119.0
155655,113.0
155774,119.0
155929,155.0
156089,160.0
156228,139.0
156329,101.0
156340,11.0
156437,97.0
156572,135.0
156750,178.0
156864,114.0
157007,143.0
157137,130.0
157229,92.0
157320,91.0
157427,107.0
157438,11.0
157450,12.0
157461,11.0
157490,29.0
157517,27.0
157527,10.0
157539,12.0
157549,10.0
157643,94.0
157654,11.0
157723,69.0
157793,70.0
157880,87.0
158001,121.0
158011,10.0
158164,153.0
158327,163.0
158474,147.0
158653,179.0
158760,107.0
158952,192.0
159147,195.0
159376,229.0
159584,208.0
159866,282.0
160086,220.0
160364,278.0
160763,399.0
160773,10.0
161040,267.0
161241,201.0
161418,177.0
161606,188.0
161785,179.0
161985,200.0
162131,146.0
162269,138.0
162413,144.0
162558,145.0
162693,135.0
162824,131.0
162955,131.0
163092,137.0
163204,112.0
163321,117.0
163441,120.0
163569,128.0
163688,119.0
163810,122.0
163936,126.0
164054,118.0
164065,11.0
164077,12.0
164086,9.0
164096,10.0
164106,10.0
164116,10.0
164126,10.0
164135,9.0
164145,10.0
164154,9.0
164165,11.0
164174,9.0
164185,11.0
164195,10.0
164204,9.0
164215,11.0
164224,9.0
164234,10.0
164243,9.0
164254,11.0
164264,10.0
164272,8.0
164283,11.0
164293,10.0
164303,10.0
164313,10.0
164322,9.0
164333,11.0
164343,10.0
164353,10.0
164366,13.0
164473,107.0
164589,116.0
164699,110.0
164820,121.0
164948,128.0
165075,127.0
165181,106.0
165297,116.0
165402,105.0
165510,108.0
165617,107.0
165718,101.0
165819,101.0
165923,104.0
166028,105.0
166127,99.0
166246,119.0
166374,128.0
166502,128.0
166628,126.0
166758,130.0
166902,144.0
167037,135.0
167046,9.0
167176,130.0
167310,134.0
167449,139.0
167576,127.0
167711,135.0
167848,137.0
167974,126.0
168105,131.0
168244,139.0
168394,150.0
168407,13.0
168544,137.0
168697,153.0
168849,152.0
168984,135.0
169125,141.0
169289,164.0
169457,168.0
169609,152.0
169755,146.0
169924,169.0
170077,153.0
170254,177.0
170463,209.0
170671,208.0
170821,150.0
171000,179.0
171174,174.0
171324,150.0
171542,218.0
171708,166.0
171854,146.0
172027,173.0
172180,153.0
172316,136.0
172484,168.0
172647,163.0
172774,127.0
172942,168.0
173105,163.0
173292,187.0
173792,500.0
173984,192.0
173997,13.0
174007,10.0
174016,9.0
174026,10.0
174036,10.0
174045,9.0
174054,9.0
174066,12.0
174077,11.0
174092,15.0
174101,9.0
174601,500.0
175101,500.0
175293,192.0
175440,147.0
175536,96.0
175547,11.0
175556,9.0
175567,11.0
175576,9.0
175585,9.0
175593,8.0
175604,11.0
175612,8.0
175620,8.0
175630,10.0
175639,9.0
175648,9.0
175658,10.0
175669,11.0
175679,10.0
175688,9.0
175697,9.0
175705,8.0
175714,9.0
175725,11.0
175737,12.0
175746,9.0
175759,13.0
175769,10.0
175777,8.0
175788,11.0
175798,10.0
175807,9.0
175819,12.0
175827,8.0
175836,9.0
175845,9.0
175853,8.0
175864,11.0
175874,10.0
175885,11.0
175895,10.0
175905,10.0
175916,11.0
175924,8.0
175934,10.0
175944,10.0
175953,9.0
175963,10.0
175975,12.0
175984,9.0
175993,9.0
176003,10.0
176013,10.0
176024,11.0
176035,11.0
176045,10.0
176054,9.0
176065,11.0
176076,11.0
176086,10.0
176097,11.0
176107,10.0
176117,10.0
176128,11.0
176137,9.0
176151,14.0
176163,12.0
176210,47.0
176257,47.0
176290,33.0
176317,27.0
176341,24.0
176383,42.0
176397,14.0
176427,30.0
176458,31.0
176510,52.0
176569,59.0
176623,54.0
176729,106.0
176804,75.0
176859,55.0
177028,169.0
177056,28.0
177418,362.0
177430,12.0
177764,334.0
178010,246.0
178213,203.0
178409,196.0
178636,227.0
178862,226.0
179054,192.0
179258,204.0
179475,217.0
179679,204.0
179897,218.0
180092,195.0
180283,191.0
180484,201.0
180670,186.0
180843,173.0
181031,188.0
181211,180.0
181405,194.0
181590,185.0
181780,190.0
181967,187.0
182190,223.0
182429,239.0
182667,238.0
182903,236.0
183126,223.0
183401,275.0
183661,260.0
183914,253.0
184107,193.0
184246,139.0
184549,303.0
184741,192.0
184891,150.0
185033,142.0
185167,134.0
185338,171.0
185506,168.0
185671,165.0
185857,186.0
186036,179.0
186268,232.0
186608,340.0
186852,244.0
187092,240.0
187298,206.0
187472,174.0
187794,322.0
188003,209.0
188252,249.0
188752,500.0
189026,274.0
189526,500.0
189660,134.0
189963,303.0
190463,500.0
190669,206.0
190818,149.0
190828,10.0
190839,11.0
190848,9.0
190856,8.0
190867,11.0
190878,11.0
190887,9.0
190896,9.0
190907,11.0
190916,9.0
190927,11.0
190941,14.0
190953,12.0
190965,12.0
190977,12.0
190988,11.0
191151,163.0
191342,191.0
191480,138.0
191646,166.0
191830,184.0
191842,12.0
192011,169.0
192230,219.0
192461,231.0
192650,189.0
192841,191.0
193049,208.0
193223,174.0
193390,167.0
193564,174.0
193736,172.0
193893,157.0
194055,162.0
194206,151.0
194344,138.0
194486,142.0
194624,138.0
194767,143.0
194916,149.0
195053,137.0
195177,124.0
195193,16.0
195206,13.0
195215,9.0
195226,11.0
195235,9.0
195244,9.0
195255,11.0
195266,11.0
195275,9.0
195287,12.0
195296,9.0
195306,10.0
195314,8.0
195325,11.0
195334,9.0
195344,10.0
195354,10.0
195364,10.0
195374,10.0
195383,9.0
195392,9.0
195401,9.0
195411,10.0
195423,12.0
195432,9.0
195442,10.0
195452,10.0
195461,9.0
195471,10.0
195481,10.0
195489,8.0
195498,9.0
195508,10.0
195517,9.0
195527,10.0
195536,9.0
195545,9.0
195554,9.0
195564,10.0
195574,10.0
195584,10.0
195593,9.0
195605,12.0
195613,8.0
195622,9.0
195631,9.0
195641,10.0
195651,10.0
195660,9.0
195670,10.0
195681,11.0
195690,9.0
195699,9.0
195708,9.0
195719,11.0
195728,9.0
195738,10.0
195749,11.0
195757,8.0
195768,11.0
195777,9.0
195787,10.0
195797,10.0
195806,9.0
195815,9.0
195825,10.0
195833,8.0
195842,9.0
195852,10.0
195862,10.0
195872,10.0
195883,11.0
195893,10.0
195903,10.0
195913,10.0
195923,10.0
195932,9.0
195941,9.0
195951,10.0
195959,8.0
195969,10.0
195977,8.0
195987,10.0
195995,8.0
196005,10.0
196015,10.0
196028,13.0
196038,10.0
196048,10.0
196059,11.0
196069,10.0
196079,10.0
196089,10.0
196099,10.0
196110,11.0
196120,10.0
196128,8.0
196138,10.0
196147,9.0
196156,9.0
196166,10.0
196175,9.0
196186,11.0
196194,8.0
196203,9.0
196213,10.0
196223,10.0
196234,11.0
196244,10.0
196253,9.0
196264,11.0
196275,11.0
196288,13.0
196438,150.0
196615,177.0
196783,168.0
196961,178.0
197116,155.0
197266,150.0
197422,156.0
197567,145.0
197722,155.0
197870,148.0
198021,151.0
198161,140.0
198295,134.0
198441,146.0
198585,144.0
198734,149.0
198878,144.0
199017,139.0
199146,129.0
199280,134.0
199416,136.0
199550,134.0
199689,139.0
199835,146.0
199971,136.0
200104,133.0
200230,126.0
200355,125.0
200474,119.0
200599,125.0
200722,123.0
200838,116.0
200967,129.0
201101,134.0
201295,194.0
201490,195.0
201701,211.0
201933,232.0
202244,311.0
202706,462.0
203206,500.0
203706,500.0
203731,25.0
203741,10.0
203750,9.0
203761,11.0
203771,10.0
203781,10.0
203792,11.0
203803,11.0
203815,12.0
203826,11.0
203836,10.0
203847,11.0
203858,11.0
203868,10.0
203878,10.0
203887,9.0
203900,13.0
203911,11.0
203923,12.0
204149,226.0
204345,196.0
204520,175.0
204690,170.0
204900,210.0
205125,225.0
205367,242.0
205661,294.0
205886,225.0
206076,190.0
206270,194.0
206446,176.0
206616,170.0
206806,190.0
206986,180.0
207152,166.0
207284,132.0
207428,144.0
207576,148.0
207723,147.0
207871,148.0
208032,161.0
208257,225.0
208464,207.0
208652,188.0
208848,196.0
209041,193.0
209180,139.0
209304,124.0
209434,130.0
209565,131.0
209701,136.0
209835,134.0
209968,133.0
210093,125.0
210207,114.0
210218,11.0
210229,11.0
210237,8.0
210249,12.0
210258,9.0
210267,9.0
210276,9.0
210285,9.0
210294,9.0
210304,10.0
210313,9.0
210323,10.0
210333,10.0
210344,11.0
210355,11.0
210364,9.0
210374,10.0
210384,10.0
210393,9.0
210403,10.0
210414,11.0
210428,14.0
210439,11.0
210451,12.0
210461,10.0
210473,12.0
210485,12.0
210599,114.0
210725,126.0
210849,124.0
210972,123.0
211086,114.0
211196,110.0
211300,104.0
211408,108.0
211520,112.0
211628,108.0
211733,105.0
211835,102.0
211935,100.0
212042,107.0
212158,116.0
212294,136.0
212415,121.0
212538,123.0
212666,128.0
212803,137.0
212814,11.0
212828,14.0
212838,10.0
212849,11.0
212863,14.0
212981,118.0
213146,165.0
213382,236.0
213882,500.0
214110,228.0
214264,154.0
214274,10.0
214284,10.0
214293,9.0
214303,10.0
214313,10.0
214321,8.0
214330,9.0
214340,10.0
214349,9.0
214358,9.0
214369,11.0
214379,10.0
214388,9.0
214398,10.0
214410,12.0
214419,9.0
214429,10.0
214439,10.0
214448,9.0
214462,14.0
214471,9.0
214480,9.0
214489,9.0
214497,8.0
214506,9.0
214515,9.0
214525,10.0
214533,8.0
214543,10.0
214553,10.0
214562,9.0
214571,9.0
214580,9.0
214589,9.0
214597,8.0
214606,9.0
214616,10.0
214625,9.0
214634,9.0
214643,9.0
214653,10.0
214662,9.0
214672,10.0
214682,10.0
214692,10.0
214702,10.0
214713,11.0
214723,10.0
214733,10.0
214743,10.0
214752,9.0
214763,11.0
214774,11.0
214783,9.0
214791,8.0
214800,9.0
214808,8.0
214817,9.0
214827,10.0
214836,9.0
214845,9.0
214854,9.0
214865,11.0
214875,10.0
214883,8.0
214891,8.0
214899,8.0
214912,13.0
214922,10.0
214932,10.0
214942,10.0
214951,9.0
214962,11.0
214973,11.0
214981,8.0
214991,10.0
215001,10.0
215011,10.0
215021,10.0
215030,9.0
215040,10.0
215050,10.0
215058,8.0
215066,8.0
215076,10.0
215085,9.0
215094,9.0
215103,9.0
215113,10.0
215121,8.0
215130,9.0
215139,9.0
215149,10.0
215159,10.0
215168,9.0
215179,11.0
215189,10.0
215200,11.0
215212,12.0
215220,8.0
215229,9.0
215239,10.0
215248,9.0
215258,10.0
215268,10.0
215278,10.0
215288,10.0
215299,11.0
215308,9.0
215317,9.0
215327,10.0
215339,12.0
215350,11.0
215360,10.0
215370,10.0
215380,10.0
215391,11.0
215401,10.0
215412,11.0
215424,12.0
215435,11.0
215448,13.0
215597,149.0
215755,158.0
215924,169.0
216086,162.0
216226,140.0
216379,153.0
216519,140.0
216658,139.0
216784,126.0
216933,149.0
217084,151.0
217217,133.0
217365,148.0
217498,133.0
217631,133.0
217773,142.0
217925,152.0
218073,148.0
218201,128.0
218330,129.0
218462,132.0
218586,124.0
218600,14.0
218726,126.0
218850,124.0
218965,115.0
219083,118.0
219206,123.0
219328,122.0
219455,127.0
219573,118.0
219701,128.0
219835,134.0
219966,131.0
220099,133.0
220224,125.0
220349,125.0
220469,120.0
220584,115.0
220703,119.0
220819,116.0
220938,119.0
221059,121.0
221178,119.0
221296,118.0
221414,118.0
221528,114.0
221651,123.0
221762,111.0
221874,112.0
222012,138.0
222151,139.0
222275,124.0
222384,109.0
222508,124.0
222631,123.0
222743,112.0
222857,114.0
222979,122.0
223087,108.0
223195,108.0
223304,109.0
223415,111.0
223515,100.0
223618,103.0
223723,105.0
223830,107.0
223930,100.0
224029,99.0
224047,18.0
224061,14.0
224070,9.0
224081,11.0
224094,13.0
224103,9.0
224113,10.0
224122,9.0
224133,11.0
224144,11.0
224156,12.0
224169,13.0
224184,15.0
224198,14.0
224209,11.0
224225,16.0
224324,99.0
224426,102.0
224530,104.0
224633,103.0
224732,99.0
224836,104.0
224936,100.0
225039,103.0
225051,12.0
225071,20.0
225169,98.0
225269,100.0
225376,107.0
225476,100.0
225580,104.0
225679,99.0
225786,107.0
225888,102.0
225987,99.0
226003,16.0
226016,13.0
226027,11.0
226038,11.0
226046,8.0
226057,11.0
226067,10.0
226076,9.0
226086,10.0
226095,9.0
226104,9.0
226113,9.0
226122,9.0
226133,11.0
226144,11.0
226154,10.0
226165,11.0
226179,14.0
226189,10.0
226203,14.0
226299,96.0
226310,11.0
226419,109.0
226531,112.0
226649,118.0
226761,112.0
226873,112.0
226983,110.0
227092,109.0
227200,108.0
227301,101.0
227408,107.0
227516,108.0
227619,103.0
227726,107.0
227827,101.0
227938,111.0
228043,105.0
228147,104.0
228253,106.0
228364,111.0
228469,105.0
228574,105.0
228692,118.0
228802,110.0
228903,101.0
229008,105.0
229122,114.0
229230,108.0
229348,118.0
229459,111.0
229568,109.0
229676,108.0
229788,112.0
229901,113.0
230009,108.0
230121,112.0
230227,106.0
230333,106.0
230436,103.0
230542,106.0
230652,110.0
230756,104.0
230869,113.0
230971,102.0
231076,105.0
231202,126.0
231362,160.0
231536,174.0
231701,165.0
231874,173.0
232055,181.0
232268,213.0
232536,268.0
233036,500.0
233294,258.0
233548,254.0
233740,192.0
233896,156.0
234059,163.0
234173,114.0
234278,105.0
234377,99.0
234494,117.0
234610,116.0
234720,110.0
234825,105.0
234934,109.0
235035,101.0
235048,13.0
235058,10.0
235066,8.0
235075,9.0
235084,9.0
235096,12.0
235105,9.0
235115,10.0
235124,9.0
235133,9.0
235142,9.0
235151,9.0
235160,9.0
235169,9.0
235178,9.0
235186,8.0
235195,9.0
235205,10.0
235215,10.0
235224,9.0
235233,9.0
235244,11.0
235253,9.0
235262,9.0
235271,9.0
235281,10.0
235290,9.0
235300,10.0
235310,10.0
235320,10.0
235330,10.0
235339,9.0
235349,10.0
235359,10.0
235367,8.0
235376,9.0
235386,10.0
235396,10.0
235405,9.0
235415,10.0
235425,10.0
235435,10.0
235443,8.0
235453,10.0
235463,10.0
235473,10.0
235481,8.0
235490,9.0
235499,9.0
235510,11.0
235519,9.0
235528,9.0
235539,11.0
235549,10.0
235557,8.0
235566,9.0
235576,10.0
235586,10.0
235596,10.0
235605,9.0
235616,11.0
235624,8.0
235634,10.0
235642,8.0
235652,10.0
235664,12.0
235674,10.0
235683,9.0
235692,9.0
235703,11.0
235713,10.0
235725,12.0
235734,9.0
235744,10.0
235754,10.0
235764,10.0
235773,9.0
235782,9.0
235791,9.0
235800,9.0
235808,8.0
235818,10.0
235827,9.0
235836,9.0
235846,10.0
235855,9.0
235865,10.0
235874,9.0
235884,10.0
235892,8.0
235901,9.0
235912,11.0
235924,12.0
235933,9.0
235943,10.0
235953,10.0
235962,9.0
235972,10.0
235981,9.0
235990,9.0
235998,8.0
236007,9.0
236017,10.0
236027,10.0
236035,8.0
236044,9.0
236053,9.0
236063,10.0
236073,10.0
236082,9.0
236094,12.0
236103,9.0
236113,10.0
236123,10.0
236132,9.0
236142,10.0
236151,9.0
236160,9.0
236170,10.0
236180,10.0
236189,9.0
236201,12.0
236210,9.0
236220,10.0
236229,9.0
236239,10.0
236248,9.0
236258,10.0
236267,9.0
236276,9.0
236285,9.0
236295,10.0
236304,9.0
236314,10.0
236325,11.0
236335,10.0
236347,12.0
236448,101.0
236460,12.0
236472,12.0
236484,12.0
236497,13.0
236508,11.0
236519,11.0
236532,13.0
236543,11.0
236558,15.0
236666,108.0
236778,112.0
236897,119.0
237014,117.0
237143,129.0
237269,126.0
237385,116.0
237516,131.0
237528,12.0
237654,126.0
237780,126.0
237914,134.0
238047,133.0
238172,125.0
238295,123.0
238421,126.0
238560,139.0
238685,125.0
238818,133.0
238944,126.0
239084,140.0
239243,159.0
239403,160.0
239557,154.0
239741,184.0
239923,182.0
240144,221.0
240644,500.0
240664,20.0
240993,329.0
241493,500.0
241993,500.0
242428,435.0
242734,306.0
243234,500.0
243373,139.0
243689,316.0
243964,275.0
244403,439.0
244820,417.0
245237,417.0
245374,137.0
245500,126.0
245517,17.0
245528,11.0
245538,10.0
245548,10.0
245557,9.0
245568,11.0
245580,12.0
245591,11.0
245602,11.0
245611,9.0
245624,13.0
245635,11.0
245649,14.0
245778,129.0
246003,225.0
246187,184.0
246362,175.0
246530,168.0
246704,174.0
246874,170.0
247020,146.0
247056,36.0
247181,125.0
247192,11.0
247314,122.0
247446,132.0
247573,127.0
247705,132.0
247831,126.0
247960,129.0
247973,13.0
247987,14.0
247998,11.0
248010,12.0
248131,121.0
248246,115.0
248368,122.0
248484,116.0
248605,121.0
248725,120.0
248843,118.0
248963,120.0
249077,114.0
249205,128.0
249220,15.0
249341,121.0
249458,117.0
249588,130.0
249711,123.0
249833,122.0
249954,121.0
250085,131.0
250218,133.0
250346,128.0
250476,130.0
250596,120.0
250608,12.0
250746,138.0
250871,125.0
250996,125.0
251116,120.0
251252,136.0
251375,123.0
251492,117.0
251612,120.0
251730,118.0
251853,123.0
251968,115.0
252095,127.0
252253,158.0
252429,176.0
252714,285.0
252916,202.0
253108,192.0
253246,138.0
253375,129.0
253501,126.0
253648,147.0
253786,138.0
254286,500.0
254426,140.0
254613,187.0
255051,438.0
255414,363.0
255592,178.0
255767,175.0
255899,132.0
256053,154.0
256173,120.0
256345,172.0
256751,406.0
256938,187.0
257357,419.0
257857,500.0
258357,500.0
258505,148.0
258715,210.0
258892,177.0
259019,127.0
259153,134.0
259354,201.0
259710,356.0
260210,500.0
260710,500.0
261210,500.0
261222,12.0
261235,13.0
261244,9.0
261255,11.0
261265,10.0
261276,11.0
261285,9.0
261295,10.0
261306,11.0
261316,10.0
261325,9.0
261335,10.0
261347,12.0
261358,11.0
261368,10.0
261378,10.0
261389,11.0
261400,11.0
261412,12.0
261423,11.0
261435,12.0
261565,130.0
261681,116.0
261809,128.0
261948,139.0
262095,147.0
262595,500.0
263095,500.0
263595,500.0
264095,500.0
264308,213.0
264542,234.0
264854,312.0
265090,236.0
265590,500.0
265784,194.0
265973,189.0
266144,171.0
266320,176.0
266517,197.0
266666,149.0
266834,168.0
267030,196.0
267233,203.0
267385,152.0
267506,121.0
267621,115.0
267728,107.0
267817,89.0
267938,121.0
268054,116.0
268138,84.0
268209,71.0
268264,55.0
268318,54.0
268396,78.0
268896,500.0
269100,204.0
269191,91.0
269280,89.0
269369,89.0
269450,81.0
269529,79.0
269638,109.0
269761,123.0
269880,119.0
269983,103.0
270070,87.0
270130,60.0
270183,53.0
270218,35.0
270272,54.0
270338,66.0
270405,67.0
270442,37.0
270462,20.0
270475,13.0
270485,10.0
270496,11.0
270507,11.0
270517,10.0
270528,11.0
270539,11.0
270550,11.0
270561,11.0
270571,10.0
270581,10.0
270590,9.0
270601,11.0
270610,9.0
270622,12.0
270634,12.0
270646,12.0
270656,10.0
270667,11.0
270676,9.0
270687,11.0
270697,10.0
270707,10.0
270716,9.0
270726,10.0
270735,9.0
270745,10.0
270755,10.0
270765,10.0
270777,12.0
270788,11.0
270801,13.0
270811,10.0
270821,10.0
270830,9.0
270841,11.0
270853,12.0
270866,13.0
270876,10.0
270888,12.0
270897,9.0
270907,10.0
270917,10.0
270930,13.0
270942,12.0
270951,9.0
270960,9.0
270970,10.0
270980,10.0
270989,9.0
271000,11.0
271013,13.0
271025,12.0
271036,11.0
271047,11.0
271056,9.0
271067,11.0
271079,12.0
271087,8.0
271098,11.0
271108,10.0
271118,10.0
271128,10.0
271140,12.0
271152,12.0
271161,9.0
271170,9.0
271180,10.0
271190,10.0
271201,11.0
271210,9.0
271219,9.0
271230,11.0
271242,12.0
271252,10.0
271265,13.0
271277,12.0
271288,11.0
271299,11.0
271309,10.0
271320,11.0
271329,9.0
271342,13.0
271354,12.0
271366,12.0
271377,11.0
271389,12.0
271402,13.0
271413,11.0
271424,11.0
271439,15.0
271451,12.0
271463,12.0
271475,12.0
271485,10.0
271497,12.0
271508,11.0
271520,12.0
271532,12.0
271543,11.0
271554,11.0
271564,10.0
271577,13.0
271590,13.0
271603,13.0
271617,14.0
271630,13.0
271643,13.0
271655,12.0
271672,17.0
271685,13.0
271699,14.0
271713,14.0
271724,11.0
271736,12.0
271751,15.0
271765,14.0
271780,15.0
271793,13.0
271805,12.0
271817,12.0
271834,17.0
271848,14.0
271860,12.0
271873,13.0
271889,16.0
271901,12.0
271916,15.0
271928,12.0
271942,14.0
271956,14.0
271968,12.0
271979,11.0
271992,13.0
272003,11.0
272017,14.0
272029,12.0
272042,13.0
272053,11.0
272065,12.0
272077,12.0
272089,12.0
272101,12.0
272114,13.0
272126,12.0
272137,11.0
272149,12.0
272160,11.0
272171,11.0
272184,13.0
272198,14.0
272213,15.0
272226,13.0
272240,14.0
272253,13.0
272266,13.0
272277,11.0
272291,14.0
272306,15.0
272327,21.0
272357,30.0
272371,14.0
272403,32.0
272416,13.0
272453,37.0
272501,48.0
272549,48.0
272600,51.0
272652,52.0
272709,57.0
272764,55.0
272822,58.0
272877,55.0
272933,56.0
272992,59.0
273051,59.0
273122,71.0
273203,81.0
273293,90.0
273384,91.0
273487,103.0
273606,119.0
273735,129.0
273862,127.0
273998,136.0
274144,146.0
274303,159.0
274466,163.0
274634,168.0
274804,170.0
274965,161.0
275129,164.0
275335,206.0
275532,197.0
275727,195.0
275914,187.0
276120,206.0
276393,273.0
276610,217.0
276845,235.0
276856,11.0
276868,12.0
276878,10.0
276887,9.0
276896,9.0
276907,11.0
276917,10.0
276926,9.0
276935,9.0
276945,10.0
276955,10.0
276964,9.0
276972,8.0
276982,10.0
276993,11.0
277002,9.0
277011,9.0
277020,9.0
277031,11.0
277040,9.0
277049,9.0
277060,11.0
277070,10.0
277079,9.0
277088,9.0
277097,9.0
277108,11.0
277118,10.0
277130,12.0
277139,9.0
277148,9.0
277158,10.0
277169,11.0
277179,10.0
277190,11.0
277201,11.0
277210,9.0
277221,11.0
277231,10.0
277242,11.0
277253,11.0
277265,12.0
277368,103.0
277378,10.0
277391,13.0
277403,12.0
277498,95.0
277510,12.0
277607,97.0
277620,13.0
277732,112.0
277832,100.0
277936,104.0
278043,107.0
278058,15.0
278177,119.0
278302,125.0
278430,128.0
278561,131.0
278683,122.0
278803,120.0
278816,13.0
278935,119.0
279056,121.0
279172,116.0
279184,12.0
279198,14.0
279310,112.0
279425,115.0
279532,107.0
279646,114.0
279755,109.0
279859,104.0
279968,109.0
280071,103.0
280176,105.0
280303,127.0
280426,123.0
280547,121.0
280670,123.0
280790,120.0
280924,134.0
281073,149.0
281257,184.0
281432,175.0
281575,143.0
281713,138.0
281856,143.0
281988,132.0
282223,235.0
282394,171.0
282571,177.0
282771,200.0
282997,226.0
283175,178.0
283322,147.0
283459,137.0
283594,135.0
283756,162.0
283896,140.0
284041,145.0
284168,127.0
284295,127.0
284442,147.0
284646,204.0
284837,191.0
285021,184.0
285168,147.0
285287,119.0
285407,120.0
285518,111.0
285641,123.0
285759,118.0
285867,108.0
285986,119.0
286100,114.0
286204,104.0
286307,103.0
286435,128.0
286558,123.0
286656,98.0
286765,109.0
286889,124.0
286995,106.0
287006,11.0
287017,11.0
287029,12.0
287040,11.0
287049,9.0
287063,14.0
287072,9.0
287083,11.0
287098,15.0
287109,11.0
287207,98.0
287297,90.0
287386,89.0
287477,91.0
287490,13.0
287592,102.0
287697,105.0
287801,104.0
287813,12.0
287904,91.0
287993,89.0
288021,28.0
288115,94.0
288221,106.0
288330,109.0
288430,100.0
288441,11.0
288452,11.0
288463,11.0
288472,9.0
288482,10.0
288492,10.0
288504,12.0
288605,101.0
288616,11.0
288730,114.0
288839,109.0
288949,110.0
289054,105.0
289163,109.0
289272,109.0
289388,116.0
289497,109.0
289597,100.0
289704,107.0
289814,110.0
289917,103.0
290027,110.0
290133,106.0
290244,111.0
290351,107.0
290457,106.0
290566,109.0
290672,106.0
290783,111.0
290887,104.0
290898,11.0
291018,120.0
291138,120.0
291250,112.0
291366,116.0
291494,128.0
291602,108.0
291750,148.0
291885,135.0
292021,136.0
292189,168.0
292689,500.0
292702,13.0
292716,14.0
292730,14.0
292887,157.0
293387,500.0
293544,157.0
294044,500.0
294544,500.0
295044,500.0
295544,500.0
296044,500.0
296544,500.0
296675,131.0
296931,256.0
297179,248.0
297428,249.0
297688,260.0
297936,248.0
298162,226.0
298338,176.0
298518,180.0
298686,168.0
298865,179.0
299041,176.0
299182,141.0
299328,146.0
299477,149.0
299623,146.0
299758,135.0
299899,141.0
300051,152.0
300219,168.0
300362,143.0
300487,125.0
300606,119.0
300749,143.0
300896,147.0
301058,162.0
301213,155.0
301325,112.0
301336,11.0
301459,123.0
301619,160.0
301768,149.0
301921,153.0
302143,222.0
302281,138.0
302437,156.0
302576,139.0
302702,126.0
302843,141.0
302965,122.0
303087,122.0
303194,107.0
303207,13.0
303218,11.0
303228,10.0
303239,11.0
303250,11.0
303258,8.0
303266,8.0
303277,11.0
303287,10.0
303296,9.0
303306,10.0
303315,9.0
303325,10.0
303335,10.0
303345,10.0
303356,11.0
303367,11.0
303378,11.0
303389,11.0
303407,18.0
303420,13.0
303432,12.0
303445,13.0
303459,14.0
303471,12.0
303484,13.0
303584,100.0
303605,21.0
303709,104.0
303822,113.0
303929,107.0
304036,107.0
304151,115.0
304292,141.0
304692,400.0
304902,210.0
305068,166.0
305215,147.0
305360,145.0
305506,146.0
305642,136.0
305768,126.0
305868,100.0
306032,164.0
306110,78.0
306202,92.0
306451,249.0
306951,500.0
307451,500.0
307951,500.0
308451,500.0
308511,60.0
308589,78.0
308599,10.0
308611,12.0
308622,11.0
308633,11.0
308642,9.0
308653,11.0
308662,9.0
308675,13.0
308685,10.0
308696,11.0
308708,12.0
308717,9.0
308728,11.0
308737,9.0
308751,14.0
308762,11.0
308773,11.0
309273,500.0
309410,137.0
309423,13.0
309435,12.0
309447,12.0
309459,12.0
309470,11.0
309481,11.0
309492,11.0
309502,10.0
309513,11.0
309522,9.0
309531,9.0
309542,11.0
309554,12.0
309564,10.0
309574,10.0
309583,9.0
309594,11.0
309603,9.0
309613,10.0
309622,9.0
309633,11.0
309645,12.0
309657,12.0
309667,10.0
309678,11.0
309765,87.0
309775,10.0
310275,500.0
310775,500.0
311275,500.0
311775,500.0
312110,335.0
312159,49.0
312174,15.0
312186,12.0
312196,10.0
312206,10.0
312216,10.0
312226,10.0
312236,10.0
312246,10.0
312257,11.0
312286,29.0
312564,278.0
312628,64.0
312738,110.0
312815,77.0
312918,103.0
312999,81.0
313038,39.0
313100,62.0
313141,41.0
313251,110.0
313329,78.0
313440,111.0
313569,129.0
313687,118.0
313724,37.0
313826,102.0
313927,101.0
314105,178.0
314274,169.0
314444,170.0
314637,193.0
314961,324.0
315331,370.0
315514,183.0
315713,199.0
315907,194.0
316077,170.0
316216,139.0
316341,125.0
316472,131.0
316601,129.0
316726,125.0
316854,128.0
316968,114.0
317090,122.0
317215,125.0
317341,126.0
317515,174.0
317643,128.0
317761,118.0
317879,118.0
317994,115.0
318099,105.0
318206,107.0
318310,104.0
318416,106.0
318526,110.0
318636,110.0
318756,120.0
318866,110.0
318981,115.0
319089,108.0
319199,110.0
319296,97.0
319413,117.0
319519,106.0
319628,109.0
319748,120.0
319873,125.0
319988,115.0
320104,116.0
320208,104.0
320319,111.0
320430,111.0
320537,107.0
320664,127.0
320789,125.0
320924,135.0
321044,120.0
321219,175.0
321586,367.0
321719,133.0
321927,208.0
322035,108.0
322139,104.0
322246,107.0
322329,83.0
322425,96.0
322525,100.0
322622,97.0
322725,103.0
322830,105.0
322931,101.0
323031,100.0
323130,99.0
323201,71.0
323282,81.0
323386,104.0
323531,145.0
323649,118.0
323770,121.0
323876,106.0
323982,106.0
324081,99.0
324171,90.0
324187,16.0
324202,15.0
324212,10.0
324224,12.0
324233,9.0
324242,9.0
324252,10.0
324260,8.0
324271,11.0
324280,9.0
324289,9.0
324298,9.0
324307,9.0
324317,10.0
324327,10.0
324336,9.0
324347,11.0
324356,9.0
324365,9.0
324376,11.0
324384,8.0
324394,10.0
324407,13.0
324421,14.0
324435,14.0
324444,9.0
324457,13.0
324470,13.0
324482,12.0
324507,25.0
324598,91.0
324696,98.0
324789,93.0
324887,98.0
324980,93.0
325077,97.0
325178,101.0
325283,105.0
325389,106.0
325502,113.0
325613,111.0
325723,110.0
325828,105.0
325945,117.0
326056,111.0
326179,123.0
326289,110.0
326408,119.0
326514,106.0
326627,113.0
326730,103.0
326841,111.0
326949,108.0
327067,118.0
327190,123.0
327300,110.0
327415,115.0
327542,127.0
327655,113.0
327778,123.0
327898,120.0
328014,116.0
328123,109.0
328235,112.0
328337,102.0
328423,86.0
328513,90.0
328632,119.0
328735,103.0
328834,99.0
328938,104.0
329041,103.0
329127,86.0
329217,90.0
329228,11.0
329252,24.0
329351,99.0
329456,105.0
329562,106.0
329673,111.0
329773,100.0
329881,108.0
329997,116.0
330085,88.0
330179,94.0
330293,114.0
330386,93.0
330470,84.0
330563,93.0
330656,93.0
330737,81.0
330827,90.0
330911,84.0
331001,90.0
331106,105.0
331206,100.0
331306,100.0
331403,97.0
331491,88.0
331583,92.0
331692,109.0
331799,107.0
331902,103.0
332002,100.0
332095,93.0
332214,119.0
332335,121.0
332457,122.0
332551,94.0
332627,76.0
332764,137.0
332872,108.0
332989,117.0
333106,117.0
333230,124.0
333347,117.0
333457,110.0
333583,126.0
333705,122.0
333834,129.0
333929,95.0
334008,79.0
334089,81.0
334174,85.0
334259,85.0
334325,66.0
334404,79.0
334479,75.0
334554,75.0
334567,13.0
334647,80.0
334730,83.0
334808,78.0
334906,98.0
335005,99.0
335083,78.0
335180,97.0
335280,100.0
335376,96.0
335459,83.0
335564,105.0
335670,106.0
335769,99.0
335866,97.0
335972,106.0
336082,110.0
336182,100.0
336274,92.0
336377,103.0
336473,96.0
336577,104.0
336687,110.0
336795,108.0
336902,107.0
337017,115.0
337122,105.0
337229,107.0
337325,96.0
337421,96.0
337514,93.0
337615,101.0
337714,99.0
337810,96.0
337906,96.0
337998,92.0
338096,98.0
338224,128.0
338330,106.0
338437,107.0
338557,120.0
338673,116.0
338783,110.0
338881,98.0
338982,101.0
339088,106.0
339181,93.0
339265,84.0
339363,98.0
339449,86.0
339524,75.0
339595,71.0
339661,66.0
339721,60.0
339790,69.0
339839,49.0
339908,69.0
339968,60.0
340009,41.0
340028,19.0
340038,10.0
340051,13.0
340063,12.0
340076,13.0
340087,11.0
340100,13.0
340112,12.0
340127,15.0
340141,14.0
340156,15.0
340172,16.0
340187,15.0
340200,13.0
340215,15.0
340230,15.0
340242,12.0
340256,14.0
340270,14.0
340285,15.0
340298,13.0
340313,15.0
340328,15.0
340340,12.0
340353,13.0
340366,13.0
340380,14.0
340395,15.0
340412,17.0
340422,10.0
340436,14.0
340452,16.0
340465,13.0
340479,14.0
340489,10.0
340502,13.0
340519,17.0
340536,17.0
340548,12.0
340563,15.0
340582,19.0
340595,13.0
340611,16.0
340628,17.0
340642,14.0
340656,14.0
340674,18.0
340691,17.0
340710,19.0
340724,14.0
340739,15.0
340754,15.0
340765,11.0
340780,15.0
340793,13.0
340805,12.0
340817,12.0
340832,15.0
340844,12.0
340857,13.0
340868,11.0
340880,12.0
340893,13.0
340905,12.0
340917,12.0
340929,12.0
340942,13.0
340953,11.0
340968,15.0
340981,13.0
340995,14.0
341009,14.0
341026,17.0
341040,14.0
341053,13.0
341069,16.0
341083,14.0
341096,13.0
341108,12.0
341121,13.0
341137,16.0
341153,16.0
341170,17.0
341186,16.0
341205,19.0
341267,62.0
341285,18.0
341346,61.0
341359,13.0
341419,60.0
341483,64.0
341546,63.0
341626,80.0
341705,79.0
341781,76.0
341860,79.0
341941,81.0
342023,82.0
342096,73.0
342181,85.0
342260,79.0
342335,75.0
342412,77.0
342424,12.0
342443,19.0
342524,81.0
342597,73.0
342668,71.0
342738,70.0
342816,78.0
342890,74.0
342987,97.0
343064,77.0
343145,81.0
343219,74.0
343291,72.0
343370,79.0
343442,72.0
343524,82.0
343618,94.0
343692,74.0
343774,82.0
343845,71.0
343919,74.0
343990,71.0
344003,13.0
344076,73.0
344159,83.0
344235,76.0
344316,81.0
344401,85.0
344488,87.0
344575,87.0
344663,88.0
344754,91.0
344843,89.0
344951,108.0
345038,87.0
345126,88.0
345218,92.0
345311,93.0
345401,90.0
345413,12.0
345509,96.0
345603,94.0
345691,88.0
345782,91.0
345878,96.0
345970,92.0
346053,83.0
346144,91.0
346228,84.0
346316,88.0
346403,87.0
346493,90.0
346579,86.0
346665,86.0
346758,93.0
346848,90.0
346936,88.0
347021,85.0
347116,95.0
347222,106.0
347331,109.0
347430,99.0
347539,109.0
347645,106.0
347743,98.0
347844,101.0
347949,105.0
348050,101.0
348151,101.0
348263,112.0
348376,113.0
348575,199.0
348699,124.0
348817,118.0
348940,123.0
349052,112.0
349180,128.0
349314,134.0
349432,118.0
349562,130.0
349689,127.0
349816,127.0
349939,123.0
350077,138.0
350213,136.0
350713,500.0
350909,196.0
351409,500.0
351548,139.0
351665,117.0
351795,130.0
351923,128.0
352017,94.0
352142,125.0
352340,198.0
352482,142.0
352621,139.0
352745,124.0
352875,130.0
353008,133.0
353146,138.0
353298,152.0
353450,152.0
353614,164.0
353777,163.0
353934,157.0
354116,182.0
354353,237.0
354528,175.0
354539,11.0
354621,82.0
354725,104.0
354872,147.0
355018,146.0
355168,150.0
355420,252.0
355699,279.0
356051,352.0
356545,494.0
356619,74.0
356699,80.0
356856,157.0
356981,125.0
357095,114.0
357595,500.0
357917,322.0
358348,431.0
358425,77.0
358502,77.0
358576,74.0
358648,72.0
358719,71.0
358792,73.0
358865,73.0
358949,84.0
359014,65.0
359083,69.0
359137,54.0
359202,65.0
359270,68.0
359327,57.0
359405,78.0
359466,61.0
359538,72.0
359597,59.0
359661,64.0
359718,57.0
359782,64.0
359839,57.0
359899,60.0
359960,61.0
360013,53.0
360026,13.0
360035,9.0
360045,10.0
360054,9.0
360063,9.0
360072,9.0
360083,11.0
360094,11.0
360105,11.0
360115,10.0
360124,9.0
360134,10.0
360144,10.0
360154,10.0
360164,10.0
360173,9.0
360183,10.0
360193,10.0
360201,8.0
360211,10.0
360220,9.0
360230,10.0
360240,10.0
360249,9.0
360259,10.0
360268,9.0
360279,11.0
360288,9.0
360298,10.0
360308,10.0
360318,10.0
360328,10.0
360339,11.0
360348,9.0
360358,10.0
360368,10.0
360376,8.0
360386,10.0
360394,8.0
360404,10.0
360413,9.0
360422,9.0
360432,10.0
360442,10.0
360451,9.0
360460,9.0
360472,12.0
360482,10.0
360492,10.0
360500,8.0
360510,10.0
360520,10.0
360532,12.0
360542,10.0
360552,10.0
360561,9.0
360571,10.0
360580,9.0
360590,10.0
360599,9.0
360609,10.0
360619,10.0
360629,10.0
360639,10.0
360648,9.0
360658,10.0
360668,10.0
360678,10.0
360687,9.0
360697,10.0
360707,10.0
360717,10.0
360726,9.0
360736,10.0
360745,9.0
360755,10.0
360765,10.0
360776,11.0
360785,9.0
360793,8.0
360802,9.0
360810,8.0
360820,10.0
360830,10.0
360840,10.0
360849,9.0
360859,10.0
360869,10.0
360879,10.0
360888,9.0
360898,10.0
360908,10.0
360919,11.0
360928,9.0
360937,9.0
360946,9.0
360956,10.0
360965,9.0
360974,9.0
360984,10.0
360993,9.0
361003,10.0
361015,12.0
361028,13.0
361038,10.0
361048,10.0
361058,10.0
361067,9.0
361077,10.0
361087,10.0
361095,8.0
361105,10.0
361114,9.0
361124,10.0
361133,9.0
361143,10.0
361153,10.0
361162,9.0
361172,10.0
361181,9.0
361191,10.0
361201,10.0
361210,9.0
361220,10.0
361230,10.0
361240,10.0
361250,10.0
361261,11.0
361272,11.0
361282,10.0
361292,10.0
361302,10.0
361310,8.0
361319,9.0
361328,9.0
361339,11.0
361348,9.0
361358,10.0
361367,9.0
361378,11.0
361386,8.0
361395,9.0
361405,10.0
361414,9.0
361424,10.0
361435,11.0
361446,11.0
361456,10.0
361467,11.0
361477,10.0
361490,13.0
361501,11.0
361510,9.0
361520,10.0
361532,12.0
361541,9.0
361552,11.0
361564,12.0
361575,11.0
361587,12.0
361598,11.0
361611,13.0
361622,11.0
361632,10.0
361646,14.0
361660,14.0
361673,13.0
361689,16.0
361741,52.0
361793,52.0
361849,56.0
361902,53.0
361957,55.0
362017,60.0
362071,54.0
362127,56.0
362183,56.0
362195,12.0
362245,50.0
362304,59.0
362320,16.0
362381,61.0
362439,58.0
362501,62.0
362552,51.0
362567,15.0
362623,56.0
362678,55.0
362747,69.0
362810,63.0
362863,53.0
362926,63.0
362990,64.0
363010,20.0
363064,54.0
363124,60.0
363184,60.0
363239,55.0
363297,58.0
363353,56.0
363422,69.0
363479,57.0
363546,67.0
363611,65.0
363677,66.0
363746,69.0
363811,65.0
363869,58.0
363936,67.0
364000,64.0
364066,66.0
364128,62.0
364194,66.0
364257,63.0
364323,66.0
364387,64.0
364447,60.0
364512,65.0
364582,70.0
364652,70.0
364728,76.0
364803,75.0
364883,80.0
364958,75.0
365032,74.0
365115,83.0
365214,99.0
365311,97.0
365408,97.0
365519,111.0
365619,100.0
365719,100.0
365823,104.0
365928,105.0
366036,108.0
366134,98.0
366236,102.0
366338,102.0
366433,95.0
366528,95.0
366621,93.0
366727,106.0
366820,93.0
366921,101.0
367006,85.0
367101,95.0
367221,120.0
367329,108.0
367457,128.0
367575,118.0
367677,102.0
367818,141.0
368031,213.0
368147,116.0
368329,182.0
368437,108.0
368937,500.0
369022,85.0
369103,81.0
369190,87.0
369275,85.0
369360,85.0
369470,110.0
369568,98.0
369662,94.0
369767,105.0
369875,108.0
369980,105.0
370066,86.0
370167,101.0
370270,103.0
370374,104.0
370494,120.0
370598,104.0
370707,109.0
370822,115.0
370940,118.0
371068,128.0
371195,127.0
371343,148.0
371487,144.0
371611,124.0
371721,110.0
371832,111.0
371948,116.0
372267,319.0
372426,159.0
372582,156.0
372731,149.0
372869,138.0
373041,172.0
373192,151.0
373352,160.0
373516,164.0
373676,160.0
373833,157.0
374005,172.0
374196,191.0
374369,173.0
374596,227.0
374794,198.0
375011,217.0
375336,325.0
375576,240.0
375937,361.0
376100,163.0
376214,114.0
376367,153.0
376488,121.0
376606,118.0
376709,103.0
376818,109.0
376963,145.0
377093,130.0
377275,182.0
377419,144.0
377561,142.0
377815,254.0
378271,456.0
378607,336.0
378901,294.0
379091,190.0
379223,132.0
379357,134.0
379500,143.0
379623,123.0
379740,117.0
379855,115.0
379961,106.0
380082,121.0
380186,104.0
380397,211.0
380534,137.0
380649,115.0
380748,99.0
380867,119.0
380992,125.0
381098,106.0
381212,114.0
381342,130.0
381508,166.0
381617,109.0
381726,109.0
381839,113.0
381954,115.0
382117,163.0
382221,104.0
382332,111.0
382441,109.0
382547,106.0
382653,106.0
382763,110.0
382861,98.0
382974,113.0
383084,110.0
383204,120.0
383326,122.0
383455,129.0
383588,133.0
383731,143.0
383892,161.0
384032,140.0
384207,175.0
384354,147.0
384440,86.0
384562,122.0
384894,332.0
385071,177.0
385135,64.0
385199,64.0
385278,79.0
385353,75.0
385429,76.0
385495,66.0
385559,64.0
385621,62.0
385634,13.0
385644,10.0
385653,9.0
385661,8.0
385673,12.0
385684,11.0
385695,11.0
385705,10.0
385717,12.0
385729,12.0
385741,12.0
385754,13.0
385765,11.0
385776,11.0
385791,15.0
385847,56.0
385908,61.0
385971,63.0
386045,74.0
386130,85.0
386208,78.0
386298,90.0
386405,107.0
386866,461.0
387096,230.0
387358,262.0
387480,122.0
387615,135.0
387738,123.0
387857,119.0
387983,126.0
388107,124.0
388219,112.0
388328,109.0
388431,103.0
388452,21.0
388563,111.0
388673,110.0
388793,120.0
388927,134.0
389044,117.0
389175,131.0
389319,144.0
389481,162.0
389626,145.0
389766,140.0
389893,127.0
390047,154.0
390218,171.0
390455,237.0
390692,237.0
390792,100.0
390906,114.0
391003,97.0
391233,230.0
391368,135.0
391511,143.0
391653,142.0
391813,160.0
392057,244.0
392178,121.0
392295,117.0
392414,119.0
392531,117.0
392647,116.0
392772,125.0
392884,112.0
392997,113.0
393109,112.0
393215,106.0
393337,122.0
393441,104.0
393547,106.0
393645,98.0
393757,112.0
393879,122.0
394012,133.0
394130,118.0
394251,121.0
394366,115.0
394475,109.0
394591,116.0
394698,107.0
394804,106.0
394906,102.0
395012,106.0
395126,114.0
395241,115.0
395350,109.0
395363,13.0
395480,117.0
395601,121.0
395731,130.0
395858,127.0
395977,119.0
396106,129.0
396237,131.0
396370,133.0
396502,132.0
396627,125.0
396758,131.0
396879,121.0
397028,149.0
397166,138.0
397303,137.0
397433,130.0
397561,128.0
397696,135.0
397830,134.0
397959,129.0
398083,124.0
398198,115.0
398315,117.0
398432,117.0
398549,117.0
398658,109.0
398765,107.0
398875,110.0
398981,106.0
399093,112.0
399199,106.0
399303,104.0
399410,107.0
399421,11.0
399524,103.0
399635,111.0
399646,11.0
399763,117.0
399885,122.0
400002,117.0
400114,112.0
400228,114.0
400346,118.0
400472,126.0
400596,124.0
400722,126.0
400854,132.0
400981,127.0
401112,131.0
401230,118.0
401363,133.0
401494,131.0
401621,127.0
401760,139.0
401885,125.0
402013,128.0
402131,118.0
402262,131.0
402389,127.0
402510,121.0
402646,136.0
402778,132.0
402913,135.0
403052,139.0
403174,122.0
403289,115.0
403403,114.0
403518,115.0
403626,108.0
403736,110.0
403855,119.0
403955,100.0
404064,109.0
404170,106.0
404281,111.0
404387,106.0
404494,107.0
404618,124.0
404741,123.0
404867,126.0
405014,147.0
405168,154.0
405313,145.0
405455,142.0
405584,129.0
405715,131.0
405865,150.0
406003,138.0
406163,160.0
406346,183.0
406497,151.0
406648,151.0
406817,169.0
407035,218.0
407254,219.0
407385,131.0
407460,75.0
407471,11.0
407483,12.0
407493,10.0
407503,10.0
407513,10.0
407522,9.0
407531,9.0
407542,11.0
407551,9.0
407561,10.0
407570,9.0
407580,10.0
407590,10.0
407600,10.0
407610,10.0
407620,10.0
407629,9.0
407638,9.0
407646,8.0
407656,10.0
407666,10.0
407675,9.0
407685,10.0
407695,10.0
407704,9.0
407714,10.0
407724,10.0
407732,8.0
407743,11.0
407752,9.0
407761,9.0
407770,9.0
407780,10.0
407791,11.0
407800,9.0
407809,9.0
407818,9.0
407827,9.0
407838,11.0
407847,9.0
407856,9.0
407865,9.0
407874,9.0
407884,10.0
407894,10.0
407904,10.0
407913,9.0
407923,10.0
407931,8.0
407939,8.0
407949,10.0
407958,9.0
407967,9.0
407975,8.0
407989,14.0
407999,10.0
408010,11.0
408019,9.0
408028,9.0
408038,10.0
408048,10.0
408058,10.0
408068,10.0
408077,9.0
408086,9.0
408095,9.0
408103,8.0
408112,9.0
408121,9.0
408133,12.0
408142,9.0
408152,10.0
408161,9.0
408171,10.0
408180,9.0
408190,10.0
408200,10.0
408212,12.0
408222,10.0
408232,10.0
408244,12.0
408255,11.0
408267,12.0
408277,10.0
408286,9.0
408296,10.0
408306,10.0
408316,10.0
408325,9.0
408335,10.0
408345,10.0
408356,11.0
408366,10.0
408376,10.0
408387,11.0
408397,10.0
408409,12.0
408463,54.0
408540,77.0
408623,83.0
408741,118.0
409029,288.0
409204,175.0
409412,208.0
409535,123.0
409682,147.0
409807,125.0
409975,168.0
410209,234.0
410370,161.0
410552,182.0
410782,230.0
411131,349.0
411338,207.0
411499,161.0
411672,173.0
411920,248.0
412150,230.0
412621,471.0
412897,276.0
413397,500.0
413545,148.0
413714,169.0
413875,161.0
414065,190.0
414283,218.0
414524,241.0
414797,273.0
414881,84.0
414973,92.0
415087,114.0
415295,208.0
415457,162.0
415610,153.0
415745,135.0
415887,142.0
416043,156.0
416210,167.0
416710,500.0
416928,218.0
417104,176.0
417255,151.0
417397,142.0
417540,143.0
417669,129.0
417823,154.0
417833,10.0
417980,147.0
418135,155.0
418320,185.0
418541,221.0
418741,200.0
418972,231.0
419207,235.0
419438,231.0
419649,211.0
419882,233.0
420115,233.0
420347,232.0
420542,195.0
420711,169.0
420813,102.0
420897,84.0
420993,96.0
421082,89.0
421146,64.0
421213,67.0
421304,91.0
421405,101.0
421415,10.0
421425,10.0
421435,10.0
421443,8.0
421453,10.0
421461,8.0
421470,9.0
421480,10.0
421490,10.0
421500,10.0
421509,9.0
421518,9.0
421528,10.0
421536,8.0
421546,10.0
421555,9.0
421563,8.0
421572,9.0
421580,8.0
421589,9.0
421598,9.0
421607,9.0
421618,11.0
421627,9.0
421638,11.0
421648,10.0
421658,10.0
421668,10.0
421679,11.0
421690,11.0
421699,9.0
421708,9.0
421717,9.0
421728,11.0
421739,11.0
421750,11.0
421759,9.0
421770,11.0
421781,11.0
421791,10.0
421801,10.0
421811,10.0
421822,11.0
421832,10.0
421842,10.0
421852,10.0
421864,12.0
421875,11.0
421886,11.0
421943,57.0
422004,61.0
422073,69.0
422135,62.0
422198,63.0
422257,59.0
422319,62.0
422382,63.0
422444,62.0
422455,11.0
422521,66.0
422601,80.0
422685,84.0
422760,75.0
422834,74.0
422916,82.0
422989,73.0
423065,76.0
423146,81.0
423230,84.0
423240,10.0
423315,75.0
423326,11.0
423339,13.0
423420,81.0
423519,99.0
423625,106.0
423719,94.0
423730,11.0
423826,96.0
423934,108.0
424038,104.0
424132,94.0
424217,85.0
424297,80.0
424377,80.0
424454,77.0
424534,80.0
424617,83.0
424691,74.0
424777,86.0
424861,84.0
424945,84.0
425029,84.0
425122,93.0
425232,110.0
425344,112.0
425451,107.0
425560,109.0
425681,121.0
425808,127.0
425942,134.0
426076,134.0
426265,189.0
426472,207.0
426972,500.0
427126,154.0
427291,165.0
427500,209.0
427606,106.0
427708,102.0
427805,97.0
427902,97.0
427997,95.0
428010,13.0
428128,118.0
428261,133.0
428416,155.0
428567,151.0
428718,151.0
428874,156.0
429027,153.0
429242,215.0
429389,147.0
429481,92.0
429591,110.0
429741,150.0
429856,115.0
429949,93.0
430048,99.0
430136,88.0
430211,75.0
430287,76.0
430366,79.0
430436,70.0
430502,66.0
430516,14.0
430532,16.0
430599,67.0
430610,11.0
430621,11.0
430639,18.0
430650,11.0
430712,62.0
430725,13.0
430736,11.0
430748,12.0
430816,68.0
430829,13.0
430843,14.0
430914,71.0
430928,14.0
431002,74.0
431078,76.0
431158,80.0
431236,78.0
431321,85.0
431413,92.0
431500,87.0
431592,92.0
431688,96.0
431789,101.0
431882,93.0
431987,105.0
432087,100.0
432193,106.0
432282,89.0
432377,95.0
432462,85.0
432554,92.0
432649,95.0
432731,82.0
432744,13.0
432834,90.0
432934,100.0
433030,96.0
433128,98.0
433235,107.0
433338,103.0
433439,101.0
433553,114.0
433673,120.0
433785,112.0
433903,118.0
434013,110.0
434135,122.0
434278,143.0
434427,149.0
434574,147.0
434725,151.0
434887,162.0
435034,147.0
435331,297.0
435469,138.0
435669,200.0
435849,180.0
435988,139.0
436122,134.0
436200,78.0
436212,12.0
436224,12.0
436234,10.0
436246,12.0
436315,69.0
436411,96.0
436523,112.0
436631,108.0
436737,106.0
436844,107.0
436960,116.0
437083,123.0
437176,93.0
437272,96.0
437373,101.0
437468,95.0
437565,97.0
437658,93.0
437750,92.0
437842,92.0
437942,100.0
438032,90.0
438143,111.0
438161,18.0
438279,118.0
438407,128.0
438540,133.0
438659,119.0
438806,147.0
438946,140.0
439133,187.0
439389,256.0
439694,305.0
440194,500.0
440381,187.0
440881,500.0
441052,171.0
441237,185.0
441399,162.0
441563,164.0
441705,142.0
441853,148.0
442010,157.0
442159,149.0
442300,141.0
442440,140.0
442577,137.0
442721,144.0
442732,11.0
442881,149.0
443036,155.0
443184,148.0
443344,160.0
443506,162.0
443668,162.0
443897,229.0
444397,500.0
444546,149.0
444685,139.0
444805,120.0
444816,11.0
444827,11.0
444835,8.0
444844,9.0
444854,10.0
444864,10.0
444874,10.0
444886,12.0
444896,10.0
444905,9.0
444914,9.0
444924,10.0
444933,9.0
444942,9.0
444952,10.0
444964,12.0
444975,11.0
444986,11.0
445083,97.0
445163,80.0
445258,95.0
445271,13.0
445282,11.0
445294,12.0
445304,10.0
445313,9.0
445323,10.0
445336,13.0
445347,11.0
445358,11.0
445370,12.0
445382,12.0
445392,10.0
445402,10.0
445414,12.0
445427,13.0
445524,97.0
445537,13.0
445549,12.0
445559,10.0
445571,12.0
445582,11.0
445595,13.0
445607,12.0
445696,89.0
445787,91.0
445799,12.0
445893,94.0
445987,94.0
446082,95.0
446191,109.0
446300,109.0
446404,104.0
446513,109.0
446628,115.0
446642,14.0
446748,106.0
446861,113.0
446963,102.0
447064,101.0
447192,128.0
447299,107.0
447413,114.0
447550,137.0
447679,129.0
447819,140.0
447941,122.0
448071,130.0
448260,189.0
448536,276.0
448697,161.0
448809,112.0
448935,126.0
449048,113.0
449170,122.0
449291,121.0
449367,76.0
449452,85.0
449538,86.0
449625,87.0
449696,71.0
449778,82.0
449854,76.0
449921,67.0
449994,73.0
450056,62.0
450114,58.0
450186,72.0
450244,58.0
450304,60.0
450365,61.0
450422,57.0
450487,65.0
450544,57.0
450603,59.0
450656,53.0
450713,57.0
450770,57.0
450824,54.0
450881,57.0
450934,53.0
450992,58.0
451014,22.0
451073,59.0
451132,59.0
451190,58.0
451254,64.0
451313,59.0
451373,60.0
451386,13.0
451400,14.0
451413,13.0
451425,12.0
451438,13.0
451450,12.0
451464,14.0
451475,11.0
451486,11.0
451497,11.0
451508,11.0
451518,10.0
451531,13.0
451543,12.0
451555,12.0
451567,12.0
451580,13.0
451591,11.0
451601,10.0
451655,54.0
451666,11.0
451684,18.0
451703,19.0
451769,66.0
451785,16.0
451803,18.0
451867,64.0
451934,67.0
451995,61.0
452059,64.0
452123,64.0
452186,63.0
452254,68.0
452343,89.0
452410,67.0
452475,65.0
452568,93.0
452659,91.0
452753,94.0
452855,102.0
452946,91.0
453033,87.0
453046,13.0
453138,92.0
453234,96.0
453249,15.0
453263,14.0
453359,96.0
453455,96.0
453556,101.0
453652,96.0
453666,14.0
453767,101.0
453860,93.0
453956,96.0
454051,95.0
454063,12.0
454165,102.0
454264,99.0
454360,96.0
454454,94.0
454548,94.0
454652,104.0
454762,110.0
454859,97.0
454959,100.0
455065,106.0
455162,97.0
455257,95.0
455358,101.0
455459,101.0
455566,107.0
455667,101.0
455768,101.0
455870,102.0
455972,102.0
456071,99.0
456183,112.0
456290,107.0
456395,105.0
456507,112.0
456619,112.0
456727,108.0
456846,119.0
456958,112.0
457066,108.0
457175,109.0
457291,116.0
457401,110.0
457521,120.0
457648,127.0
457767,119.0
457892,125.0
458023,131.0
458138,115.0
458267,129.0
458407,140.0
458533,126.0
458674,141.0
458796,122.0
458934,138.0
459111,177.0
459252,141.0
459436,184.0
459567,131.0
459681,114.0
459813,132.0
459974,161.0
460106,132.0
460234,128.0
460359,125.0
460487,128.0
460614,127.0
460767,153.0
460917,150.0
461085,168.0
461225,140.0
461399,174.0
461596,197.0
462096,500.0
462596,500.0
462904,308.0
463404,500.0
463904,500.0
464105,201.0
464251,146.0
464383,132.0
464533,150.0
464686,153.0
464876,190.0
465043,167.0
465193,150.0
465693,500.0
465814,121.0
465953,139.0
466066,113.0
466078,12.0
466166,88.0
466243,77.0
466311,68.0
466381,70.0
466449,68.0
466523,74.0
466541,18.0
466617,76.0
466691,74.0
466767,76.0
466841,74.0
466916,75.0
466994,78.0
467062,68.0
467139,77.0
467219,80.0
467300,81.0
467391,91.0
467506,115.0
467610,104.0
467714,104.0
467821,107.0
467928,107.0
468046,118.0
468209,163.0
468383,174.0
468671,288.0
468840,169.0
469022,182.0
469266,244.0
469400,134.0
469530,130.0
469653,123.0
469779,126.0
469901,122.0
470035,134.0
470175,140.0
470292,117.0
470401,109.0
470509,108.0
470527,18.0
470561,34.0
470576,15.0
470681,105.0
470798,117.0
470914,116.0
471032,118.0
471144,112.0
471250,106.0
471356,106.0
471458,102.0
471564,106.0
471583,19.0
471694,111.0
471800,106.0
471909,109.0
472006,97.0
472117,111.0
472130,13.0
472238,108.0
472346,108.0
472455,109.0
472562,107.0
472675,113.0
472780,105.0
472891,111.0
473003,112.0
473114,111.0
473227,113.0
473341,114.0
473457,116.0
473570,113.0
473687,117.0
473810,123.0
473929,119.0
474050,121.0
474175,125.0
474317,142.0
474473,156.0
474619,146.0
474766,147.0
474928,162.0
475115,187.0
475289,174.0
475435,146.0
475594,159.0
475753,159.0
475900,147.0
476035,135.0
476166,131.0
476287,121.0
476401,114.0
476527,126.0
476650,123.0
476664,14.0
476787,123.0
476924,137.0
477052,128.0
477170,118.0
477294,124.0
477406,112.0
477520,114.0
477639,119.0
477754,115.0
477871,117.0
477994,123.0
478115,121.0
478237,122.0
478362,125.0
478491,129.0
478630,139.0
478766,136.0
478896,130.0
479041,145.0
479254,213.0
479472,218.0
479690,218.0
479881,191.0
480076,195.0
480236,160.0
480396,160.0
480536,140.0
480672,136.0
480794,122.0
480811,17.0
480946,135.0
481091,145.0
481235,144.0
481379,144.0
481534,155.0
481693,159.0
481860,167.0
482045,185.0
482208,163.0
482356,148.0
482495,139.0
482635,140.0
482776,141.0
482915,139.0
483072,157.0
483234,162.0
483371,137.0
483517,146.0
483658,141.0
483798,140.0
483943,145.0
484081,138.0
484257,176.0
484469,212.0
484660,191.0
484843,183.0
485036,193.0
485204,168.0
485356,152.0
485500,144.0
485648,148.0
485804,156.0
485961,157.0
486124,163.0
486296,172.0
486501,205.0
486659,158.0
486831,172.0
487007,176.0
487198,191.0
487395,197.0
487548,153.0
487757,209.0
487995,238.0
488495,500.0
488650,155.0
488798,148.0
488956,158.0
489095,139.0
489240,145.0
489369,129.0
489486,117.0
489600,114.0
489713,113.0
489829,116.0
489937,108.0
490052,115.0
490062,10.0
490155,93.0
490166,11.0
490254,88.0
490335,81.0
490411,76.0
490483,72.0
490559,76.0
490633,74.0
490715,82.0
490791,76.0
490801,10.0
490813,12.0
490889,76.0
490966,77.0
491045,79.0
491060,15.0
491165,105.0
491283,118.0
491402,119.0
491517,115.0
491631,114.0
491758,127.0
491894,136.0
492024,130.0
492154,130.0
492297,143.0
492444,147.0
492605,161.0
492753,148.0
492898,145.0
493051,153.0
493227,176.0
493402,175.0
493574,172.0
493764,190.0
494264,500.0
494276,12.0
494406,130.0
494540,134.0
494726,186.0
494887,161.0
495023,136.0
495034,11.0
495270,236.0
495523,253.0
495801,278.0
496301,500.0
496801,500.0
497301,500.0
497801,500.0
498140,339.0
498640,500.0
499140,500.0
499640,500.0
500140,500.0
500640,500.0
501140,500.0
501640,500.0
501649,9.0
502149,500.0
502160,11.0
502660,500.0
502673,13.0
503173,500.0
503184,11.0
503194,10.0
503203,9.0
503213,10.0
503223,10.0
503233,10.0
503243,10.0
503255,12.0
503264,9.0
503274,10.0
503285,11.0
503296,11.0
503307,11.0
503318,11.0
503329,11.0
503340,11.0
503350,10.0
503749,399.0
503762,13.0
503933,171.0
504101,168.0
504304,203.0
504614,310.0
505114,500.0
505141,27.0
505641,500.0
505769,128.0
505780,11.0
505794,14.0
505809,15.0
506220,411.0
506232,12.0
506423,191.0
506434,11.0
506446,12.0
506457,11.0
506470,13.0
506481,11.0
506492,11.0
506502,10.0
506512,10.0
506524,12.0
506537,13.0
506550,13.0
506561,11.0
506573,12.0
506586,13.0
506745,159.0
506889,144.0
507023,134.0
507146,123.0
507261,115.0
507369,108.0
507481,112.0
507584,103.0
507686,102.0
507793,107.0
507891,98.0
507991,100.0
508092,101.0
508204,112.0
508329,125.0
508464,135.0
508597,133.0
508731,134.0
508866,135.0
509013,147.0
509176,163.0
509383,207.0
509720,337.0
510220,500.0
510720,500.0
511220,500.0
511720,500.0
512220,500.0
512720,500.0
513220,500.0
513720,500.0
514220,500.0
514720,500.0
514926,206.0
515003,77.0
515123,120.0
515176,53.0
515241,65.0
515287,46.0
515366,79.0
515400,34.0
515577,177.0
515740,163.0
516240,500.0
516251,11.0
516518,267.0
516623,105.0
516709,86.0
516976,267.0
517163,187.0
517350,187.0
517536,186.0
517759,223.0
518144,385.0
518439,295.0
518939,500.0
519215,276.0
519715,500.0
520215,500.0
520392,177.0
520553,161.0
520726,173.0
520909,183.0
521080,171.0
521219,139.0
521361,142.0
521492,131.0
521633,141.0
521765,132.0
521888,123.0
522016,128.0
522133,117.0
522146,13.0
522261,115.0
522389,128.0
522509,120.0
522622,113.0
522737,115.0
522749,12.0
522861,112.0
522985,124.0
523105,120.0
523222,117.0
523333,111.0
523345,12.0
523461,116.0
523570,109.0
523676,106.0
523788,112.0
523897,109.0
524009,112.0
524122,113.0
524227,105.0
524327,100.0
524433,106.0
524537,104.0
524555,18.0
524671,116.0
524790,119.0
524919,129.0
525043,124.0
525182,139.0
525357,175.0
525562,205.0
525871,309.0
525883,12.0
526040,157.0
526206,166.0
526349,143.0
526477,128.0
526596,119.0
526715,119.0
526820,105.0
526835,15.0
526931,96.0
527039,108.0
527150,111.0
527272,122.0
527406,134.0
527548,142.0
527698,150.0
527872,174.0
528088,216.0
528314,226.0
528512,198.0
528719,207.0
528975,256.0
529475,500.0
529975,500.0
529988,13.0
530368,380.0
530480,112.0
530589,109.0
530700,111.0
530810,110.0
530921,111.0
531026,105.0
531143,117.0
531254,111.0
531372,118.0
531384,12.0
531496,112.0
531612,116.0
531721,109.0
531834,113.0
531950,116.0
532060,110.0
532169,109.0
532179,10.0
532293,114.0
532408,115.0
532517,109.0
532625,108.0
532743,118.0
532857,114.0
532975,118.0
533078,103.0
533186,108.0
533291,105.0
533400,109.0
533507,107.0
533517,10.0
533623,106.0
533639,16.0
533649,10.0
533774,125.0
533907,133.0
534032,125.0
534166,134.0
534304,138.0
534461,157.0
534600,139.0
534740,140.0
534893,153.0
535039,146.0
535170,131.0
535312,142.0
535450,138.0
535593,143.0
535731,138.0
535878,147.0
536014,136.0
536154,140.0
536299,145.0
536431,132.0
536568,137.0
536716,148.0
536866,150.0
537014,148.0
537159,145.0
537317,158.0
537465,148.0
537632,167.0
537802,170.0
537964,162.0
538134,170.0
538321,187.0
538535,214.0
538757,222.0
538959,202.0
539459,500.0
539656,197.0
540069,413.0
540385,316.0
540610,225.0
540982,372.0
541225,243.0
541390,165.0
541575,185.0
541753,178.0
541936,183.0
542123,187.0
542272,149.0
542443,171.0
542620,177.0
542847,227.0
543037,190.0
543512,475.0
544012,500.0
544041,29.0
544053,12.0
544065,12.0
544077,12.0
544088,11.0
544098,10.0
544107,9.0
544117,10.0
544127,10.0
544138,11.0
544147,9.0
544155,8.0
544164,9.0
544175,11.0
544187,12.0
544197,10.0
544209,12.0
544219,10.0
544229,10.0
544241,12.0
544253,12.0
544266,13.0
544281,15.0
544292,11.0
544305,13.0
544333,28.0
544361,28.0
544388,27.0
544414,26.0
544914,500.0
545012,98.0
545512,500.0
545526,14.0
546026,500.0
546526,500.0
546539,13.0
546552,13.0
546564,12.0
546579,15.0
546595,16.0
546606,11.0
546618,12.0
547118,500.0
547132,14.0
547145,13.0
547159,14.0
547174,15.0
547187,13.0
547204,17.0
547218,14.0
547235,17.0
547735,500.0
547765,30.0
548265,500.0
548765,500.0
549265,500.0
549578,313.0
550078,500.0
550481,403.0
550637,156.0
550805,168.0
550961,156.0
551131,170.0
551631,500.0
552131,500.0
552597,466.0
552812,215.0
552827,15.0
552841,14.0
552859,18.0
552876,17.0
552891,15.0
552906,15.0
552919,13.0
552931,12.0
552946,15.0
552962,16.0
552974,12.0
552990,16.0
553002,12.0
553017,15.0
553034,17.0
553159,125.0
553290,131.0
553430,140.0
553565,135.0
553577,12.0
553720,143.0
553850,130.0
553980,130.0
554110,130.0
554235,125.0
554357,122.0
554485,128.0
554598,113.0
554703,105.0
554813,110.0
554918,105.0
555030,112.0
555149,119.0
555279,130.0
555292,13.0
555414,122.0
555552,138.0
555703,151.0
555845,142.0
555992,147.0
556145,153.0
556297,152.0
556471,174.0
556626,155.0
556772,146.0
556940,168.0
557088,148.0
557251,163.0
557414,163.0
557588,174.0
557753,165.0
557765,12.0
557897,132.0
558016,119.0
558183,167.0
558390,207.0
558638,248.0
558888,250.0
559149,261.0
559649,500.0
559884,235.0
560044,160.0
560544,500.0
560727,183.0
561093,366.0
561562,469.0
562009,447.0
562413,404.0
562738,325.0
562966,228.0
563466,500.0
563672,206.0
563810,138.0
563984,174.0
564150,166.0
564271,121.0
564389,118.0
564516,127.0
564623,107.0
564736,113.0
564853,117.0
564964,111.0
565070,106.0
565168,98.0
565180,12.0
565190,10.0
565317,127.0
565432,115.0
565551,119.0
565666,115.0
565783,117.0
565909,126.0
566035,126.0
566162,127.0
566301,139.0
566512,211.0
566836,324.0
567048,212.0
567288,240.0
567468,180.0
567651,183.0
567844,193.0
568018,174.0
568092,74.0
568253,161.0
568415,162.0
568608,193.0
568767,159.0
568914,147.0
569062,148.0
569075,13.0
569090,15.0
569240,150.0
569377,137.0
569513,136.0
569647,134.0
569774,127.0
569896,122.0
570016,120.0
570128,112.0
570246,118.0
570353,107.0
570462,109.0
570570,108.0
570673,103.0
570779,106.0
570887,108.0
571004,117.0
571109,105.0
571212,103.0
571315,103.0
571412,97.0
571513,101.0
571615,102.0
571716,101.0
571821,105.0
571921,100.0
572020,99.0
572141,121.0
572302,161.0
572464,162.0
572614,150.0
572742,128.0
572923,181.0
573128,205.0
573310,182.0
573592,282.0
573738,146.0
573856,118.0
573971,115.0
574228,257.0
574244,16.0
574345,101.0
574452,107.0
574557,105.0
574655,98.0
574758,103.0
574856,98.0
574955,99.0
575060,105.0
575156,96.0
575253,97.0
575350,97.0
575360,10.0
575457,97.0
575555,98.0
575648,93.0
575743,95.0
575835,92.0
575930,95.0
576028,98.0
576125,97.0
576224,99.0
576325,101.0
576425,100.0
576523,98.0
576623,100.0
576719,96.0
576821,102.0
576928,107.0
577034,106.0
577139,105.0
577247,108.0
577361,114.0
577471,110.0
577587,116.0
577598,11.0
577724,126.0
577846,122.0
577968,122.0
578103,135.0
578258,155.0
578422,164.0
578584,162.0
578742,158.0
578915,173.0
579092,177.0
579274,182.0
579493,219.0
579721,228.0
579936,215.0
580283,347.0
580461,178.0
580670,209.0
580866,196.0
580997,131.0
581473,476.0
581750,277.0
581999,249.0
582213,214.0
582377,164.0
582554,177.0
582751,197.0
582898,147.0
583091,193.0
583230,139.0
583371,141.0
583509,138.0
583634,125.0
583752,118.0
583877,125.0
584003,126.0
584119,116.0
584239,120.0
584369,130.0
584490,121.0
584621,131.0
584747,126.0
584759,12.0
584882,123.0
585009,127.0
585137,128.0
585270,133.0
585411,141.0
585568,157.0
585729,161.0
585891,162.0
586058,167.0
586209,151.0
586356,147.0
586500,144.0
586637,137.0
586768,131.0
586897,129.0
587012,115.0
587136,124.0
587249,113.0
587366,117.0
587483,117.0
587590,107.0
587701,111.0
587806,105.0
587905,99.0
588008,103.0
588105,97.0
588208,103.0
588319,111.0
588438,119.0
588565,127.0
588702,137.0
588834,132.0
588983,149.0
589125,142.0
589293,168.0
589459,166.0
589648,189.0
589840,192.0
590037,197.0
590228,191.0
590382,154.0
590540,158.0
590694,154.0
590841,147.0
590989,148.0
591130,141.0
591250,120.0
591356,106.0
591466,110.0
591588,122.0
591700,112.0
591805,105.0
591918,113.0
592028,110.0
592133,105.0
592148,15.0
592159,11.0
592168,9.0
592178,10.0
592190,12.0
592200,10.0
592211,11.0
592223,12.0
592232,9.0
592241,9.0
592251,10.0
592262,11.0
592274,12.0
592284,10.0
592296,12.0
592308,12.0
592319,11.0
592329,10.0
592341,12.0
592351,10.0
592363,12.0
592375,12.0
592387,12.0
592400,13.0
592412,12.0
592424,12.0
592438,14.0
592451,13.0
592465,14.0
592477,12.0
592565,88.0
592576,11.0
592669,93.0
592689,20.0
592793,104.0
592809,16.0
592906,97.0
593006,100.0
593112,106.0
593220,108.0
593323,103.0
593445,122.0
593553,108.0
593669,116.0
593784,115.0
593899,115.0
594008,109.0
594119,111.0
594238,119.0
594359,121.0
594479,120.0
594593,114.0
594703,110.0
594819,116.0
594931,112.0
595058,127.0
595191,133.0
595315,124.0
595430,115.0
595558,128.0
595674,116.0
595793,119.0
595917,124.0
596028,111.0
596144,116.0
596262,118.0
596378,116.0
596494,116.0
596619,125.0
596754,135.0
596888,134.0
597018,130.0
597151,133.0
597276,125.0
597403,127.0
597524,121.0
597655,131.0
597793,138.0
597915,122.0
598040,125.0
598179,139.0
598313,134.0
598324,11.0
598336,12.0
598457,121.0
598468,11.0
598595,127.0
598758,163.0
598771,13.0
598941,170.0
599113,172.0
599613,500.0
600113,500.0
600613,500.0
601101,488.0
601286,185.0
601461,175.0
601620,159.0
601789,169.0
601969,180.0
602121,152.0
602262,141.0
602407,145.0
602420,13.0
602920,500.0
603073,153.0
603463,390.0
603689,226.0
603884,195.0
604113,229.0
604519,406.0
604703,184.0
604852,149.0
604987,135.0
605167,180.0
605324,157.0
605484,160.0
605653,169.0
605956,303.0
606174,218.0
606487,313.0
606987,500.0
607107,120.0
607217,110.0
607318,101.0
607413,95.0
607510,97.0
607612,102.0
607714,102.0
607822,108.0
607930,108.0
607943,13.0
608048,105.0
608160,112.0
608269,109.0
608382,113.0
608492,110.0
608611,119.0
608736,125.0
608864,128.0
609004,140.0
609126,122.0
609265,139.0
609388,123.0
609888,500.0
609899,11.0
610007,108.0
610129,122.0
610629,500.0
611129,500.0
611629,500.0
612129,500.0
612256,127.0
612266,10.0
612275,9.0
612283,8.0
612293,10.0
612303,10.0
612313,10.0
612323,10.0
612332,9.0
612343,11.0
612353,10.0
612362,9.0
612371,9.0
612381,10.0
612392,11.0
612402,10.0
612412,10.0
612423,11.0
612431,8.0
612441,10.0
612451,10.0
612462,11.0
612472,10.0
612482,10.0
612490,8.0
612500,10.0
612508,8.0
612517,9.0
612528,11.0
612538,10.0
612547,9.0
612558,11.0
612569,11.0
612579,10.0
612588,9.0
612597,9.0
612607,10.0
612617,10.0
612626,9.0
612636,10.0
612644,8.0
612653,9.0
612663,10.0
612671,8.0
612681,10.0
612690,9.0
612699,9.0
612708,9.0
612717,9.0
612725,8.0
612735,10.0
612745,10.0
612754,9.0
612763,9.0
612773,10.0
612783,10.0
612793,10.0
612802,9.0
612812,10.0
612822,10.0
612832,10.0
612842,10.0
612850,8.0
612859,9.0
612869,10.0
612880,11.0
612890,10.0
612901,11.0
612910,9.0
612919,9.0
612928,9.0
612937,9.0
612946,9.0
612954,8.0
612962,8.0
612972,10.0
612982,10.0
612993,11.0
613002,9.0
613013,11.0
613023,10.0
613035,12.0
613046,11.0
613056,10.0
613066,10.0
613074,8.0
613083,9.0
613093,10.0
613102,9.0
613112,10.0
613121,9.0
613131,10.0
613140,9.0
613149,9.0
613159,10.0
613167,8.0
613177,10.0
613186,9.0
613194,8.0
613204,10.0
613212,8.0
613220,8.0
613229,9.0
613238,9.0
613248,10.0
613258,10.0
613267,9.0
613276,9.0
613286,10.0
613295,9.0
613304,9.0
613313,9.0
613322,9.0
613332,10.0
613342,10.0
613350,8.0
613360,10.0
613369,9.0
613378,9.0
613388,10.0
613401,13.0
613409,8.0
613420,11.0
613432,12.0
613441,9.0
613450,9.0
613459,9.0
613468,9.0
613478,10.0
613487,9.0
613496,9.0
613505,9.0
613514,9.0
613523,9.0
613532,9.0
613543,11.0
613551,8.0
613560,9.0
613570,10.0
613580,10.0
613591,11.0
613602,11.0
613613,11.0
613623,10.0
613633,10.0
613642,9.0
613652,10.0
613662,10.0
613671,9.0
613683,12.0
613693,10.0
613703,10.0
613714,11.0
613725,11.0
613734,9.0
613745,11.0
613755,10.0
613764,9.0
613773,9.0
613782,9.0
613791,9.0
613802,11.0
613812,10.0
613822,10.0
613831,9.0
613843,12.0
613855,12.0
613866,11.0
613879,13.0
613892,13.0
613904,12.0
613914,10.0
613925,11.0
613935,10.0
613945,10.0
613957,12.0
613970,13.0
613980,10.0
613992,12.0
614071,79.0
614158,87.0
614259,101.0
614270,11.0
614388,118.0
614548,160.0
614729,181.0
614742,13.0
614877,135.0
615022,145.0
615215,193.0
615414,199.0
615625,211.0
615638,13.0
615651,13.0
615887,236.0
615900,13.0
616171,271.0
616181,10.0
616540,359.0
616905,365.0
617204,299.0
617469,265.0
617727,258.0
617983,256.0
618249,266.0
618722,473.0
619222,500.0
619722,500.0
620222,500.0
620306,84.0
620387,81.0
620400,13.0
620492,92.0
620589,97.0
620696,107.0
620816,120.0
620935,119.0
621070,135.0
621202,132.0
621344,142.0
621844,500.0
622344,500.0
622844,500.0
623344,500.0
623836,492.0
623983,147.0
624110,127.0
624232,122.0
624343,111.0
624453,110.0
624558,105.0
624670,112.0
624777,107.0
624888,111.0
625000,112.0
625111,111.0
625262,151.0
625438,176.0
625626,188.0
626126,500.0
626626,500.0
627126,500.0
627626,500.0
628126,500.0
628272,146.0
628407,135.0
628549,142.0
628684,135.0
628814,130.0
628946,132.0
629080,134.0
629580,500.0
630080,500.0
630191,111.0
630203,12.0
630214,11.0
630224,10.0
630235,11.0
630245,10.0
630258,13.0
630269,11.0
630282,13.0
630294,12.0
630305,11.0
630319,14.0
630329,10.0
630340,11.0
630352,12.0
630364,12.0
630376,12.0
630386,10.0
630397,11.0
630410,13.0
630421,11.0
630473,52.0
630499,26.0
630669,170.0
630725,56.0
631225,500.0
631725,500.0
632225,500.0
632268,43.0
632316,48.0
632681,365.0
633072,391.0
633125,53.0
633590,465.0
634024,434.0
634524,500.0
635024,500.0
635524,500.0
635660,136.0
635782,122.0
635919,137.0
636058,139.0
636191,133.0
636327,136.0
636480,153.0
636641,161.0
636777,136.0
636920,143.0
637066,146.0
637206,140.0
637352,146.0
637492,140.0
637637,145.0
637809,172.0
637971,162.0
638121,150.0
638265,144.0
638424,159.0
638573,149.0
638717,144.0
638867,150.0
639020,153.0
639419,399.0
639621,202.0
639635,14.0
639762,127.0
639872,110.0
640010,138.0
640133,123.0
640239,106.0
640340,101.0
640440,100.0
640546,106.0
640652,106.0
640752,100.0
640851,99.0
640950,99.0
640964,14.0
641068,104.0
641179,111.0
641310,131.0
641468,158.0
641623,155.0
641777,154.0
641970,193.0
642249,279.0
642505,256.0
642709,204.0
643002,293.0
643295,293.0
643625,330.0
643873,248.0
644123,250.0
644465,342.0
644655,190.0
644859,204.0
645013,154.0
645139,126.0
645268,129.0
645408,140.0
645525,117.0
645657,132.0
645814,157.0
645829,15.0
645969,140.0
646115,146.0
646615,500.0
647115,500.0
647294,179.0
647611,317.0
647853,242.0
648059,206.0
648160,101.0
648170,10.0
648183,13.0
648194,11.0
648357,163.0
648538,181.0
648691,153.0
648845,154.0
648979,134.0
649098,119.0
649229,131.0
649362,133.0
649490,128.0
649625,135.0
649758,133.0
649893,135.0
650022,129.0
650151,129.0
650285,134.0
650416,131.0
650516,100.0
650639,123.0
650777,138.0
650897,120.0
650909,12.0
650920,11.0
650932,12.0
650944,12.0
650956,12.0
650969,13.0
650980,11.0
650995,15.0
651008,13.0
651136,128.0
651239,103.0
651335,96.0
651352,17.0
651450,98.0
651543,93.0
651634,91.0
651719,85.0
651730,11.0
651818,88.0
651922,104.0
652024,102.0
652127,103.0
652229,102.0
652329,100.0
652420,91.0
652512,92.0
652606,94.0
652703,97.0
652808,105.0
652820,12.0
652916,96.0
653020,104.0
653033,13.0
653143,110.0
653267,124.0
653399,132.0
653526,127.0
653665,139.0
653791,126.0
653920,129.0
654036,116.0
654156,120.0
654284,128.0
654404,120.0
654539,135.0
654667,128.0
654799,132.0
654944,145.0
655100,156.0
655301,201.0
655463,162.0
655629,166.0
655809,180.0
656045,236.0
656390,345.0
656733,343.0
657022,289.0
657522,500.0
657739,217.0
658239,500.0
658739,500.0
659174,435.0
659309,135.0
659448,139.0
659599,151.0
659725,126.0
659846,121.0
659980,134.0
660116,136.0
660281,165.0
660453,172.0
660658,205.0
660829,171.0
660984,155.0
661134,150.0
661171,37.0
661183,12.0
661215,32.0
661232,17.0
661275,43.0
661296,21.0
661327,31.0
661342,15.0
661382,40.0
661415,33.0
661429,14.0
661453,24.0
661512,59.0
661548,36.0
661577,29.0
661589,12.0
661600,11.0
661811,211.0
661861,50.0
661873,12.0
661886,13.0
661953,67.0
661994,41.0
662063,69.0
662105,42.0
662116,11.0
662162,46.0
662190,28.0
662217,27.0
662319,102.0
662400,81.0
662437,37.0
662476,39.0
662524,48.0
662570,46.0
662608,38.0
662694,86.0
663001,307.0
663501,500.0
663641,140.0
663692,51.0
663813,121.0
664313,500.0
664563,250.0
664769,206.0
664819,50.0
664858,39.0
664973,115.0
665026,53.0
665050,24.0
665247,197.0
665391,144.0
665527,136.0
665864,337.0
665874,10.0
665887,13.0
666114,227.0
666291,177.0
666451,160.0
666611,160.0
666623,12.0
666765,142.0
666889,124.0
667019,130.0
667152,133.0
667275,123.0
667406,131.0
667532,126.0
667544,12.0
667674,130.0
667807,133.0
667939,132.0
668067,128.0
668209,142.0
668383,174.0
668554,171.0
668733,179.0
668912,179.0
669099,187.0
669297,198.0
669482,185.0
669659,177.0
669861,202.0
670069,208.0
670264,195.0
670474,210.0
670679,205.0
670882,203.0
671092,210.0
671365,273.0
671713,348.0
672138,425.0
672269,131.0
672381,112.0
672485,104.0
672588,103.0
672700,112.0
672803,103.0
672814,11.0
672919,105.0
673029,110.0
673139,110.0
673272,133.0
673519,247.0
673893,374.0
674393,500.0
674508,115.0
674627,119.0
674757,130.0
674904,147.0
675030,126.0
675143,113.0
675254,111.0
675357,103.0
675462,105.0
675572,110.0
675673,101.0
675787,114.0
675899,112.0
676018,119.0
676133,115.0
676249,116.0
676378,129.0
676501,123.0
676624,123.0
676739,115.0
676866,127.0
677030,164.0
677162,132.0
677302,140.0
677489,187.0
677784,295.0
678181,397.0
678313,132.0
678461,148.0
678624,163.0
678750,126.0
678853,103.0
678978,125.0
679213,235.0
679467,254.0
679967,500.0
680467,500.0
680967,500.0
681161,194.0
681298,137.0
681429,131.0
681556,127.0
681686,130.0
681806,120.0
681912,106.0
681924,12.0
682020,96.0
682031,11.0
682129,98.0
682144,15.0
682250,106.0
682361,111.0
682372,11.0
682486,114.0
682599,113.0
682707,108.0
682817,110.0
682931,114.0
683050,119.0
683165,115.0
683267,102.0
683280,13.0
683292,12.0
683389,97.0
683400,11.0
683496,96.0
683596,100.0
683692,96.0
683784,92.0
683878,94.0
683977,99.0
684070,93.0
684160,90.0
684177,17.0
684268,91.0
684359,91.0
684383,24.0
684399,16.0
684412,13.0
684502,90.0
684594,92.0
684682,88.0
684696,14.0
684792,96.0
684887,95.0
684977,90.0
685072,95.0
685166,94.0
685262,96.0
685357,95.0
685461,104.0
685562,101.0
685661,99.0
685758,97.0
685856,98.0
685956,100.0
686058,102.0
686070,12.0
686177,107.0
686295,118.0
686415,120.0
686550,135.0
686686,136.0
686820,134.0
686961,141.0
687110,149.0
687239,129.0
687353,114.0
687454,101.0
687547,93.0
687646,99.0
687744,98.0
687841,97.0
687930,89.0
688026,96.0
688124,98.0
688230,106.0
688330,100.0
688434,104.0
688542,108.0
688644,102.0
688746,102.0
688861,115.0
688974,113.0
689077,103.0
689177,100.0
689272,95.0
689369,97.0
689476,107.0
689568,92.0
689663,95.0
689763,100.0
689856,93.0
689947,91.0
689959,12.0
689979,20.0
689993,14.0
690089,96.0
690192,103.0
690290,98.0
690390,100.0
690500,110.0
690611,111.0
690724,113.0
690835,111.0
690951,116.0
691070,119.0
691180,110.0
691292,112.0
691405,113.0
691517,112.0
691615,98.0
691720,105.0
691815,95.0
691911,96.0
692012,101.0
692124,112.0
692227,103.0
692332,105.0
692436,104.0
692547,111.0
692662,115.0
692780,118.0
692903,123.0
693013,110.0
693147,134.0
693319,172.0
693819,500.0
694319,500.0
694695,376.0
694870,175.0
695109,239.0
695240,131.0
695351,111.0
695474,123.0
695572,98.0
695588,16.0
695600,12.0
695611,11.0
695621,10.0
695633,12.0
695642,9.0
695651,9.0
695661,10.0
695672,11.0
695682,10.0
695692,10.0
695704,12.0
695716,12.0
695726,10.0
695736,10.0
695746,10.0
695755,9.0
695765,10.0
695781,16.0
695791,10.0
695800,9.0
695809,9.0
695818,9.0
695828,10.0
695837,9.0
695848,11.0
695859,11.0
695871,12.0
695882,11.0
695894,12.0
695904,10.0
695917,13.0
695928,11.0
695940,12.0
695951,11.0
695963,12.0
695977,14.0
695988,11.0
695999,11.0
696011,12.0
696024,13.0
696035,11.0
696047,12.0
696057,10.0
696069,12.0
696080,11.0
696094,14.0
696107,13.0
696119,12.0
696129,10.0
696140,11.0
696150,10.0
696159,9.0
696169,10.0
696182,13.0
696193,11.0
696203,10.0
696215,12.0
696225,10.0
696238,13.0
696252,14.0
696264,12.0
696280,16.0
696293,13.0
696305,12.0
696316,11.0
696327,11.0
696338,11.0
696351,13.0
696362,11.0
696375,13.0
696389,14.0
696403,14.0
696416,13.0
696429,13.0
696440,11.0
696452,12.0
696464,12.0
696475,11.0
696487,12.0
696499,12.0
696513,14.0
696525,12.0
696537,12.0
696552,15.0
696565,13.0
696579,14.0
696593,14.0
696604,11.0
696616,12.0
696629,13.0
696644,15.0
696656,12.0
696758,102.0
696856,98.0
696958,102.0
697052,94.0
697158,106.0
697269,111.0
697399,130.0
697544,145.0
697737,193.0
697958,221.0
698458,500.0
698958,500.0
699458,500.0
699958,500.0
700458,500.0
700958,500.0
701458,500.0
701958,500.0
702458,500.0
702669,211.0
702770,101.0
702862,92.0
702934,72.0
703009,75.0
703079,70.0
703091,12.0
703102,11.0
703113,11.0
703122,9.0
703131,9.0
703142,11.0
703151,9.0
703160,9.0
703170,10.0
703180,10.0
703192,12.0
703202,10.0
703214,12.0
703227,13.0
703297,70.0
703373,76.0
703469,96.0
703576,107.0
703674,98.0
703686,12.0
703791,105.0
703803,12.0
703816,13.0
703920,104.0
703930,10.0
703942,12.0
703954,12.0
704055,101.0
704163,108.0
704280,117.0
704444,164.0
704610,166.0
704790,180.0
705027,237.0
705527,500.0
705835,308.0
705888,53.0
706000,112.0
706204,204.0
706215,11.0
706224,9.0
706235,11.0
706245,10.0
706256,11.0
706267,11.0
706278,11.0
706289,11.0
706300,11.0
706312,12.0
706322,10.0
706332,10.0
706445,113.0
706456,11.0
706467,11.0
706477,10.0
706490,13.0
706504,14.0
706519,15.0
706530,11.0
706541,11.0
706553,12.0
706659,106.0
706754,95.0
706768,14.0
706874,106.0
706973,99.0
707075,102.0
707181,106.0
707283,102.0
707394,111.0
707518,124.0
707647,129.0
707777,130.0
707913,136.0
708062,149.0
708239,177.0
708704,465.0
708835,131.0
708967,132.0
709070,103.0
709160,90.0
709248,88.0
709338,90.0
709349,11.0
709440,91.0
709523,83.0
709609,86.0
709702,93.0
709787,85.0
709882,95.0
709897,15.0
709974,77.0
710057,83.0
710133,76.0
710217,84.0
710294,77.0
710373,79.0
710384,11.0
710394,10.0
710420,26.0
710434,14.0
710507,73.0
710588,81.0
710672,84.0
710701,29.0
710776,75.0
710790,14.0
710871,81.0
710948,77.0
710965,17.0
711046,81.0
711127,81.0
711208,81.0
711223,15.0
711302,79.0
711385,83.0
711474,89.0
711559,85.0
711644,85.0
711733,89.0
711824,91.0
711917,93.0
712004,87.0
712096,92.0
712189,93.0
712286,97.0
712377,91.0
712471,94.0
712572,101.0
712675,103.0
712775,100.0
712869,94.0
712967,98.0
713059,92.0
713079,20.0
713173,94.0
713267,94.0
713280,13.0
713380,100.0
713484,104.0
713581,97.0
713687,106.0
713791,104.0
713899,108.0
714000,101.0
714098,98.0
714193,95.0
714286,93.0
714382,96.0
714486,104.0
714586,100.0
714599,13.0
714696,97.0
714794,98.0
714886,92.0
714988,102.0
715080,92.0
715100,20.0
715202,102.0
715314,112.0
715418,104.0
715526,108.0
715631,105.0
715747,116.0
715851,104.0
715958,107.0
716062,104.0
716161,99.0
716266,105.0
716385,119.0
716508,123.0
716620,112.0
716731,111.0
716844,113.0
716955,111.0
717074,119.0
717184,110.0
717286,102.0
717390,104.0
717492,102.0
717590,98.0
717691,101.0
717788,97.0
717883,95.0
717976,93.0
718067,91.0
718157,90.0
718250,93.0
718343,93.0
718355,12.0
718447,92.0
718537,90.0
718633,96.0
718653,20.0
718752,99.0
718851,99.0
718955,104.0
719058,103.0
719155,97.0
719257,102.0
719369,112.0
719480,111.0
719590,110.0
719709,119.0
719836,127.0
719957,121.0
720115,158.0
720244,129.0
720378,134.0
720508,130.0
720638,130.0
720767,129.0
720884,117.0
721023,139.0
721166,143.0
721178,12.0
721311,133.0
721431,120.0
721552,121.0
721693,141.0
721833,140.0
721974,141.0
722110,136.0
722255,145.0
722423,168.0
722571,148.0
722758,187.0
722911,153.0
723132,221.0
723285,153.0
723417,132.0
723754,337.0
723872,118.0
724051,179.0
724204,153.0
724378,174.0
724568,190.0
724790,222.0
724980,190.0
725363,383.0
725495,132.0
725603,108.0
725748,145.0
725932,184.0
726129,197.0
726380,251.0
726502,122.0
726780,278.0
726935,155.0
727091,156.0
727186,95.0
727295,109.0
727386,91.0
727468,82.0
727544,76.0
727629,85.0
727724,95.0
727815,91.0
727894,79.0
727968,74.0
728050,82.0
728147,97.0
728286,139.0
728512,226.0
729008,496.0
729219,211.0
729231,12.0
729361,130.0
729563,202.0
729748,185.0
729898,150.0
730050,152.0
730201,151.0
730437,236.0
730638,201.0
730812,174.0
730981,169.0
731161,180.0
731317,156.0
731493,176.0
731692,199.0
731740,48.0
731750,10.0
731760,10.0
731769,9.0
731989,220.0
732189,200.0
732349,160.0
732361,12.0
732371,10.0
732386,15.0
732544,158.0
732555,11.0
732570,15.0
732724,154.0
732890,166.0
733075,185.0
733236,161.0
733388,152.0
733551,163.0
733710,159.0
733867,157.0
734021,154.0
734160,139.0
734284,124.0
734299,15.0
734422,123.0
734525,103.0
734611,86.0
734706,95.0
734807,101.0
734910,103.0
735021,111.0
735035,14.0
735047,12.0
735058,11.0
735157,99.0
735169,12.0
735269,100.0
735375,106.0
735476,101.0
735487,11.0
735585,98.0
735681,96.0
735775,94.0
735788,13.0
735800,12.0
735811,11.0
735824,13.0
735906,82.0
735918,12.0
736014,96.0
736123,109.0
736232,109.0
736345,113.0
736472,127.0
736490,18.0
736634,144.0
736801,167.0
736978,177.0
737195,217.0
737695,500.0
738195,500.0
738491,296.0
738698,207.0
738892,194.0
738905,13.0
739074,169.0
739228,154.0
739360,132.0
739494,134.0
739994,500.0
740210,216.0
740320,110.0
740427,107.0
740526,99.0
740627,101.0
740722,95.0
740776,54.0
740867,91.0
740965,98.0
741061,96.0
741158,97.0
741255,97.0
741357,102.0
741462,105.0
741578,116.0
741698,120.0
741822,124.0
741954,132.0
742115,161.0
742130,15.0
742143,13.0
742253,110.0
742384,131.0
742497,113.0
742607,110.0
742724,117.0
742843,119.0
742952,109.0
743061,109.0
743177,116.0
743300,123.0
743421,121.0
743563,142.0
743730,167.0
743897,167.0
744049,152.0
744184,135.0
744351,167.0
744495,144.0
744639,144.0
744936,297.0
745237,301.0
745355,118.0
745477,122.0
745679,202.0
745817,138.0
746003,186.0
746246,243.0
746463,217.0
746623,160.0
746804,181.0
746978,174.0
747089,111.0
747411,322.0
747555,144.0
747892,337.0
748029,137.0
748128,99.0
748210,82.0
748293,83.0
748371,78.0
748380,9.0
748491,111.0
748628,137.0
748756,128.0
748871,115.0
748979,108.0
749085,106.0
749200,115.0
749345,145.0
749533,188.0
749801,268.0
750301,500.0
750557,256.0
750748,191.0
750971,223.0
751175,204.0
751332,157.0
751463,131.0
751619,156.0
751768,149.0
751901,133.0
752049,148.0
752198,149.0
752698,500.0
752854,156.0
753023,169.0
753355,332.0
753573,218.0
753652,79.0
753726,74.0
753819,93.0
753897,78.0
753971,74.0
754056,85.0
754143,87.0
754242,99.0
754441,199.0
754695,254.0
754952,257.0
755262,310.0
755609,347.0
755936,327.0
755947,11.0
755960,13.0
756118,158.0
756265,147.0
756526,261.0
756540,14.0
756832,292.0
757064,232.0
757278,214.0
757410,132.0
757521,111.0
757607,86.0
757716,109.0
757817,101.0
757907,90.0
758006,99.0
758033,27.0
758046,13.0
758059,13.0
758069,10.0
758080,11.0
758091,11.0
758105,14.0
758117,12.0
758129,12.0
758144,15.0
758160,16.0
758173,13.0
758189,16.0
758203,14.0
758219,16.0
758233,14.0
758247,14.0
758259,12.0
758272,13.0
758288,16.0
758300,12.0
758314,14.0
758329,15.0
758356,27.0
758388,32.0
758411,23.0
758431,20.0
758461,30.0
758486,25.0
758501,15.0
758514,13.0
758529,15.0
758541,12.0
758555,14.0
758567,12.0
758587,20.0
758603,16.0
758619,16.0
758648,29.0
758667,19.0
758686,19.0
758708,22.0
758723,15.0
758737,14.0
758751,14.0
758768,17.0
758792,24.0
758810,18.0
758832,22.0
758844,12.0
758855,11.0
758879,24.0
758910,31.0
758939,29.0
758968,29.0
758996,28.0
759028,32.0
759065,37.0
759101,36.0
759138,37.0
759224,86.0
759312,88.0
759400,88.0
759489,89.0
759579,90.0
759660,81.0
759744,84.0
759826,82.0
759836,10.0
759849,13.0
759862,13.0
759873,11.0
759958,85.0
760051,93.0
760149,98.0
760248,99.0
760351,103.0
760456,105.0
760568,112.0
760685,117.0
760802,117.0
760932,130.0
760946,14.0
760956,10.0
761103,147.0
761245,142.0
761362,117.0
761502,140.0
761616,114.0
761754,138.0
761765,11.0
761776,11.0
761897,121.0
762089,192.0
762282,193.0
762485,203.0
762721,236.0
762940,219.0
763170,230.0
763385,215.0
763617,232.0
763920,303.0
764131,211.0
764362,231.0
764610,248.0
764855,245.0
765135,280.0
765367,232.0
765537,170.0
765722,185.0
765925,203.0
766100,175.0
766274,174.0
766435,161.0
766590,155.0
766771,181.0
766932,161.0
767079,147.0
767227,148.0
767368,141.0
767503,135.0
767644,141.0
767820,176.0
768302,482.0
768515,213.0
768701,186.0
768880,179.0
769096,216.0
769247,151.0
769381,134.0
769505,124.0
769666,161.0
769868,202.0
770021,153.0
770191,170.0
770691,500.0
771067,376.0
771182,115.0
771282,100.0
771372,90.0
771466,94.0
771568,102.0
771678,110.0
771763,85.0
771855,92.0
771939,84.0
771951,12.0
771961,10.0
771970,9.0
771979,9.0
771989,10.0
771999,10.0
772008,9.0
772017,9.0
772025,8.0
772034,9.0
772043,9.0
772054,11.0
772065,11.0
772075,10.0
772085,10.0
772095,10.0
772105,10.0
772115,10.0
772125,10.0
772134,9.0
772142,8.0
772152,10.0
772161,9.0
772170,9.0
772180,10.0
772190,10.0
772199,9.0
772209,10.0
772217,8.0
772227,10.0
772236,9.0
772248,12.0
772258,10.0
772269,11.0
772384,115.0
772523,139.0
772693,170.0
772885,192.0
773113,228.0
773340,227.0
773626,286.0
774126,500.0
774626,500.0
775126,500.0
775626,500.0
776126,500.0
776169,43.0
776669,500.0
777141,472.0
777153,12.0
777386,233.0
777886,500.0
778386,500.0
778886,500.0
779040,154.0
779236,196.0
779736,500.0
780236,500.0
780736,500.0
781236,500.0
781736,500.0
781748,12.0
782248,500.0
782748,500.0
783062,314.0
783562,500.0
784062,500.0
784562,500.0
785062,500.0
785562,500.0
786062,500.0
786562,500.0
787062,500.0
787562,500.0
787574,12.0
787716,142.0
787731,15.0
787855,124.0
787980,125.0
788106,126.0
788235,129.0
788360,125.0
788492,132.0
788640,148.0
788652,12.0
788805,153.0
788816,11.0
788987,171.0
789135,148.0
789264,129.0
789394,130.0
789517,123.0
789633,116.0
789746,113.0
789865,119.0
789976,111.0
790080,104.0
790186,106.0
790301,115.0
790422,121.0
790433,11.0
790588,155.0
790603,15.0
790742,139.0
790895,153.0
791044,149.0
791055,11.0
791192,137.0
791206,14.0
791375,169.0
791542,167.0
791554,12.0
791823,269.0
792068,245.0
792447,379.0
792947,500.0
793154,207.0
793654,500.0
793836,182.0
794336,500.0
794347,11.0
794847,500.0
795347,500.0
795847,500.0
796347,500.0
796847,500.0
797020,173.0
797233,213.0
797733,500.0
798233,500.0
798733,500.0
799233,500.0
799733,500.0
799940,207.0
800110,170.0
800272,162.0
800772,500.0
801190,418.0
801305,115.0
801439,134.0
801644,205.0
801802,158.0
801941,139.0
802073,132.0
802183,110.0
802311,128.0
802506,195.0
802629,123.0
802759,130.0
802881,122.0
803012,131.0
803140,128.0
803330,190.0
803695,365.0
803803,108.0
803981,178.0
804218,237.0
804718,500.0
804932,214.0
805432,500.0
805932,500.0
806072,140.0
806255,183.0
806755,500.0
807255,500.0
807492,237.0
807774,282.0
808143,369.0
808319,176.0
808469,150.0
808916,447.0
808929,13.0
808941,12.0
808952,11.0
808963,11.0
808972,9.0
808981,9.0
808992,11.0
809004,12.0
809119,115.0
809130,11.0
809140,10.0
809152,12.0
809163,11.0
809175,12.0
809184,9.0
809194,10.0
809205,11.0
809307,102.0
809319,12.0
809459,140.0
809579,120.0
809701,122.0
809817,116.0
809931,114.0
809945,14.0
810075,130.0
810206,131.0
810333,127.0
810456,123.0
810586,130.0
810705,119.0
810826,121.0
811262,436.0
811374,112.0
811491,117.0
811601,110.0
811715,114.0
811822,107.0
811941,119.0
812059,118.0
812073,14.0
812404,331.0
812688,284.0
813007,319.0
813507,500.0
814007,500.0
814507,500.0
815007,500.0
815507,500.0
816007,500.0
816507,500.0
817007,500.0
817507,500.0
818007,500.0
818507,500.0
819007,500.0
819507,500.0
820007,500.0
820507,500.0
820520,13.0
820533,13.0
820544,11.0
820555,11.0
820565,10.0
820575,10.0
820586,11.0
820597,11.0
820608,11.0
820619,11.0
820631,12.0
820643,12.0
820653,10.0
820664,11.0
820674,10.0
820685,11.0
820882,197.0
820892,10.0
821392,500.0
821531,139.0
821655,124.0
821775,120.0
821899,124.0
822025,126.0
822036,11.0
822173,137.0
822352,179.0
822557,205.0
823057,500.0
823177,120.0
823189,12.0
823316,127.0
823438,122.0
823563,125.0
823689,126.0
823825,136.0
823956,131.0
824082,126.0
824211,129.0
824338,127.0
824467,129.0
824607,140.0
824745,138.0
824882,137.0
825013,131.0
825139,126.0
825254,115.0
825371,117.0
825487,116.0
825614,127.0
825734,120.0
825748,14.0
825865,117.0
826365,500.0
826865,500.0
827365,500.0
827865,500.0
828365,500.0
828596,231.0
828715,119.0
829212,497.0
829314,102.0
829416,102.0
829518,102.0
829627,109.0
829733,106.0
829744,11.0
829853,109.0
829960,107.0
830070,110.0
830182,112.0
830300,118.0
830414,114.0
830529,115.0
830650,121.0
830769,119.0
830893,124.0
831017,124.0
831145,128.0
831299,154.0
831432,133.0
831906,474.0
832053,147.0
832180,127.0
832192,12.0
832307,115.0
832317,10.0
832458,141.0
832821,363.0
833136,315.0
833485,349.0
833644,159.0
833771,127.0
834078,307.0
834350,272.0
834850,500.0
835350,500.0
835362,12.0
835523,161.0
835654,131.0
835794,140.0
835932,138.0
836065,133.0
836221,156.0
836338,117.0
836457,119.0
836568,111.0
836607,39.0
836692,85.0
836733,41.0
836851,118.0
837351,500.0
837499,148.0
837524,25.0
837627,103.0
837684,57.0
838184,500.0
838226,42.0
838240,14.0
838649,409.0
838708,59.0
838829,121.0
838934,105.0
839262,328.0
839334,72.0
839346,12.0
839846,500.0
839976,130.0
840081,105.0
840185,104.0
840290,105.0
840399,109.0
840411,12.0
840517,106.0
840623,106.0
840729,106.0
840829,100.0
840934,105.0
841042,108.0
841150,108.0
841258,108.0
841368,110.0
841474,106.0
841582,108.0
841694,112.0
841803,109.0
841913,110.0
842019,106.0
842134,115.0
842252,118.0
842375,123.0
842492,117.0
842504,12.0
842620,116.0
842741,121.0
842870,129.0
842996,126.0
843124,128.0
843267,143.0
843393,126.0
843543,150.0
843697,154.0
843848,151.0
844004,156.0
844286,282.0
844464,178.0
844646,182.0
844816,170.0
845224,408.0
845393,169.0
845405,12.0
845415,10.0
845427,12.0
845437,10.0
845448,11.0
845457,9.0
845469,12.0
845480,11.0
845556,76.0
845628,72.0
845702,74.0
845782,80.0
845795,13.0
845809,14.0
845885,76.0
845897,12.0
845975,78.0
845990,15.0
846004,14.0
846085,81.0
846099,14.0
846188,89.0
846284,96.0
846374,90.0
846471,97.0
846567,96.0
846668,101.0
846776,108.0
846883,107.0
846990,107.0
847115,125.0
847258,143.0
847502,244.0
847661,159.0
847801,140.0
847951,150.0
848102,151.0
848253,151.0
848413,160.0
848563,150.0
848711,148.0
848871,160.0
849027,156.0
849176,149.0
849317,141.0
849449,132.0
849581,132.0
849711,130.0
849852,141.0
849937,85.0
850122,185.0
850300,178.0
850487,187.0
850676,189.0
850842,166.0
851003,161.0
851176,173.0
851352,176.0
851533,181.0
851706,173.0
851898,192.0
852071,173.0
852239,168.0
852387,148.0
852527,140.0
852693,166.0
852835,142.0
852967,132.0
853104,137.0
853274,170.0
853445,171.0
853618,173.0
853820,202.0
854026,206.0
854526,500.0
855026,500.0
855526,500.0
855999,473.0
856173,174.0
856316,143.0
856451,135.0
856595,144.0
856723,128.0
856736,13.0
856871,135.0
857015,144.0
857181,166.0
857322,141.0
857333,11.0
857472,139.0
857485,13.0
857635,150.0
857786,151.0
857796,10.0
857943,147.0
858087,144.0
858212,125.0
858341,129.0
858353,12.0
858481,128.0
858609,128.0
858734,125.0
858856,122.0
858975,119.0
859104,129.0
859230,126.0
859367,137.0
859506,139.0
859644,138.0
859784,140.0
859918,134.0
860053,135.0
860234,181.0
860395,161.0
860554,159.0
860728,174.0
860922,194.0
861182,260.0
861454,272.0
861954,500.0
862454,500.0
862954,500.0
863454,500.0
863954,500.0
864454,500.0
864954,500.0
865326,372.0
865826,500.0
866012,186.0
866096,84.0
866127,31.0
866190,63.0
866264,74.0
866275,11.0
866287,12.0
866298,11.0
866311,13.0
866326,15.0
866392,66.0
866463,71.0
866527,64.0
866539,12.0
866606,67.0
866619,13.0
866691,72.0
866767,76.0
866841,74.0
866922,81.0
866934,12.0
867007,73.0
867019,12.0
867036,17.0
867131,95.0
867221,90.0
867306,85.0
867402,96.0
867503,101.0
867603,100.0
867708,105.0
867811,103.0
867922,111.0
868031,109.0
868045,14.0
868171,126.0
868303,132.0
868431,128.0
868558,127.0
868685,127.0
868809,124.0
868934,125.0
869064,130.0
869211,147.0
869388,177.0
869576,188.0
869759,183.0
869928,169.0
870207,279.0
870707,500.0
870942,235.0
870954,12.0
871086,132.0
871586,500.0
871802,216.0
872302,500.0
872802,500.0
873302,500.0
873568,266.0
873808,240.0
874018,210.0
874192,174.0
874209,17.0
874350,141.0
874491,141.0
874611,120.0
874730,119.0
874856,126.0
874983,127.0
875098,115.0
875206,108.0
875313,107.0
875420,107.0
875520,100.0
875624,104.0
875729,105.0
875835,106.0
875941,106.0
876047,106.0
876164,117.0
876281,117.0
876397,116.0
876519,122.0
876638,119.0
876772,134.0
876913,141.0
877058,145.0
877193,135.0
877331,138.0
877477,146.0
877631,154.0
877758,127.0
877890,132.0
878073,183.0
878275,202.0
878409,134.0
878537,128.0
878652,115.0
878768,116.0
878877,109.0
878989,112.0
879002,13.0
879013,11.0
879123,110.0
879227,104.0
879343,116.0
879470,127.0
879605,135.0
879739,134.0
879883,144.0
880021,138.0
880166,145.0
880289,123.0
880459,170.0
880669,210.0
880775,106.0
880927,152.0
881087,160.0
881379,292.0
881666,287.0
881935,269.0
882246,311.0
882746,500.0
883246,500.0
883330,84.0
883830,500.0
884330,500.0
884830,500.0
885330,500.0
885408,78.0
885419,11.0
885471,52.0
885499,28.0
885999,500.0
886422,423.0
886522,100.0
887022,500.0
887522,500.0
887786,264.0
887991,205.0
888123,132.0
888243,120.0
888352,109.0
888465,113.0
888580,115.0
888677,97.0
888689,12.0
888788,99.0
888891,103.0
888998,107.0
889103,105.0
889118,15.0
889220,102.0
889319,99.0
889416,97.0
889498,82.0
889585,87.0
889667,82.0
889724,57.0
889801,77.0
889875,74.0
889947,72.0
890034,87.0
890127,93.0
890213,86.0
890301,88.0
890401,100.0
890492,91.0
890588,96.0
890679,91.0
890691,12.0
890798,107.0
890897,99.0
890997,100.0
891101,104.0
891203,102.0
891305,102.0
891400,95.0
891494,94.0
891586,92.0
891601,15.0
891703,102.0
891803,100.0
891904,101.0
892004,100.0
892017,13.0
892120,103.0
892228,108.0
892342,114.0
892458,116.0
892579,121.0
892693,114.0
892809,116.0
892925,116.0
893052,127.0
893167,115.0
893269,102.0
893372,103.0
893476,104.0
893575,99.0
893681,106.0
893786,105.0
893891,105.0
893988,97.0
894093,105.0
894195,102.0
894302,107.0
894410,108.0
894508,98.0
894609,101.0
894714,105.0
894744,30.0
894857,113.0
894989,132.0
895133,144.0
895287,154.0
895440,153.0
895582,142.0
895746,164.0
895916,170.0
896191,275.0
896332,141.0
896454,122.0
896574,120.0
896690,116.0
896822,132.0
896937,115.0
897057,120.0
897179,122.0
897294,115.0
897398,104.0
897519,121.0
897650,131.0
897778,128.0
897910,132.0
898043,133.0
898167,124.0
898281,114.0
898390,109.0
898491,101.0
898609,118.0
898720,111.0
898828,108.0
898959,131.0
899077,118.0
899184,107.0
899290,106.0
899397,107.0
899489,92.0
899501,12.0
899516,15.0
899527,11.0
899538,11.0
899636,98.0
899732,96.0
899825,93.0
899922,97.0
900016,94.0
900109,93.0
900151,42.0
900240,89.0
900250,10.0
900348,98.0
900446,98.0
900553,107.0
900647,94.0
900741,94.0
900838,97.0
900929,91.0
900957,28.0
901053,96.0
901147,94.0
901242,95.0
901343,101.0
901441,98.0
901454,13.0
901553,99.0
901653,100.0
901750,97.0
901852,102.0
901956,104.0
902059,103.0
902158,99.0
902251,93.0
902265,14.0
902367,102.0
902465,98.0
902564,99.0
902659,95.0
902756,97.0
902848,92.0
902945,97.0
903038,93.0
903137,99.0
903233,96.0
903324,91.0
903354,30.0
903449,95.0
903556,107.0
903663,107.0
903766,103.0
903870,104.0
903974,104.0
904077,103.0
904176,99.0
904277,101.0
904373,96.0
904473,100.0
904577,104.0
904690,113.0
904794,104.0
904904,110.0
905017,113.0
905122,105.0
905230,108.0
905327,97.0
905338,11.0
905443,105.0
905550,107.0
905653,103.0
905757,104.0
905855,98.0
905953,98.0
906053,100.0
906148,95.0
906249,101.0
906349,100.0
906460,111.0
906573,113.0
906694,121.0
906814,120.0
906932,118.0
907058,126.0
907175,117.0
907286,111.0
907389,103.0
907488,99.0
907593,105.0
907694,101.0
907795,101.0
907898,103.0
908001,103.0
908113,112.0
908219,106.0
908328,109.0
908438,110.0
908556,118.0
908675,119.0
908788,113.0
908908,120.0
909034,126.0
909148,114.0
909256,108.0
909347,91.0
909361,14.0
909372,11.0
909407,35.0
909421,14.0
909512,91.0
909607,95.0
909700,93.0
909797,97.0
909893,96.0
909988,95.0
910082,94.0
910174,92.0
910266,92.0
910354,88.0
910448,94.0
910458,10.0
910469,11.0
910502,33.0
910530,28.0
910573,43.0
910663,90.0
910756,93.0
910850,94.0
910941,91.0
911036,95.0
911127,91.0
911218,91.0
911310,92.0
911405,95.0
911504,99.0
911606,102.0
911710,104.0
911815,105.0
911923,108.0
912038,115.0
912159,121.0
912283,124.0
912413,130.0
912549,136.0
912677,128.0
912816,139.0
912940,124.0
913077,137.0
913231,154.0
913498,267.0
913998,500.0
914147,149.0
914283,136.0
914428,145.0
914561,133.0
914697,136.0
914838,141.0
914978,140.0
915107,129.0
915224,117.0
915345,121.0
915468,123.0
915603,135.0
915724,121.0
915849,125.0
915988,139.0
916126,138.0
916288,162.0
916444,156.0
916631,187.0
917025,394.0
917525,500.0
917782,257.0
917909,127.0
918012,103.0
918114,102.0
918209,95.0
918221,12.0
918232,11.0
918244,12.0
918256,12.0
918365,109.0
918489,124.0
918615,126.0
918740,125.0
918876,136.0
919000,124.0
919139,139.0
919280,141.0
919423,143.0
919565,142.0
919695,130.0
919821,126.0
919954,133.0
920086,132.0
920209,123.0
920332,123.0
920467,135.0
920589,122.0
920702,113.0
920810,108.0
920923,113.0
921031,108.0
921134,103.0
921147,13.0
921157,10.0
921170,13.0
921182,12.0
921192,10.0
921201,9.0
921212,11.0
921226,14.0
921237,11.0
921249,12.0
921262,13.0
921272,10.0
921285,13.0
921298,13.0
921311,13.0
921322,11.0
921334,12.0
921348,14.0
921445,97.0
921553,108.0
921675,122.0
921813,138.0
921948,135.0
922091,143.0
922237,146.0
922392,155.0
922544,152.0
922695,151.0
922839,144.0
922972,133.0
923110,138.0
923236,126.0
923354,118.0
923469,115.0
923585,116.0
923694,109.0
923801,107.0
923813,12.0
923825,12.0
923836,11.0
923847,11.0
923857,10.0
923868,11.0
923881,13.0
923985,104.0
924077,92.0
924174,97.0
924186,12.0
924199,13.0
924211,12.0
924223,12.0
924234,11.0
924245,11.0
924256,11.0
924267,11.0
924276,9.0
924286,10.0
924296,10.0
924307,11.0
924405,98.0
924417,12.0
924528,111.0
924642,114.0
924758,116.0
924888,130.0
925005,117.0
925015,10.0
925148,133.0
925278,130.0
925399,121.0
925521,122.0
925616,95.0
925719,103.0
925821,102.0
925921,100.0
926027,106.0
926134,107.0
926229,95.0
926322,93.0
926422,100.0
926533,111.0
926636,103.0
926733,97.0
926838,105.0
926934,96.0
927030,96.0
927135,105.0
927244,109.0
927355,111.0
927471,116.0
927592,121.0
927710,118.0
927821,111.0
927933,112.0
928046,113.0
928171,125.0
928282,111.0
928399,117.0
928519,120.0
928624,105.0
928732,108.0
928852,120.0
928977,125.0
929099,122.0
929229,130.0
929361,132.0
929492,131.0
929629,137.0
929793,164.0
930172,379.0
930326,154.0
930504,178.0
930636,132.0
930774,138.0
930907,133.0
931151,244.0
931421,270.0
931534,113.0
931635,101.0
931685,50.0
931734,49.0
931770,36.0
931811,41.0
931873,62.0
931971,98.0
932022,51.0
932089,67.0
932234,145.0
932451,217.0
932601,150.0
932765,164.0
932897,132.0
933043,146.0
933180,137.0
933305,125.0
933432,127.0
933556,124.0
933677,121.0
933802,125.0
933918,116.0
934041,123.0
934153,112.0
934252,99.0
934364,112.0
934488,124.0
934598,110.0
934796,198.0
934927,131.0
935048,121.0
935152,104.0
935248,96.0
935353,105.0
935460,107.0
935564,104.0
935670,106.0
935794,124.0
936021,227.0
936147,126.0
936285,138.0
936423,138.0
936568,145.0
936724,156.0
936836,112.0
936941,105.0
937030,89.0
937117,87.0
937128,11.0
937139,11.0
937150,11.0
937160,10.0
937171,11.0
937183,12.0
937269,86.0
937279,10.0
937291,12.0
937379,88.0
937472,93.0
937567,95.0
937579,12.0
937671,92.0
937682,11.0
937779,97.0
937872,93.0
937965,93.0
938063,98.0
938074,11.0
938174,100.0
938187,13.0
938199,12.0
938211,12.0
938222,11.0
938233,11.0
938242,9.0
938335,93.0
938345,10.0
938437,92.0
938448,11.0
938459,11.0
938471,12.0
938569,98.0
938667,98.0
938765,98.0
938870,105.0
938881,11.0
938981,100.0
939085,104.0
939195,110.0
939298,103.0
939399,101.0
939414,15.0
939516,102.0
939527,11.0
939631,104.0
939645,14.0
939747,102.0
939854,107.0
939869,15.0
939983,114.0
940112,129.0
940233,121.0
940245,12.0
940371,126.0
940490,119.0
940634,144.0
941134,500.0
941495,361.0
941995,500.0
942296,301.0
942648,352.0
942803,155.0
942967,164.0
943143,176.0
943301,158.0
943471,170.0
943714,243.0
944214,500.0
944510,296.0
944962,452.0
945113,151.0
945231,118.0
945346,115.0
945465,119.0
945565,100.0
945684,119.0
945803,119.0
945926,123.0
946052,126.0
946186,134.0
946362,176.0
946678,316.0
946690,12.0
946702,12.0
946713,11.0
946725,12.0
946736,11.0
946853,117.0
947124,271.0
947559,435.0
947623,64.0
947769,146.0
947827,58.0
947841,14.0
947868,27.0
947896,28.0
947925,29.0
947968,43.0
948008,40.0
948019,11.0
948030,11.0
948063,33.0
948101,38.0
948164,63.0
948192,28.0
948256,64.0
948312,56.0
948337,25.0
948349,12.0
948392,43.0
948406,14.0
948433,27.0
948472,39.0
948522,50.0
948553,31.0
948609,56.0
948726,117.0
948738,12.0
948767,29.0
948796,29.0
948965,169.0
948995,30.0
949094,99.0
949123,29.0
949153,30.0
949214,61.0
949239,25.0
949285,46.0
949312,27.0
949337,25.0
949349,12.0
949376,27.0
949432,56.0
949494,62.0
949607,113.0
949619,12.0
949630,11.0
949642,12.0
949743,101.0
949983,240.0
950039,56.0
950050,11.0
950221,171.0
950310,89.0
950582,272.0
950873,291.0
951237,364.0
951470,233.0
951970,500.0
952470,500.0
952801,331.0
953301,500.0
953801,500.0
954301,500.0
954801,500.0
955301,500.0
955801,500.0
956301,500.0
956313,12.0
956757,444.0
957105,348.0
957238,133.0
957540,302.0
958040,500.0
958540,500.0
958830,290.0
959114,284.0
959418,304.0
959583,165.0
959724,141.0
960011,287.0
960469,458.0
960625,156.0
960996,371.0
961123,127.0
961257,134.0
961610,353.0
961740,130.0
961880,140.0
962012,132.0
962169,157.0
962564,395.0
962707,143.0
963207,500.0
963326,119.0
963480,154.0
963703,223.0
964203,500.0
964614,411.0
964746,132.0
964878,132.0
965192,314.0
965354,162.0
965451,97.0
965518,67.0
965572,54.0
965583,11.0
965596,13.0
965606,10.0
965618,12.0
965629,11.0
965639,10.0
965652,13.0
965662,10.0
965672,10.0
965683,11.0
965695,12.0
965706,11.0
965721,15.0
965734,13.0
965745,11.0
965757,12.0
965769,12.0
965780,11.0
965792,12.0
965805,13.0
965818,13.0
965830,12.0
965844,14.0
965858,14.0
965908,50.0
965978,70.0
966079,101.0
966198,119.0
966319,121.0
966439,120.0
966581,142.0
966727,146.0
966888,161.0
967388,500.0
967495,107.0
967667,172.0
967818,151.0
967965,147.0
968117,152.0
968279,162.0
968468,189.0
968968,500.0
969442,474.0
969597,155.0
969708,111.0
969808,100.0
969916,108.0
970019,103.0
970054,35.0
970079,25.0
970090,11.0
970103,13.0
970118,15.0
970127,9.0
970138,11.0
970152,14.0
970164,12.0
970177,13.0
970188,11.0
970201,13.0
970210,9.0
970227,17.0
970237,10.0
970248,11.0
970259,11.0
970275,16.0
970290,15.0
970301,11.0
970328,27.0
970340,12.0
970352,12.0
970374,22.0
970391,17.0
970414,23.0
970431,17.0
970448,17.0
970462,14.0
970480,18.0
970496,16.0
970510,14.0
970523,13.0
970536,13.0
970551,15.0
970564,13.0
970575,11.0
970591,16.0
970605,14.0
970623,18.0
970635,12.0
970648,13.0
970667,19.0
970681,14.0
970694,13.0
970708,14.0
970727,19.0
970742,15.0
970754,12.0
970766,12.0
970780,14.0
970792,12.0
970807,15.0
970818,11.0
970832,14.0
970844,12.0
970856,12.0
970870,14.0
970883,13.0
970897,14.0
970909,12.0
970923,14.0
970937,14.0
970949,12.0
970962,13.0
970976,14.0
970989,13.0
971003,14.0
971019,16.0
971039,20.0
971055,16.0
971145,90.0
971161,16.0
971261,100.0
971294,33.0
971397,103.0
971499,102.0
971602,103.0
971703,101.0
971809,106.0
971913,104.0
972019,106.0
972129,110.0
972244,115.0
972361,117.0
972479,118.0
972589,110.0
972699,110.0
972813,114.0
972927,114.0
973037,110.0
973052,15.0
973066,14.0
973078,12.0
973187,109.0
973306,119.0
973423,117.0
973533,110.0
973639,106.0
973750,111.0
973853,103.0
973953,100.0
974055,102.0
974160,105.0
974279,119.0
974396,117.0
974409,13.0
974525,116.0
974650,125.0
974802,152.0
975302,500.0
975482,180.0
975917,435.0
976417,500.0
976581,164.0
976689,108.0
976816,127.0
976827,11.0
976958,131.0
977458,500.0
977657,199.0
978157,500.0
978657,500.0
979157,500.0
979657,500.0
980157,500.0
980657,500.0
981157,500.0
981657,500.0
982157,500.0
982657,500.0
983157,500.0
983657,500.0
984157,500.0
984657,500.0
984933,276.0
984944,11.0
984954,10.0
984963,9.0
984973,10.0
984984,11.0
984993,9.0
985003,10.0
985013,10.0
985023,10.0
985034,11.0
985045,11.0
985055,10.0
985065,10.0
985137,72.0
985148,11.0
985159,11.0
985171,12.0
985284,113.0
985390,106.0
985489,99.0
985500,11.0
985512,12.0
985524,12.0
985534,10.0
985544,10.0
985557,13.0
985567,10.0
985657,90.0
985755,98.0
985767,12.0
985861,94.0
985874,13.0
985968,94.0
986068,100.0
986079,11.0
986178,99.0
986273,95.0
986283,10.0
986378,95.0
986470,92.0
986564,94.0
986576,12.0
986588,12.0
986598,10.0
986612,14.0
986624,12.0
986637,13.0
986731,94.0
986744,13.0
986842,98.0
986941,99.0
987046,105.0
987147,101.0
987242,95.0
987254,12.0
987267,13.0
987357,90.0
987464,107.0
987559,95.0
987654,95.0
987668,14.0
987763,95.0
987861,98.0
987959,98.0
988051,92.0
988064,13.0
988077,13.0
988095,18.0
988205,110.0
988316,111.0
988429,113.0
988538,109.0
988651,113.0
988770,119.0
988879,109.0
988996,117.0
989110,114.0
989239,129.0
989370,131.0
989508,138.0
989649,141.0
989796,147.0
989958,162.0
990106,148.0
990306,200.0
990806,500.0
991206,400.0
991383,177.0
991883,500.0
992383,500.0
992883,500.0
992895,12.0
993395,500.0
993895,500.0
994046,151.0
994546,500.0
995046,500.0
995516,470.0
996016,500.0
996516,500.0
997016,500.0
997516,500.0
998016,500.0
998516,500.0
999016,500.0
999516,500.0
