env_step,episode_return
16,16.0
29,13.0
50,21.0
73,23.0
165,92.0
182,17.0
207,25.0
229,22.0
250,21.0
264,14.0
287,23.0
296,9.0
312,16.0
322,10.0
341,19.0
358,17.0
391,33.0
455,64.0
479,24.0
493,14.0
510,17.0
524,14.0
598,74.0
640,42.0
652,12.0
682,30.0
693,11.0
718,25.0
745,27.0
762,17.0
782,20.0
799,17.0
817,18.0
830,13.0
860,30.0
879,19.0
897,18.0
909,12.0
922,13.0
934,12.0
952,18.0
972,20.0
987,15.0
1026,39.0
1043,17.0
1065,22.0
1137,72.0
1159,22.0
1188,29.0
1207,19.0
1222,15.0
1238,16.0
1264,26.0
1281,17.0
1296,15.0
1339,43.0
1360,21.0
1385,25.0
1401,16.0
1445,44.0
1457,12.0
1468,11.0
1494,26.0
1588,94.0
1599,11.0
1636,37.0
1651,15.0
1664,13.0
1677,13.0
1690,13.0
1706,16.0
1740,34.0
1761,21.0
1781,20.0
1796,15.0
1847,51.0
1862,15.0
1905,43.0
1926,21.0
1939,13.0
1955,16.0
1972,17.0
1993,21.0
2011,18.0
2026,15.0
2043,17.0
2058,15.0
2083,25.0
2099,16.0
2110,11.0
2134,24.0
2153,19.0
2172,19.0
2197,25.0
2245,48.0
2261,16.0
2287,26.0
2302,15.0
2337,35.0
2353,16.0
2366,13.0
2385,19.0
2411,26.0
2421,10.0
2449,28.0
2468,19.0
2486,18.0
2514,28.0
2528,14.0
2543,15.0
2580,37.0
2591,11.0
2632,41.0
2650,18.0
2661,11.0
2695,34.0
2722,27.0
2734,12.0
2785,51.0
2801,16.0
2813,12.0
2829,16.0
2847,18.0
2874,27.0
2914,40.0
2930,16.0
2955,25.0
3028,73.0
3043,15.0
3070,27.0
3085,15.0
3101,16.0
3112,11.0
3127,15.0
3137,10.0
3151,14.0
3168,17.0
3185,17.0
3217,32.0
3242,25.0
3252,10.0
3278,26.0
3324,46.0
3347,23.0
3370,23.0
3400,30.0
3413,13.0
3432,19.0
3453,21.0
3465,12.0
3486,21.0
3508,22.0
3538,30.0
3562,24.0
3575,13.0
3593,18.0
3605,12.0
3618,13.0
3639,21.0
3659,20.0
3677,18.0
3691,14.0
3711,20.0
3733,22.0
3769,36.0
3779,10.0
3797,18.0
3813,16.0
3849,36.0
3872,23.0
3881,9.0
3900,19.0
3910,10.0
3949,39.0
3959,10.0
3994,35.0
4015,21.0
4037,22.0
4050,13.0
4064,14.0
4083,19.0
4114,31.0
4174,60.0
4227,53.0
4247,20.0
4257,10.0
4302,45.0
4315,13.0
4333,18.0
4351,18.0
4378,27.0
4392,14.0
4407,15.0
4440,33.0
4463,23.0
4484,21.0
4510,26.0
4524,14.0
4536,12.0
4548,12.0
4569,21.0
4578,9.0
4602,24.0
4638,36.0
4661,23.0
4683,22.0
4753,70.0
4767,14.0
4788,21.0
4857,69.0
4880,23.0
4902,22.0
4927,25.0
4942,15.0
4966,24.0
5000,34.0
5018,18.0
5026,8.0
5057,31.0
5071,14.0
5115,44.0
5149,34.0
5179,30.0
5191,12.0
5244,53.0
5260,16.0
5276,16.0
5291,15.0
5327,36.0
5352,25.0
5365,13.0
5404,39.0
5416,12.0
5450,34.0
5463,13.0
5491,28.0
5545,54.0
5571,26.0
5597,26.0
5645,48.0
5679,34.0
5697,18.0
5744,47.0
5757,13.0
5771,14.0
5783,12.0
5807,24.0
5857,50.0
5903,46.0
5939,36.0
5952,13.0
5976,24.0
5988,12.0
6003,15.0
6020,17.0
6035,15.0
6063,28.0
6074,11.0
6088,14.0
6104,16.0
6122,18.0
6161,39.0
6179,18.0
6206,27.0
6217,11.0
6232,15.0
6243,11.0
6281,38.0
6306,25.0
6348,42.0
6390,42.0
6414,24.0
6452,38.0
6472,20.0
6500,28.0
6524,24.0
6549,25.0
6563,14.0
6594,31.0
6609,15.0
6625,16.0
6688,63.0
6702,14.0
6714,12.0
6735,21.0
6747,12.0
6764,17.0
6781,17.0
6805,24.0
6850,45.0
6876,26.0
6903,27.0
6923,20.0
6951,28.0
6985,34.0
7020,35.0
7075,55.0
7096,21.0
7121,25.0
7171,50.0
7187,16.0
7206,19.0
7217,11.0
7236,19.0
7257,21.0
7273,16.0
7283,10.0
7302,19.0
7320,18.0
7378,58.0
7402,24.0
7423,21.0
7438,15.0
7451,13.0
7494,43.0
7532,38.0
7554,22.0
7599,45.0
7619,20.0
7640,21.0
7651,11.0
7678,27.0
7709,31.0
7731,22.0
7745,14.0
7773,28.0
7798,25.0
7829,31.0
7841,12.0
7909,68.0
7931,22.0
7947,16.0
7963,16.0
8006,43.0
8038,32.0
8059,21.0
8077,18.0
8137,60.0
8154,17.0
8167,13.0
8207,40.0
8255,48.0
8271,16.0
8288,17.0
8310,22.0
8325,15.0
8386,61.0
8410,24.0
8422,12.0
8439,17.0
8461,22.0
8477,16.0
8488,11.0
8499,11.0
8516,17.0
8550,34.0
8562,12.0
8591,29.0
8600,9.0
8610,10.0
8662,52.0
8693,31.0
8721,28.0
8748,27.0
8775,27.0
8790,15.0
8813,23.0
8828,15.0
8916,88.0
8966,50.0
8981,15.0
9009,28.0
9032,23.0
9066,34.0
9098,32.0
9130,32.0
9145,15.0
9166,21.0
9211,45.0
9258,47.0
9281,23.0
9295,14.0
9423,128.0
9470,47.0
9483,13.0
9505,22.0
9523,18.0
9538,15.0
9551,13.0
9614,63.0
9677,63.0
9703,26.0
9716,13.0
9748,32.0
9774,26.0
9791,17.0
9877,86.0
9888,11.0
9903,15.0
9914,11.0
9984,70.0
9997,13.0
10027,30.0
10091,64.0
10151,60.0
10189,38.0
10230,41.0
10248,18.0
10274,26.0
10326,52.0
10345,19.0
10359,14.0
10376,17.0
10387,11.0
10412,25.0
10440,28.0
10506,66.0
10526,20.0
10633,107.0
10653,20.0
10677,24.0
10688,11.0
10767,79.0
10848,81.0
10860,12.0
10875,15.0
10900,25.0
10975,75.0
10989,14.0
11062,73.0
11082,20.0
11131,49.0
11201,70.0
11285,84.0
11305,20.0
11326,21.0
11356,30.0
11367,11.0
11387,20.0
11453,66.0
11479,26.0
11501,22.0
11515,14.0
11535,20.0
11552,17.0
11575,23.0
11605,30.0
11632,27.0
11664,32.0
11695,31.0
11779,84.0
11802,23.0
11823,21.0
11857,34.0
11881,24.0
11895,14.0
11916,21.0
12011,95.0
12025,14.0
12043,18.0
12059,16.0
12081,22.0
12109,28.0
12119,10.0
12136,17.0
12152,16.0
12186,34.0
12200,14.0
12283,83.0
12297,14.0
12353,56.0
12379,26.0
12425,46.0
12523,98.0
12535,12.0
12570,35.0
12595,25.0
12685,90.0
12704,19.0
12749,45.0
12760,11.0
12811,51.0
12832,21.0
12846,14.0
12860,14.0
12924,64.0
12939,15.0
12982,43.0
13026,44.0
13127,101.0
13178,51.0
13197,19.0
13236,39.0
13288,52.0
13301,13.0
13313,12.0
13333,20.0
13365,32.0
13386,21.0
13407,21.0
13421,14.0
13430,9.0
13462,32.0
13474,12.0
13494,20.0
13513,19.0
13532,19.0
13568,36.0
13633,65.0
13671,38.0
13688,17.0
13702,14.0
13728,26.0
13861,133.0
13912,51.0
13924,12.0
13968,44.0
14002,34.0
14021,19.0
14050,29.0
14070,20.0
14084,14.0
14100,16.0
14144,44.0
14173,29.0
14206,33.0
14289,83.0
14321,32.0
14375,54.0
14388,13.0
14424,36.0
14453,29.0
14487,34.0
14501,14.0
14534,33.0
14556,22.0
14610,54.0
14632,22.0
14768,136.0
14807,39.0
14826,19.0
14867,41.0
14951,84.0
14990,39.0
15004,14.0
15034,30.0
15052,18.0
15093,41.0
15119,26.0
15136,17.0
15256,120.0
15272,16.0
15323,51.0
15374,51.0
15451,77.0
15486,35.0
15524,38.0
15558,34.0
15592,34.0
15671,79.0
15709,38.0
15803,94.0
15847,44.0
15907,60.0
16092,185.0
16133,41.0
16194,61.0
16266,72.0
16284,18.0
16382,98.0
16421,39.0
16545,124.0
16579,34.0
16625,46.0
16642,17.0
16690,48.0
16769,79.0
16811,42.0
16939,128.0
16970,31.0
17073,103.0
17089,16.0
17122,33.0
17213,91.0
17300,87.0
17347,47.0
17438,91.0
17471,33.0
17519,48.0
17572,53.0
17592,20.0
17625,33.0
17647,22.0
17725,78.0
17744,19.0
17792,48.0
17881,89.0
17896,15.0
17926,30.0
17976,50.0
17990,14.0
18015,25.0
18030,15.0
18086,56.0
18164,78.0
18229,65.0
18256,27.0
18313,57.0
18331,18.0
18485,154.0
18518,33.0
18615,97.0
18639,24.0
18718,79.0
18771,53.0
18786,15.0
18809,23.0
18857,48.0
18901,44.0
18940,39.0
19042,102.0
19067,25.0
19145,78.0
19155,10.0
19196,41.0
19255,59.0
19276,21.0
19336,60.0
19353,17.0
19387,34.0
19414,27.0
19454,40.0
19518,64.0
19605,87.0
19654,49.0
19715,61.0
19804,89.0
19893,89.0
19944,51.0
19958,14.0
20124,166.0
20158,34.0
20189,31.0
20272,83.0
20291,19.0
20366,75.0
20392,26.0
20484,92.0
20580,96.0
20630,50.0
20665,35.0
20694,29.0
20740,46.0
20868,128.0
20896,28.0
20982,86.0
21004,22.0
21082,78.0
21098,16.0
21215,117.0
21235,20.0
21314,79.0
21351,37.0
21387,36.0
21415,28.0
21443,28.0
21487,44.0
21507,20.0
21531,24.0
21603,72.0
21619,16.0
21702,83.0
21744,42.0
21758,14.0
21781,23.0
21931,150.0
21990,59.0
22042,52.0
22137,95.0
22159,22.0
22225,66.0
22253,28.0
22323,70.0
22349,26.0
22377,28.0
22460,83.0
22483,23.0
22571,88.0
22603,32.0
22619,16.0
22631,12.0
22687,56.0
22700,13.0
22727,27.0
22736,9.0
22757,21.0
22776,19.0
22865,89.0
22898,33.0
22974,76.0
22997,23.0
23008,11.0
23026,18.0
23037,11.0
23108,71.0
23201,93.0
23279,78.0
23313,34.0
23389,76.0
23487,98.0
23501,14.0
23572,71.0
23597,25.0
23705,108.0
23811,106.0
23908,97.0
23986,78.0
24042,56.0
24094,52.0
24217,123.0
24247,30.0
24305,58.0
24353,48.0
24480,127.0
24585,105.0
24678,93.0
24770,92.0
24857,87.0
24996,139.0
25039,43.0
25085,46.0
25101,16.0
25215,114.0
25313,98.0
25464,151.0
25565,101.0
25671,106.0
25794,123.0
25806,12.0
25824,18.0
25965,141.0
25977,12.0
26022,45.0
26155,133.0
26174,19.0
26280,106.0
26402,122.0
26566,164.0
26793,227.0
26938,145.0
27074,136.0
27092,18.0
27112,20.0
27255,143.0
27272,17.0
27293,21.0
27385,92.0
27491,106.0
27563,72.0
27590,27.0
27706,116.0
27847,141.0
27978,131.0
27995,17.0
28019,24.0
28172,153.0
28206,34.0
28303,97.0
28495,192.0
28625,130.0
28799,174.0
28831,32.0
28961,130.0
28988,27.0
29070,82.0
29253,183.0
29302,49.0
29358,56.0
29410,52.0
29429,19.0
29717,288.0
29891,174.0
30091,200.0
30238,147.0
30488,250.0
30881,393.0
31063,182.0
31302,239.0
31496,194.0
31707,211.0
31837,130.0
32032,195.0
32180,148.0
32306,126.0
32438,132.0
32449,11.0
32584,135.0
32722,138.0
32866,144.0
32879,13.0
33014,135.0
33036,22.0
33053,17.0
33080,27.0
33095,15.0
33114,19.0
33253,139.0
33380,127.0
33395,15.0
33406,11.0
33529,123.0
33550,21.0
33693,143.0
33808,115.0
33935,127.0
33958,23.0
33972,14.0
33987,15.0
34008,21.0
34025,17.0
34176,151.0
34311,135.0
34475,164.0
34490,15.0
34653,163.0
34804,151.0
34833,29.0
34966,133.0
34989,23.0
35146,157.0
35166,20.0
35309,143.0
35322,13.0
35507,185.0
35657,150.0
35675,18.0
35827,152.0
35992,165.0
36011,19.0
36078,67.0
36372,294.0
36462,90.0
36507,45.0
36675,168.0
36849,174.0
36969,120.0
36991,22.0
37112,121.0
37226,114.0
37327,101.0
37402,75.0
37507,105.0
37626,119.0
37716,90.0
37852,136.0
37941,89.0
38057,116.0
38191,134.0
38286,95.0
38386,100.0
38488,102.0
38583,95.0
38635,52.0
38660,25.0
38887,227.0
38997,110.0
39122,125.0
39165,43.0
39182,17.0
39277,95.0
39293,16.0
39410,117.0
39622,212.0
39747,125.0
39859,112.0
39972,113.0
40068,96.0
40088,20.0
40104,16.0
40123,19.0
40228,105.0
40323,95.0
40394,71.0
40430,36.0
40513,83.0
40599,86.0
40703,104.0
40794,91.0
40883,89.0
40971,88.0
41058,87.0
41086,28.0
41104,18.0
41202,98.0
41305,103.0
41382,77.0
41476,94.0
41551,75.0
41650,99.0
41757,107.0
41853,96.0
41951,98.0
42050,99.0
42160,110.0
42177,17.0
42273,96.0
42375,102.0
42489,114.0
42595,106.0
42681,86.0
42762,81.0
42844,82.0
42926,82.0
43010,84.0
43093,83.0
43202,109.0
43394,192.0
43555,161.0
43676,121.0
43771,95.0
43874,103.0
43987,113.0
44138,151.0
44247,109.0
44484,237.0
44774,290.0
45274,500.0
45774,500.0
45789,15.0
45909,120.0
46097,188.0
46233,136.0
46382,149.0
46516,134.0
46656,140.0
46807,151.0
46909,102.0
47022,113.0
47132,110.0
47232,100.0
47591,359.0
47840,249.0
48004,164.0
48171,167.0
48321,150.0
48466,145.0
48738,272.0
48944,206.0
49112,168.0
49319,207.0
49534,215.0
49702,168.0
49864,162.0
50048,184.0
50181,133.0
50315,134.0
50456,141.0
50601,145.0
50732,131.0
50870,138.0
51020,150.0
51202,182.0
51267,65.0
51278,11.0
51288,10.0
51297,9.0
51307,10.0
51317,10.0
51327,10.0
51337,10.0
51347,10.0
51359,12.0
51368,9.0
51377,9.0
51385,8.0
51394,9.0
51404,10.0
51412,8.0
51422,10.0
51432,10.0
51442,10.0
51452,10.0
51462,10.0
51472,10.0
51482,10.0
51490,8.0
51498,8.0
51507,9.0
51517,10.0
51527,10.0
51536,9.0
51546,10.0
51555,9.0
51564,9.0
51576,12.0
51586,10.0
51596,10.0
51605,9.0
51615,10.0
51626,11.0
51635,9.0
51645,10.0
51654,9.0
51664,10.0
51673,9.0
51682,9.0
51693,11.0
51704,11.0
51712,8.0
51722,10.0
51730,8.0
51740,10.0
51750,10.0
51759,9.0
51767,8.0
51776,9.0
51787,11.0
51797,10.0
51808,11.0
51817,9.0
51826,9.0
51836,10.0
51845,9.0
51854,9.0
51863,9.0
51872,9.0
51882,10.0
51891,9.0
51901,10.0
51911,10.0
51920,9.0
51930,10.0
51939,9.0
51948,9.0
51957,9.0
51967,10.0
51976,9.0
51987,11.0
51996,9.0
52004,8.0
52014,10.0
52025,11.0
52034,9.0
52043,9.0
52053,10.0
52064,11.0
52073,9.0
52082,9.0
52092,10.0
52102,10.0
52111,9.0
52120,9.0
52130,10.0
52140,10.0
52149,9.0
52158,9.0
52170,12.0
52180,10.0
52190,10.0
52202,12.0
52213,11.0
52225,12.0
52234,9.0
52245,11.0
52256,11.0
52267,11.0
52279,12.0
52289,10.0
52300,11.0
52314,14.0
52326,12.0
52338,12.0
52512,174.0
52704,192.0
52896,192.0
53102,206.0
53269,167.0
53424,155.0
53581,157.0
53736,155.0
53892,156.0
54052,160.0
54234,182.0
54445,211.0
54660,215.0
54874,214.0
55117,243.0
55330,213.0
55535,205.0
55819,284.0
56119,300.0
56345,226.0
56492,147.0
56992,500.0
57165,173.0
57178,13.0
57194,16.0
57206,12.0
57217,11.0
57339,122.0
57507,168.0
57649,142.0
57776,127.0
57919,143.0
58055,136.0
58240,185.0
58587,347.0
58707,120.0
58948,241.0
59144,196.0
59331,187.0
59532,201.0
59752,220.0
60007,255.0
60186,179.0
60328,142.0
60611,283.0
60781,170.0
60793,12.0
60927,134.0
60939,12.0
61058,119.0
61068,10.0
61081,13.0
61094,13.0
61104,10.0
61116,12.0
61128,12.0
61140,12.0
61155,15.0
61168,13.0
61181,13.0
61191,10.0
61202,11.0
61213,11.0
61223,10.0
61234,11.0
61247,13.0
61262,15.0
61277,15.0
61387,110.0
61499,112.0
61614,115.0
61628,14.0
61739,111.0
61859,120.0
61971,112.0
62088,117.0
62207,119.0
62337,130.0
62467,130.0
62594,127.0
62717,123.0
62840,123.0
62968,128.0
63092,124.0
63223,131.0
63365,142.0
63513,148.0
63658,145.0
63815,157.0
64113,298.0
64243,130.0
64255,12.0
64270,15.0
64281,11.0
64404,123.0
64416,12.0
64550,134.0
64708,158.0
65208,500.0
65316,108.0
65426,110.0
65532,106.0
65634,102.0
65746,112.0
65867,121.0
65977,110.0
66085,108.0
66223,138.0
66723,500.0
67223,500.0
67723,500.0
67908,185.0
68019,111.0
68037,18.0
68049,12.0
68058,9.0
68068,10.0
68079,11.0
68090,11.0
68101,11.0
68111,10.0
68123,12.0
68132,9.0
68141,9.0
68151,10.0
68160,9.0
68168,8.0
68177,9.0
68187,10.0
68196,9.0
68206,10.0
68214,8.0
68223,9.0
68232,9.0
68242,10.0
68253,11.0
68263,10.0
68272,9.0
68281,9.0
68291,10.0
68302,11.0
68312,10.0
68321,9.0
68330,9.0
68340,10.0
68350,10.0
68359,9.0
68368,9.0
68377,9.0
68388,11.0
68397,9.0
68406,9.0
68416,10.0
68425,9.0
68433,8.0
68442,9.0
68451,9.0
68461,10.0
68469,8.0
68478,9.0
68487,9.0
68499,12.0
68509,10.0
68520,11.0
68529,9.0
68538,9.0
68548,10.0
68558,10.0
68569,11.0
68578,9.0
68589,11.0
68599,10.0
68609,10.0
68619,10.0
68628,9.0
68638,10.0
68647,9.0
68656,9.0
68666,10.0
68674,8.0
68684,10.0
68695,11.0
68704,9.0
68713,9.0
68723,10.0
68732,9.0
68742,10.0
68751,9.0
68762,11.0
68775,13.0
68786,11.0
68795,9.0
68803,8.0
68813,10.0
68823,10.0
68833,10.0
68843,10.0
68852,9.0
68862,10.0
68870,8.0
68879,9.0
68889,10.0
68900,11.0
68909,9.0
68919,10.0
68927,8.0
68936,9.0
68945,9.0
68955,10.0
68965,10.0
68974,9.0
68984,10.0
68995,11.0
69003,8.0
69011,8.0
69022,11.0
69032,10.0
69046,14.0
69055,9.0
69065,10.0
69076,11.0
69086,10.0
69095,9.0
69103,8.0
69112,9.0
69122,10.0
69131,9.0
69140,9.0
69150,10.0
69160,10.0
69170,10.0
69178,8.0
69187,9.0
69198,11.0
69208,10.0
69218,10.0
69227,9.0
69236,9.0
69245,9.0
69255,10.0
69265,10.0
69274,9.0
69285,11.0
69294,9.0
69304,10.0
69313,9.0
69325,12.0
69333,8.0
69343,10.0
69353,10.0
69363,10.0
69374,11.0
69385,11.0
69395,10.0
69405,10.0
69415,10.0
69426,11.0
69437,11.0
69448,11.0
69458,10.0
69468,10.0
69479,11.0
69488,9.0
69499,11.0
69508,9.0
69518,10.0
69528,10.0
69538,10.0
69548,10.0
69557,9.0
69566,9.0
69575,9.0
69586,11.0
69597,11.0
69606,9.0
69615,9.0
69624,9.0
69636,12.0
69648,12.0
69660,12.0
69669,9.0
69681,12.0
69692,11.0
69701,9.0
69710,9.0
69720,10.0
69730,10.0
69740,10.0
69749,9.0
69759,10.0
69768,9.0
69780,12.0
69790,10.0
69799,9.0
69809,10.0
69819,10.0
69828,9.0
69837,9.0
69850,13.0
69861,11.0
69871,10.0
69883,12.0
69894,11.0
69907,13.0
69918,11.0
70024,106.0
70192,168.0
70313,121.0
70418,105.0
70530,112.0
70631,101.0
70755,124.0
70869,114.0
70973,104.0
71086,113.0
71197,111.0
71310,113.0
71423,113.0
71520,97.0
71632,112.0
71734,102.0
71831,97.0
71926,95.0
72026,100.0
72119,93.0
72212,93.0
72310,98.0
72411,101.0
72507,96.0
72601,94.0
72698,97.0
72790,92.0
72885,95.0
72979,94.0
73072,93.0
73174,102.0
73282,108.0
73388,106.0
73496,108.0
73614,118.0
73718,104.0
73830,112.0
73934,104.0
74045,111.0
74167,122.0
74297,130.0
74430,133.0
74446,16.0
74461,15.0
74472,11.0
74487,15.0
74496,9.0
74508,12.0
74525,17.0
74538,13.0
74663,125.0
74810,147.0
74968,158.0
75104,136.0
75254,150.0
75421,167.0
75604,183.0
75749,145.0
76080,331.0
76228,148.0
76388,160.0
76519,131.0
76697,178.0
76817,120.0
76961,144.0
77078,117.0
77090,12.0
77101,11.0
77113,12.0
77124,11.0
77138,14.0
77151,13.0
77162,11.0
77174,12.0
77276,102.0
77382,106.0
77483,101.0
77579,96.0
77674,95.0
77765,91.0
77860,95.0
77966,106.0
78062,96.0
78150,88.0
78242,92.0
78327,85.0
78405,78.0
78493,88.0
78579,86.0
78663,84.0
78676,13.0
78688,12.0
78699,11.0
78711,12.0
78720,9.0
78730,10.0
78740,10.0
78751,11.0
78760,9.0
78769,9.0
78780,11.0
78790,10.0
78799,9.0
78807,8.0
78816,9.0
78826,10.0
78836,10.0
78845,9.0
78854,9.0
78865,11.0
78874,9.0
78886,12.0
78896,10.0
78906,10.0
78917,11.0
78927,10.0
78936,9.0
78949,13.0
78959,10.0
78972,13.0
78982,10.0
78991,9.0
79001,10.0
79012,11.0
79022,10.0
79032,10.0
79042,10.0
79054,12.0
79064,10.0
79075,11.0
79086,11.0
79096,10.0
79105,9.0
79117,12.0
79127,10.0
79137,10.0
79148,11.0
79158,10.0
79169,11.0
79180,11.0
79190,10.0
79264,74.0
79353,89.0
79438,85.0
79518,80.0
79607,89.0
79693,86.0
79775,82.0
79864,89.0
79962,98.0
80053,91.0
80132,79.0
80225,93.0
80239,14.0
80320,81.0
80398,78.0
80485,87.0
80567,82.0
80653,86.0
80744,91.0
80830,86.0
80919,89.0
81014,95.0
81104,90.0
81184,80.0
81267,83.0
81355,88.0
81438,83.0
81525,87.0
81612,87.0
81697,85.0
81787,90.0
81887,100.0
81986,99.0
82093,107.0
82177,84.0
82267,90.0
82358,91.0
82450,92.0
82545,95.0
82627,82.0
82714,87.0
82802,88.0
82885,83.0
82971,86.0
83076,105.0
83266,190.0
83432,166.0
83579,147.0
83793,214.0
84005,212.0
84191,186.0
84323,132.0
84438,115.0
84539,101.0
84659,120.0
84775,116.0
84865,90.0
84964,99.0
85139,175.0
85255,116.0
85389,134.0
85497,108.0
85598,101.0
85743,145.0
85906,163.0
86002,96.0
86166,164.0
86259,93.0
86377,118.0
86513,136.0
86647,134.0
86770,123.0
86895,125.0
87018,123.0
87108,90.0
87118,10.0
87130,12.0
87143,13.0
87228,85.0
87319,91.0
87404,85.0
87484,80.0
87513,29.0
87528,15.0
87541,13.0
87617,76.0
87703,86.0
87781,78.0
87856,75.0
87926,70.0
87998,72.0
88068,70.0
88140,72.0
88211,71.0
88289,78.0
88364,75.0
88450,86.0
88470,20.0
88488,18.0
88500,12.0
88514,14.0
88525,11.0
88537,12.0
88547,10.0
88556,9.0
88567,11.0
88575,8.0
88584,9.0
88595,11.0
88606,11.0
88616,10.0
88626,10.0
88635,9.0
88646,11.0
88658,12.0
88667,9.0
88678,11.0
88687,9.0
88700,13.0
88712,12.0
88722,10.0
88733,11.0
88742,9.0
88752,10.0
88825,73.0
88837,12.0
88918,81.0
88995,77.0
89078,83.0
89169,91.0
89252,83.0
89356,104.0
89457,101.0
89568,111.0
89665,97.0
89775,110.0
89875,100.0
89987,112.0
90100,113.0
90216,116.0
90328,112.0
90466,138.0
90599,133.0
90718,119.0
90831,113.0
90948,117.0
91075,127.0
91232,157.0
91380,148.0
91533,153.0
91690,157.0
91841,151.0
91985,144.0
92143,158.0
92481,338.0
92601,120.0
92766,165.0
92922,156.0
93092,170.0
93211,119.0
93354,143.0
93477,123.0
93623,146.0
93748,125.0
93898,150.0
94058,160.0
94181,123.0
94308,127.0
94448,140.0
94570,122.0
94673,103.0
94776,103.0
94937,161.0
95055,118.0
95175,120.0
95383,208.0
95524,141.0
95658,134.0
95668,10.0
95822,154.0
96047,225.0
96189,142.0
96288,99.0
96403,115.0
96508,105.0
96608,100.0
96700,92.0
96808,108.0
96917,109.0
97022,105.0
97114,92.0
97205,91.0
97302,97.0
97395,93.0
97489,94.0
97576,87.0
97674,98.0
97761,87.0
97848,87.0
97936,88.0
98027,91.0
98122,95.0
98211,89.0
98303,92.0
98399,96.0
98502,103.0
98599,97.0
98685,86.0
98776,91.0
98878,102.0
98998,120.0
99172,174.0
99318,146.0
99472,154.0
99627,155.0
99744,117.0
99827,83.0
99918,91.0
100093,175.0
100228,135.0
100345,117.0
100449,104.0
100541,92.0
100639,98.0
100730,91.0
100847,117.0
100963,116.0
101061,98.0
101148,87.0
101163,15.0
101241,78.0
101347,106.0
101491,144.0
101640,149.0
101804,164.0
102002,198.0
102186,184.0
102352,166.0
102480,128.0
102610,130.0
102747,137.0
102900,153.0
103051,151.0
103205,154.0
103464,259.0
103658,194.0
103756,98.0
103854,98.0
103983,129.0
104087,104.0
104185,98.0
104273,88.0
104395,122.0
104519,124.0
104607,88.0
104700,93.0
104800,100.0
104887,87.0
104967,80.0
105047,80.0
105113,66.0
105177,64.0
105258,81.0
105326,68.0
105388,62.0
105454,66.0
105540,86.0
105665,125.0
105773,108.0
106080,307.0
106176,96.0
106251,75.0
106338,87.0
106437,99.0
106516,79.0
106610,94.0
106715,105.0
106864,149.0
107001,137.0
107111,110.0
107121,10.0
107131,10.0
107141,10.0
107152,11.0
107162,10.0
107170,8.0
107180,10.0
107190,10.0
107201,11.0
107210,9.0
107220,10.0
107230,10.0
107239,9.0
107249,10.0
107259,10.0
107271,12.0
107280,9.0
107290,10.0
107301,11.0
107312,11.0
107320,8.0
107332,12.0
107341,9.0
107351,10.0
107361,10.0
107370,9.0
107379,9.0
107388,9.0
107398,10.0
107408,10.0
107418,10.0
107430,12.0
107440,10.0
107452,12.0
107462,10.0
107472,10.0
107482,10.0
107493,11.0
107503,10.0
107511,8.0
107520,9.0
107529,9.0
107539,10.0
107549,10.0
107559,10.0
107569,10.0
107577,8.0
107586,9.0
107596,10.0
107605,9.0
107614,9.0
107624,10.0
107632,8.0
107642,10.0
107651,9.0
107660,9.0
107670,10.0
107680,10.0
107689,9.0
107699,10.0
107709,10.0
107718,9.0
107728,10.0
107738,10.0
107746,8.0
107754,8.0
107762,8.0
107771,9.0
107782,11.0
107794,12.0
107804,10.0
107814,10.0
107823,9.0
107833,10.0
107843,10.0
107855,12.0
107864,9.0
107874,10.0
107884,10.0
107894,10.0
107903,9.0
107913,10.0
107923,10.0
107934,11.0
107944,10.0
107954,10.0
107962,8.0
107973,11.0
107984,11.0
107994,10.0
108004,10.0
108014,10.0
108023,9.0
108033,10.0
108045,12.0
108055,10.0
108065,10.0
108076,11.0
108085,9.0
108098,13.0
108106,8.0
108117,11.0
108126,9.0
108136,10.0
108145,9.0
108156,11.0
108166,10.0
108178,12.0
108190,12.0
108203,13.0
108214,11.0
108225,11.0
108234,9.0
108348,114.0
108485,137.0
108609,124.0
108739,130.0
108858,119.0
108977,119.0
109112,135.0
109242,130.0
109373,131.0
109493,120.0
109617,124.0
109742,125.0
109867,125.0
109992,125.0
110121,129.0
110264,143.0
110404,140.0
110544,140.0
110681,137.0
110824,143.0
110960,136.0
111095,135.0
111228,133.0
111328,100.0
111458,130.0
111589,131.0
111731,142.0
111842,111.0
111949,107.0
112081,132.0
112163,82.0
112176,13.0
112189,13.0
112198,9.0
112208,10.0
112219,11.0
112228,9.0
112238,10.0
112247,9.0
112255,8.0
112265,10.0
112274,9.0
112283,9.0
112293,10.0
112303,10.0
112312,9.0
112322,10.0
112332,10.0
112341,9.0
112350,9.0
112361,11.0
112372,11.0
112381,9.0
112390,9.0
112400,10.0
112410,10.0
112419,9.0
112427,8.0
112437,10.0
112448,11.0
112463,15.0
112473,10.0
112482,9.0
112493,11.0
112504,11.0
112513,9.0
112522,9.0
112532,10.0
112542,10.0
112551,9.0
112559,8.0
112570,11.0
112580,10.0
112589,9.0
112599,10.0
112610,11.0
112621,11.0
112631,10.0
112641,10.0
112652,11.0
112662,10.0
112670,8.0
112678,8.0
112687,9.0
112696,9.0
112706,10.0
112715,9.0
112723,8.0
112733,10.0
112742,9.0
112753,11.0
112761,8.0
112772,11.0
112781,9.0
112790,9.0
112800,10.0
112809,9.0
112820,11.0
112830,10.0
112839,9.0
112849,10.0
112858,9.0
112867,9.0
112877,10.0
112886,9.0
112894,8.0
112904,10.0
112912,8.0
112922,10.0
112932,10.0
112942,10.0
112954,12.0
112963,9.0
112972,9.0
112984,12.0
112993,9.0
113002,9.0
113012,10.0
113021,9.0
113031,10.0
113041,10.0
113049,8.0
113059,10.0
113068,9.0
113077,9.0
113085,8.0
113095,10.0
113104,9.0
113113,9.0
113123,10.0
113133,10.0
113143,10.0
113152,9.0
113162,10.0
113172,10.0
113181,9.0
113193,12.0
113203,10.0
113212,9.0
113223,11.0
113234,11.0
113245,11.0
113255,10.0
113265,10.0
113276,11.0
113285,9.0
113294,9.0
113303,9.0
113313,10.0
113322,9.0
113333,11.0
113343,10.0
113355,12.0
113367,12.0
113494,127.0
113594,100.0
113714,120.0
113839,125.0
113958,119.0
114071,113.0
114167,96.0
114265,98.0
114351,86.0
114441,90.0
114543,102.0
114630,87.0
114721,91.0
114812,91.0
114907,95.0
114997,90.0
115086,89.0
115173,87.0
115256,83.0
115342,86.0
115427,85.0
115513,86.0
115601,88.0
115684,83.0
115782,98.0
115883,101.0
115991,108.0
116084,93.0
116193,109.0
116303,110.0
116421,118.0
116553,132.0
116690,137.0
116820,130.0
116948,128.0
117074,126.0
117190,116.0
117302,112.0
117414,112.0
117523,109.0
117634,111.0
117749,115.0
117856,107.0
117960,104.0
118062,102.0
118177,115.0
118318,141.0
118473,155.0
118696,223.0
118975,279.0
119163,188.0
119312,149.0
119476,164.0
119589,113.0
119600,11.0
119614,14.0
119625,11.0
119639,14.0
119652,13.0
119772,120.0
119906,134.0
120030,124.0
120146,116.0
120262,116.0
120373,111.0
120492,119.0
120611,119.0
120724,113.0
120847,123.0
120969,122.0
121089,120.0
121203,114.0
121323,120.0
121449,126.0
121461,12.0
121474,13.0
121485,11.0
121494,9.0
121504,10.0
121515,11.0
121526,11.0
121537,11.0
121548,11.0
121661,113.0
121786,125.0
121906,120.0
122023,117.0
122138,115.0
122248,110.0
122368,120.0
122489,121.0
122618,129.0
122754,136.0
122883,129.0
122898,15.0
123038,140.0
123161,123.0
123173,12.0
123187,14.0
123199,12.0
123315,116.0
123435,120.0
123557,122.0
123691,134.0
123818,127.0
123950,132.0
124078,128.0
124206,128.0
124326,120.0
124446,120.0
124461,15.0
124586,125.0
124716,130.0
124851,135.0
124978,127.0
125098,120.0
125113,15.0
125242,129.0
125385,143.0
125542,157.0
125705,163.0
125864,159.0
126017,153.0
126213,196.0
126447,234.0
126687,240.0
126928,241.0
127186,258.0
127360,174.0
127546,186.0
127713,167.0
127899,186.0
128071,172.0
128262,191.0
128465,203.0
128704,239.0
128908,204.0
129110,202.0
129263,153.0
129402,139.0
129537,135.0
129696,159.0
129883,187.0
130064,181.0
130165,101.0
130272,107.0
130414,142.0
130635,221.0
130807,172.0
130937,130.0
131055,118.0
131155,100.0
131259,104.0
131375,116.0
131476,101.0
131574,98.0
131670,96.0
131783,113.0
131947,164.0
132071,124.0
132193,122.0
132527,334.0
132677,150.0
132838,161.0
132996,158.0
133135,139.0
133262,127.0
133383,121.0
133515,132.0
133658,143.0
133805,147.0
133957,152.0
134110,153.0
134255,145.0
134392,137.0
134518,126.0
134654,136.0
134785,131.0
134914,129.0
135080,166.0
135206,126.0
135310,104.0
135810,500.0
136021,211.0
136168,147.0
136314,146.0
136454,140.0
136591,137.0
136727,136.0
136863,136.0
136991,128.0
137127,136.0
137284,157.0
137455,171.0
137619,164.0
137781,162.0
137937,156.0
137949,12.0
138085,136.0
138097,12.0
138109,12.0
138122,13.0
138239,117.0
138252,13.0
138363,111.0
138474,111.0
138575,101.0
138676,101.0
138690,14.0
138772,82.0
138787,15.0
138889,102.0
138978,89.0
139068,90.0
139189,121.0
139335,146.0
139493,158.0
139634,141.0
139816,182.0
139988,172.0
140168,180.0
140511,343.0
141011,500.0
141511,500.0
141883,372.0
141915,32.0
142415,500.0
142915,500.0
143415,500.0
143607,192.0
143682,75.0
143775,93.0
143888,113.0
144014,126.0
144163,149.0
144297,134.0
144424,127.0
144535,111.0
144678,143.0
144786,108.0
144880,94.0
144956,76.0
144972,16.0
144981,9.0
144990,9.0
144999,9.0
145009,10.0
145019,10.0
145027,8.0
145040,13.0
145049,9.0
145059,10.0
145068,9.0
145077,9.0
145088,11.0
145098,10.0
145108,10.0
145117,9.0
145126,9.0
145135,9.0
145143,8.0
145153,10.0
145161,8.0
145171,10.0
145180,9.0
145189,9.0
145197,8.0
145206,9.0
145217,11.0
145227,10.0
145240,13.0
145249,9.0
145259,10.0
145268,9.0
145277,9.0
145287,10.0
145295,8.0
145305,10.0
145315,10.0
145325,10.0
145334,9.0
145344,10.0
145354,10.0
145363,9.0
145372,9.0
145382,10.0
145390,8.0
145401,11.0
145411,10.0
145421,10.0
145430,9.0
145439,9.0
145448,9.0
145457,9.0
145467,10.0
145475,8.0
145484,9.0
145494,10.0
145504,10.0
145514,10.0
145526,12.0
145536,10.0
145546,10.0
145555,9.0
145565,10.0
145574,9.0
145584,10.0
145595,11.0
145606,11.0
145617,11.0
145626,9.0
145635,9.0
145644,9.0
145653,9.0
145663,10.0
145672,9.0
145682,10.0
145691,9.0
145701,10.0
145710,9.0
145720,10.0
145730,10.0
145739,9.0
145749,10.0
145758,9.0
145767,9.0
145777,10.0
145787,10.0
145797,10.0
145807,10.0
145815,8.0
145826,11.0
145835,9.0
145845,10.0
145854,9.0
145863,9.0
145872,9.0
145883,11.0
145892,9.0
145903,11.0
145912,9.0
145920,8.0
145928,8.0
145936,8.0
145946,10.0
145956,10.0
145966,10.0
145975,9.0
145984,9.0
145994,10.0
146004,10.0
146013,9.0
146023,10.0
146033,10.0
146042,9.0
146051,9.0
146061,10.0
146071,10.0
146081,10.0
146092,11.0
146102,10.0
146113,11.0
146124,11.0
146134,10.0
146144,10.0
146155,11.0
146166,11.0
146179,13.0
146191,12.0
146201,10.0
146212,11.0
146223,11.0
146239,16.0
146316,77.0
146435,119.0
146583,148.0
146717,134.0
146836,119.0
146967,131.0
147087,120.0
147180,93.0
147279,99.0
147374,95.0
147475,101.0
147566,91.0
147654,88.0
147743,89.0
147834,91.0
147928,94.0
148022,94.0
148109,87.0
148202,93.0
148292,90.0
148390,98.0
148481,91.0
148578,97.0
148672,94.0
148764,92.0
148860,96.0
148957,97.0
149054,97.0
149151,97.0
149243,92.0
149337,94.0
149433,96.0
149527,94.0
149623,96.0
149711,88.0
149807,96.0
149896,89.0
149991,95.0
150078,87.0
150092,14.0
150105,13.0
150198,93.0
150290,92.0
150390,100.0
150486,96.0
150586,100.0
150681,95.0
150769,88.0
150849,80.0
150934,85.0
151031,97.0
151174,143.0
151369,195.0
151869,500.0
152210,341.0
152305,95.0
152401,96.0
152489,88.0
152583,94.0
152670,87.0
152776,106.0
152867,91.0
152971,104.0
153060,89.0
153139,79.0
153221,82.0
153297,76.0
153381,84.0
153459,78.0
153536,77.0
153619,83.0
153709,90.0
153801,92.0
153884,83.0
153983,99.0
154048,65.0
154063,15.0
154073,10.0
154082,9.0
154092,10.0
154101,9.0
154111,10.0
154120,9.0
154129,9.0
154138,9.0
154151,13.0
154160,9.0
154169,9.0
154179,10.0
154190,11.0
154200,10.0
154209,9.0
154217,8.0
154229,12.0
154239,10.0
154249,10.0
154257,8.0
154266,9.0
154276,10.0
154286,10.0
154295,9.0
154304,9.0
154313,9.0
154323,10.0
154334,11.0
154343,9.0
154352,9.0
154361,9.0
154370,9.0
154380,10.0
154390,10.0
154399,9.0
154408,9.0
154417,9.0
154427,10.0
154437,10.0
154446,9.0
154455,9.0
154464,9.0
154473,9.0
154483,10.0
154492,9.0
154502,10.0
154511,9.0
154521,10.0
154530,9.0
154543,13.0
154552,9.0
154562,10.0
154572,10.0
154581,9.0
154590,9.0
154599,9.0
154607,8.0
154618,11.0
154627,9.0
154636,9.0
154646,10.0
154655,9.0
154664,9.0
154673,9.0
154682,9.0
154692,10.0
154704,12.0
154714,10.0
154724,10.0
154733,9.0
154743,10.0
154752,9.0
154764,12.0
154773,9.0
154782,9.0
154791,9.0
154799,8.0
154808,9.0
154818,10.0
154828,10.0
154838,10.0
154847,9.0
154855,8.0
154865,10.0
154874,9.0
154884,10.0
154894,10.0
154903,9.0
154913,10.0
154923,10.0
154933,10.0
154944,11.0
154952,8.0
154962,10.0
154971,9.0
154981,10.0
154991,10.0
155002,11.0
155011,9.0
155021,10.0
155032,11.0
155041,9.0
155050,9.0
155060,10.0
155070,10.0
155081,11.0
155091,10.0
155101,10.0
155111,10.0
155122,11.0
155132,10.0
155142,10.0
155153,11.0
155164,11.0
155176,12.0
155188,12.0
155198,10.0
155209,11.0
155220,11.0
155232,12.0
155242,10.0
155254,12.0
155268,14.0
155337,69.0
155447,110.0
155546,99.0
155641,95.0
155750,109.0
155849,99.0
155950,101.0
156058,108.0
156153,95.0
156245,92.0
156345,100.0
156443,98.0
156542,99.0
156645,103.0
156752,107.0
156844,92.0
156943,99.0
157041,98.0
157133,92.0
157240,107.0
157345,105.0
157449,104.0
157550,101.0
157643,93.0
157740,97.0
157832,92.0
157926,94.0
158022,96.0
158119,97.0
158206,87.0
158294,88.0
158393,99.0
158488,95.0
158596,108.0
158692,96.0
158792,100.0
158894,102.0
158987,93.0
159082,95.0
159178,96.0
159272,94.0
159370,98.0
159468,98.0
159576,108.0
159693,117.0
159794,101.0
159895,101.0
159999,104.0
160113,114.0
160240,127.0
160378,138.0
160509,131.0
160635,126.0
160761,126.0
160892,131.0
161014,122.0
161142,128.0
161260,118.0
161380,120.0
161490,110.0
161606,116.0
161723,117.0
161848,125.0
161976,128.0
162087,111.0
162102,15.0
162115,13.0
162123,8.0
162133,10.0
162141,8.0
162150,9.0
162159,9.0
162168,9.0
162178,10.0
162188,10.0
162197,9.0
162206,9.0
162218,12.0
162228,10.0
162240,12.0
162251,11.0
162262,11.0
162273,11.0
162284,11.0
162296,12.0
162310,14.0
162321,11.0
162334,13.0
162346,12.0
162361,15.0
162372,11.0
162383,11.0
162394,11.0
162405,11.0
162414,9.0
162426,12.0
162439,13.0
162448,9.0
162460,12.0
162470,10.0
162481,11.0
162492,11.0
162502,10.0
162514,12.0
162527,13.0
162541,14.0
162626,85.0
162716,90.0
162814,98.0
162908,94.0
163001,93.0
163109,108.0
163218,109.0
163333,115.0
163442,109.0
163551,109.0
163672,121.0
163789,117.0
163916,127.0
164032,116.0
164162,130.0
164282,120.0
164397,115.0
164502,105.0
164600,98.0
164714,114.0
164823,109.0
164934,111.0
165086,152.0
165586,500.0
165771,185.0
165889,118.0
165999,110.0
166108,109.0
166233,125.0
166380,147.0
166585,205.0
166769,184.0
167000,231.0
167256,256.0
167478,222.0
167690,212.0
167833,143.0
167969,136.0
168104,135.0
168223,119.0
168354,131.0
168478,124.0
168611,133.0
168737,126.0
168869,132.0
169004,135.0
169136,132.0
169477,341.0
169612,135.0
169742,130.0
169759,17.0
169771,12.0
169785,14.0
169795,10.0
169805,10.0
169815,10.0
169825,10.0
169835,10.0
169845,10.0
169856,11.0
169865,9.0
169875,10.0
169886,11.0
169896,10.0
169908,12.0
169920,12.0
169929,9.0
169941,12.0
170043,102.0
170129,86.0
170211,82.0
170224,13.0
170236,12.0
170247,11.0
170256,9.0
170264,8.0
170274,10.0
170283,9.0
170292,9.0
170302,10.0
170310,8.0
170319,9.0
170331,12.0
170341,10.0
170349,8.0
170359,10.0
170367,8.0
170375,8.0
170385,10.0
170394,9.0
170403,9.0
170412,9.0
170422,10.0
170430,8.0
170440,10.0
170450,10.0
170462,12.0
170471,9.0
170479,8.0
170488,9.0
170498,10.0
170508,10.0
170518,10.0
170528,10.0
170538,10.0
170548,10.0
170558,10.0
170568,10.0
170577,9.0
170587,10.0
170597,10.0
170606,9.0
170616,10.0
170626,10.0
170635,9.0
170645,10.0
170655,10.0
170665,10.0
170674,9.0
170685,11.0
170694,9.0
170704,10.0
170714,10.0
170725,11.0
170734,9.0
170743,9.0
170752,9.0
170762,10.0
170770,8.0
170780,10.0
170790,10.0
170801,11.0
170811,10.0
170821,10.0
170830,9.0
170839,9.0
170849,10.0
170860,11.0
170869,9.0
170877,8.0
170887,10.0
170895,8.0
170903,8.0
170911,8.0
170919,8.0
170929,10.0
170938,9.0
170947,9.0
170956,9.0
170964,8.0
170974,10.0
170984,10.0
170993,9.0
171002,9.0
171011,9.0
171021,10.0
171031,10.0
171041,10.0
171050,9.0
171061,11.0
171071,10.0
171083,12.0
171093,10.0
171102,9.0
171113,11.0
171124,11.0
171134,10.0
171144,10.0
171154,10.0
171162,8.0
171172,10.0
171182,10.0
171193,11.0
171203,10.0
171213,10.0
171224,11.0
171234,10.0
171246,12.0
171256,10.0
171266,10.0
171277,11.0
171288,11.0
171298,10.0
171309,11.0
171320,11.0
171329,9.0
171415,86.0
171514,99.0
171623,109.0
171734,111.0
171846,112.0
171960,114.0
172080,120.0
172201,121.0
172316,115.0
172437,121.0
172556,119.0
172683,127.0
172804,121.0
172933,129.0
173058,125.0
173183,125.0
173314,131.0
173452,138.0
173576,124.0
173703,127.0
173836,133.0
173966,130.0
174111,145.0
174283,172.0
174466,183.0
174639,173.0
174809,170.0
174979,170.0
175148,169.0
175313,165.0
175492,179.0
175664,172.0
175867,203.0
176080,213.0
176327,247.0
176541,214.0
176795,254.0
177050,255.0
177260,210.0
177546,286.0
177735,189.0
178002,267.0
178199,197.0
178346,147.0
178501,155.0
178512,11.0
178783,271.0
179081,298.0
179581,500.0
179836,255.0
180007,171.0
180235,228.0
180587,352.0
180903,316.0
181403,500.0
181547,144.0
181558,11.0
181722,164.0
181908,186.0
182211,303.0
182223,12.0
182307,84.0
182390,83.0
182600,210.0
182838,238.0
182851,13.0
183050,199.0
183219,169.0
183386,167.0
183396,10.0
183427,31.0
183519,92.0
183666,147.0
183677,11.0
183689,12.0
183700,11.0
183710,10.0
183723,13.0
183733,10.0
183743,10.0
183752,9.0
183764,12.0
183777,13.0
183787,10.0
183976,189.0
184137,161.0
184301,164.0
184481,180.0
184648,167.0
184827,179.0
184987,160.0
185147,160.0
185157,10.0
185187,30.0
185687,500.0
185973,286.0
186234,261.0
186509,275.0
186802,293.0
187066,264.0
187354,288.0
187623,269.0
187789,166.0
187932,143.0
188075,143.0
188224,149.0
188482,258.0
188699,217.0
188891,192.0
189113,222.0
189346,233.0
189578,232.0
189810,232.0
190052,242.0
190309,257.0
190513,204.0
190732,219.0
190939,207.0
191187,248.0
191425,238.0
191653,228.0
191774,121.0
191785,11.0
191795,10.0
191807,12.0
191816,9.0
191828,12.0
191838,10.0
191850,12.0
191862,12.0
191874,12.0
192035,161.0
192301,266.0
192465,164.0
192516,51.0
192665,149.0
192823,158.0
192987,164.0
193153,166.0
193341,188.0
193505,164.0
193693,188.0
193861,168.0
194062,201.0
194521,459.0
194818,297.0
195086,268.0
195283,197.0
195468,185.0
195620,152.0
195781,161.0
195943,162.0
196103,160.0
196248,145.0
196391,143.0
196523,132.0
196651,128.0
196791,140.0
196928,137.0
197068,140.0
197191,123.0
197304,113.0
197316,12.0
197328,12.0
197337,9.0
197346,9.0
197357,11.0
197365,8.0
197376,11.0
197385,9.0
197394,9.0
197406,12.0
197415,9.0
197427,12.0
197439,12.0
197449,10.0
197462,13.0
197473,11.0
197577,104.0
197588,11.0
197706,118.0
197820,114.0
197944,124.0
198069,125.0
198203,134.0
198331,128.0
198469,138.0
198603,134.0
198738,135.0
198886,148.0
199046,160.0
199201,155.0
199344,143.0
199490,146.0
199640,150.0
199780,140.0
199923,143.0
200067,144.0
200209,142.0
200342,133.0
200353,11.0
200470,117.0
200611,141.0
200764,153.0
200913,149.0
201062,149.0
201207,145.0
201339,132.0
201351,12.0
201489,138.0
201630,141.0
201789,159.0
201938,149.0
202081,143.0
202229,148.0
202425,196.0
202647,222.0
202911,264.0
203136,225.0
203316,180.0
203474,158.0
203646,172.0
203789,143.0
203943,154.0
204101,158.0
204249,148.0
204394,145.0
204575,181.0
204780,205.0
205024,244.0
205178,154.0
205321,143.0
205471,150.0
205604,133.0
205752,148.0
205938,186.0
206139,201.0
206344,205.0
206567,223.0
206772,205.0
206987,215.0
207155,168.0
207187,32.0
207477,290.0
207629,152.0
207764,135.0
207894,130.0
208020,126.0
208140,120.0
208273,133.0
208409,136.0
208570,161.0
208714,144.0
208851,137.0
208995,144.0
209141,146.0
209303,162.0
209462,159.0
209629,167.0
209808,179.0
209937,129.0
209992,55.0
210262,270.0
210273,11.0
210285,12.0
210421,136.0
210434,13.0
210560,126.0
210695,135.0
210857,162.0
210987,130.0
211116,129.0
211262,146.0
211407,145.0
211557,150.0
211710,153.0
211862,152.0
212028,166.0
212209,181.0
212497,288.0
212794,297.0
213005,211.0
213215,210.0
213400,185.0
213590,190.0
213762,172.0
213942,180.0
214105,163.0
214117,12.0
214130,13.0
214142,12.0
214152,10.0
214165,13.0
214177,12.0
214192,15.0
214319,127.0
214465,146.0
214477,12.0
214612,135.0
214755,143.0
214878,123.0
215013,135.0
215134,121.0
215262,128.0
215382,120.0
215516,134.0
215641,125.0
215763,122.0
215894,131.0
216012,118.0
216151,139.0
216292,141.0
216426,134.0
216563,137.0
216699,136.0
216826,127.0
216958,132.0
217105,147.0
217237,132.0
217368,131.0
217503,135.0
217626,123.0
217748,122.0
217900,152.0
218036,136.0
218161,125.0
218283,122.0
218402,119.0
218520,118.0
218650,130.0
218771,121.0
218902,131.0
219022,120.0
219142,120.0
219255,113.0
219372,117.0
219388,16.0
219495,107.0
219644,149.0
219796,152.0
219931,135.0
220075,144.0
220211,136.0
220228,17.0
220360,132.0
220489,129.0
220618,129.0
220744,126.0
220869,125.0
220992,123.0
221125,133.0
221262,137.0
221406,144.0
221550,144.0
221710,160.0
221847,137.0
221983,136.0
222124,141.0
222265,141.0
222398,133.0
222529,131.0
222662,133.0
222774,112.0
222904,130.0
223039,135.0
223154,115.0
223271,117.0
223384,113.0
223496,112.0
223613,117.0
223723,110.0
223838,115.0
223949,111.0
224060,111.0
224166,106.0
224266,100.0
224379,113.0
224487,108.0
224590,103.0
224693,103.0
224705,12.0
224808,103.0
224901,93.0
225002,101.0
225104,102.0
225120,16.0
225135,15.0
225148,13.0
225160,12.0
225173,13.0
225184,11.0
225202,18.0
225214,12.0
225307,93.0
225404,97.0
225511,107.0
225531,20.0
225632,101.0
225735,103.0
225847,112.0
225954,107.0
226064,110.0
226174,110.0
226286,112.0
226395,109.0
226512,117.0
226623,111.0
226728,105.0
226836,108.0
226938,102.0
227050,112.0
227162,112.0
227265,103.0
227279,14.0
227381,102.0
227396,15.0
227503,107.0
227516,13.0
227627,111.0
227639,12.0
227757,118.0
227771,14.0
227890,119.0
228014,124.0
228133,119.0
228270,137.0
228412,142.0
228547,135.0
228674,127.0
228830,156.0
228971,141.0
229108,137.0
229255,147.0
229406,151.0
229574,168.0
229742,168.0
229891,149.0
230061,170.0
230252,191.0
230464,212.0
230739,275.0
231000,261.0
231155,155.0
231165,10.0
231175,10.0
231185,10.0
231195,10.0
231204,9.0
231212,8.0
231222,10.0
231230,8.0
231240,10.0
231250,10.0
231260,10.0
231270,10.0
231281,11.0
231291,10.0
231302,11.0
231311,9.0
231323,12.0
231333,10.0
231343,10.0
231354,11.0
231364,10.0
231373,9.0
231385,12.0
231395,10.0
231527,132.0
231734,207.0
231887,153.0
232031,144.0
232186,155.0
232327,141.0
232474,147.0
232628,154.0
232774,146.0
232927,153.0
233081,154.0
233241,160.0
233402,161.0
233576,174.0
233742,166.0
233920,178.0
234088,168.0
234265,177.0
234461,196.0
234661,200.0
234884,223.0
235063,179.0
235326,263.0
235577,251.0
235774,197.0
235973,199.0
236159,186.0
236328,169.0
236539,211.0
236696,157.0
236864,168.0
237040,176.0
237239,199.0
237410,171.0
237562,152.0
237742,180.0
237914,172.0
238111,197.0
238344,233.0
238607,263.0
238619,12.0
238634,15.0
238900,266.0
239084,184.0
239268,184.0
239439,171.0
239600,161.0
239611,11.0
239777,166.0
239971,194.0
240334,363.0
240710,376.0
240985,275.0
241192,207.0
241327,135.0
241518,191.0
241690,172.0
241813,123.0
241973,160.0
242123,150.0
242265,142.0
242392,127.0
242517,125.0
242657,140.0
242793,136.0
242932,139.0
243059,127.0
243178,119.0
243305,127.0
243449,144.0
243578,129.0
243704,126.0
243829,125.0
243955,126.0
244103,148.0
244279,176.0
244447,168.0
244603,156.0
244782,179.0
244942,160.0
245103,161.0
245376,273.0
245388,12.0
245399,11.0
245410,11.0
245423,13.0
245433,10.0
245443,10.0
245572,129.0
245750,178.0
245917,167.0
246104,187.0
246351,247.0
246535,184.0
246719,184.0
246907,188.0
247081,174.0
247246,165.0
247417,171.0
247612,195.0
247777,165.0
247920,143.0
248070,150.0
248231,161.0
248395,164.0
248564,169.0
248764,200.0
248987,223.0
249170,183.0
249374,204.0
249619,245.0
249802,183.0
249970,168.0
250144,174.0
250467,323.0
250628,161.0
250805,177.0
250819,14.0
250830,11.0
250840,10.0
250851,11.0
250860,9.0
250869,9.0
250878,9.0
250887,9.0
250896,9.0
250905,9.0
250916,11.0
250929,13.0
250939,10.0
250952,13.0
250965,13.0
250976,11.0
251182,206.0
251320,138.0
251473,153.0
251485,12.0
251498,13.0
251507,9.0
251518,11.0
251527,9.0
251537,10.0
251548,11.0
251558,10.0
251569,11.0
251579,10.0
251589,10.0
251601,12.0
251611,10.0
251622,11.0
251631,9.0
251642,11.0
251777,135.0
251914,137.0
252052,138.0
252189,137.0
252337,148.0
252477,140.0
252618,141.0
252758,140.0
252920,162.0
253067,147.0
253078,11.0
253214,136.0
253355,141.0
253499,144.0
253509,10.0
253641,132.0
253784,143.0
253917,133.0
254048,131.0
254196,148.0
254351,155.0
254510,159.0
254665,155.0
254824,159.0
254994,170.0
255151,157.0
255353,202.0
255539,186.0
255718,179.0
255914,196.0
256123,209.0
256365,242.0
256598,233.0
256849,251.0
257071,222.0
257367,296.0
257867,500.0
257955,88.0
258255,300.0
258516,261.0
258749,233.0
259018,269.0
259278,260.0
259511,233.0
259747,236.0
260008,261.0
260317,309.0
260663,346.0
261017,354.0
261187,170.0
261200,13.0
261290,90.0
261432,142.0
261577,145.0
261750,173.0
261893,143.0
262024,131.0
262133,109.0
262251,118.0
262359,108.0
262469,110.0
262565,96.0
262670,105.0
262792,122.0
262934,142.0
263139,205.0
263448,309.0
263948,500.0
264276,328.0
264524,248.0
264765,241.0
264945,180.0
265262,317.0
265292,30.0
265606,314.0
265865,259.0
266074,209.0
266286,212.0
266407,121.0
266520,113.0
266613,93.0
266624,11.0
266636,12.0
266648,12.0
266658,10.0
266668,10.0
266678,10.0
266687,9.0
266695,8.0
266706,11.0
266715,9.0
266725,10.0
266734,9.0
266742,8.0
266751,9.0
266761,10.0
266771,10.0
266781,10.0
266791,10.0
266800,9.0
266809,9.0
266818,9.0
266827,9.0
266837,10.0
266847,10.0
266857,10.0
266866,9.0
266875,9.0
266885,10.0
266895,10.0
266903,8.0
266912,9.0
266921,9.0
266930,9.0
266939,9.0
266948,9.0
266957,9.0
266967,10.0
266975,8.0
266983,8.0
266999,16.0
267007,8.0
267017,10.0
267027,10.0
267036,9.0
267045,9.0
267056,11.0
267065,9.0
267075,10.0
267084,9.0
267094,10.0
267103,9.0
267115,12.0
267125,10.0
267133,8.0
267142,9.0
267152,10.0
267161,9.0
267170,9.0
267179,9.0
267190,11.0
267200,10.0
267210,10.0
267221,11.0
267230,9.0
267240,10.0
267249,9.0
267260,11.0
267269,9.0
267281,12.0
267289,8.0
267298,9.0
267308,10.0
267319,11.0
267331,12.0
267341,10.0
267352,11.0
267362,10.0
267375,13.0
267386,11.0
267496,110.0
267631,135.0
267773,142.0
267935,162.0
268093,158.0
268267,174.0
268435,168.0
268601,166.0
268775,174.0
268955,180.0
269135,180.0
269146,11.0
269348,202.0
269529,181.0
269704,175.0
269890,186.0
270054,164.0
270202,148.0
270346,144.0
270486,140.0
270630,144.0
270772,142.0
270917,145.0
271068,151.0
271216,148.0
271360,144.0
271506,146.0
271651,145.0
271796,145.0
271943,147.0
272081,138.0
272244,163.0
272390,146.0
272550,160.0
272709,159.0
272870,161.0
273048,178.0
273209,161.0
273352,143.0
273613,261.0
273799,186.0
273939,140.0
274083,144.0
274226,143.0
274405,179.0
274604,199.0
274844,240.0
275344,500.0
275531,187.0
275542,11.0
275555,13.0
275568,13.0
275682,114.0
275840,158.0
276079,239.0
276287,208.0
276460,173.0
276622,162.0
276774,152.0
276926,152.0
277120,194.0
277356,236.0
277717,361.0
278081,364.0
278289,208.0
278546,257.0
278813,267.0
279012,199.0
279349,337.0
279482,133.0
279493,11.0
279659,166.0
279993,334.0
280290,297.0
280686,396.0
280786,100.0
280931,145.0
280941,10.0
280950,9.0
280961,11.0
280972,11.0
280980,8.0
280993,13.0
281003,10.0
281012,9.0
281021,9.0
281033,12.0
281043,10.0
281053,10.0
281064,11.0
281073,9.0
281085,12.0
281096,11.0
281108,12.0
281117,9.0
281129,12.0
281139,10.0
281150,11.0
281203,53.0
281214,11.0
281227,13.0
281237,10.0
281267,30.0
281417,150.0
281535,118.0
281669,134.0
281767,98.0
281929,162.0
282050,121.0
282179,129.0
282289,110.0
282388,99.0
282491,103.0
282605,114.0
282716,111.0
282837,121.0
282956,119.0
283065,109.0
283159,94.0
283282,123.0
283393,111.0
283509,116.0
283603,94.0
283724,121.0
283844,120.0
283961,117.0
284075,114.0
284201,126.0
284317,116.0
284437,120.0
284558,121.0
284678,120.0
284800,122.0
284930,130.0
285056,126.0
285187,131.0
285316,129.0
285468,152.0
285626,158.0
285791,165.0
285937,146.0
286080,143.0
286200,120.0
286320,120.0
286446,126.0
286575,129.0
286687,112.0
286797,110.0
286915,118.0
287028,113.0
287152,124.0
287278,126.0
287400,122.0
287543,143.0
287693,150.0
287831,138.0
287964,133.0
288089,125.0
288200,111.0
288306,106.0
288420,114.0
288536,116.0
288649,113.0
288765,116.0
288780,15.0
288792,12.0
288894,102.0
289003,109.0
289122,119.0
289254,132.0
289395,141.0
289534,139.0
289681,147.0
289819,138.0
289955,136.0
290118,163.0
290286,168.0
290510,224.0
290623,113.0
290641,18.0
290651,10.0
290661,10.0
290670,9.0
290681,11.0
290692,11.0
290704,12.0
290716,12.0
290781,65.0
290879,98.0
290906,27.0
290999,93.0
291138,139.0
291256,118.0
291466,210.0
291670,204.0
291884,214.0
292071,187.0
292221,150.0
292371,150.0
292525,154.0
292673,148.0
292838,165.0
292987,149.0
293136,149.0
293258,122.0
293382,124.0
293514,132.0
293649,135.0
293772,123.0
293889,117.0
294030,141.0
294154,124.0
294263,109.0
294380,117.0
294499,119.0
294624,125.0
294757,133.0
294888,131.0
295020,132.0
295165,145.0
295301,136.0
295440,139.0
295605,165.0
295784,179.0
295947,163.0
296183,236.0
296344,161.0
296508,164.0
296682,174.0
296856,174.0
297201,345.0
297212,11.0
297223,11.0
297232,9.0
297245,13.0
297441,196.0
297650,209.0
297817,167.0
297963,146.0
298172,209.0
298354,182.0
298511,157.0
298651,140.0
298827,176.0
298998,171.0
299177,179.0
299352,175.0
299584,232.0
299751,167.0
299945,194.0
300097,152.0
300287,190.0
300449,162.0
300662,213.0
300826,164.0
301017,191.0
301238,221.0
301542,304.0
301787,245.0
302090,303.0
302386,296.0
302614,228.0
302837,223.0
302979,142.0
303123,144.0
303254,131.0
303379,125.0
303517,138.0
303647,130.0
303765,118.0
303884,119.0
304018,134.0
304156,138.0
304276,120.0
304387,111.0
304501,114.0
304626,125.0
304762,136.0
304890,128.0
305008,118.0
305119,111.0
305135,16.0
305144,9.0
305153,9.0
305161,8.0
305171,10.0
305180,9.0
305190,10.0
305199,9.0
305208,9.0
305218,10.0
305228,10.0
305237,9.0
305246,9.0
305255,9.0
305266,11.0
305276,10.0
305287,11.0
305297,10.0
305307,10.0
305317,10.0
305327,10.0
305336,9.0
305346,10.0
305356,10.0
305366,10.0
305375,9.0
305384,9.0
305393,9.0
305402,9.0
305410,8.0
305418,8.0
305429,11.0
305439,10.0
305451,12.0
305459,8.0
305469,10.0
305479,10.0
305489,10.0
305499,10.0
305508,9.0
305518,10.0
305528,10.0
305538,10.0
305547,9.0
305557,10.0
305567,10.0
305577,10.0
305588,11.0
305598,10.0
305607,9.0
305617,10.0
305627,10.0
305637,10.0
305647,10.0
305657,10.0
305666,9.0
305676,10.0
305686,10.0
305696,10.0
305705,9.0
305714,9.0
305723,9.0
305732,9.0
305742,10.0
305754,12.0
305762,8.0
305772,10.0
305782,10.0
305791,9.0
305799,8.0
305807,8.0
305817,10.0
305827,10.0
305837,10.0
305847,10.0
305855,8.0
305866,11.0
305875,9.0
305885,10.0
305895,10.0
305905,10.0
305914,9.0
305923,9.0
305933,10.0
305943,10.0
305953,10.0
305961,8.0
305971,10.0
305981,10.0
305990,9.0
306000,10.0
306010,10.0
306020,10.0
306031,11.0
306041,10.0
306050,9.0
306060,10.0
306070,10.0
306079,9.0
306091,12.0
306102,11.0
306113,11.0
306123,10.0
306134,11.0
306144,10.0
306259,115.0
306275,16.0
306400,125.0
306530,130.0
306660,130.0
306793,133.0
306921,128.0
307052,131.0
307169,117.0
307182,13.0
307312,130.0
307439,127.0
307559,120.0
307680,121.0
307807,127.0
307930,123.0
308057,127.0
308185,128.0
308315,130.0
308445,130.0
308580,135.0
308714,134.0
308843,129.0
308854,11.0
308996,142.0
309139,143.0
309292,153.0
309452,160.0
309609,157.0
309773,164.0
309953,180.0
310101,148.0
310254,153.0
310392,138.0
310536,144.0
310689,153.0
310829,140.0
310982,153.0
311125,143.0
311260,135.0
311412,152.0
311556,144.0
311708,152.0
311861,153.0
311999,138.0
312152,153.0
312287,135.0
312426,139.0
312581,155.0
312724,143.0
312868,144.0
312999,131.0
313143,144.0
313294,151.0
313514,220.0
313737,223.0
313975,238.0
314210,235.0
314578,368.0
315078,500.0
315179,101.0
315189,10.0
315215,26.0
315241,26.0
315260,19.0
315292,32.0
315317,25.0
315391,74.0
315463,72.0
315734,271.0
315976,242.0
316056,80.0
316173,117.0
316484,311.0
316746,262.0
317026,280.0
317277,251.0
317536,259.0
317804,268.0
318067,263.0
318371,304.0
318401,30.0
318719,318.0
319022,303.0
319273,251.0
319520,247.0
319811,291.0
320088,277.0
320283,195.0
320442,159.0
320599,157.0
320750,151.0
320914,164.0
321414,500.0
321614,200.0
321861,247.0
322072,211.0
322310,238.0
322569,259.0
322808,239.0
323116,308.0
323388,272.0
323655,267.0
323841,186.0
324010,169.0
324143,133.0
324265,122.0
324406,141.0
324510,104.0
324651,141.0
324900,249.0
325230,330.0
325367,137.0
325701,334.0
326036,335.0
326364,328.0
326473,109.0
326621,148.0
326751,130.0
327033,282.0
327135,102.0
327236,101.0
327399,163.0
327561,162.0
327937,376.0
328253,316.0
328271,18.0
328281,10.0
328291,10.0
328301,10.0
328321,20.0
328345,24.0
328368,23.0
328378,10.0
328389,11.0
328400,11.0
328411,11.0
328422,11.0
328432,10.0
328442,10.0
328452,10.0
328464,12.0
328475,11.0
328487,12.0
328500,13.0
328512,12.0
328539,27.0
328564,25.0
328588,24.0
328610,22.0
328634,24.0
328656,22.0
328675,19.0
328698,23.0
328722,24.0
328747,25.0
328759,12.0
328781,22.0
328794,13.0
328821,27.0
328847,26.0
328874,27.0
328886,12.0
328909,23.0
328936,27.0
328966,30.0
328977,11.0
329001,24.0
329027,26.0
329054,27.0
329078,24.0
329108,30.0
329149,41.0
329322,173.0
329336,14.0
329366,30.0
329411,45.0
329441,30.0
329644,203.0
329830,186.0
330059,229.0
330074,15.0
330105,31.0
330126,21.0
330429,303.0
330602,173.0
330796,194.0
330919,123.0
331212,293.0
331394,182.0
331554,160.0
331732,178.0
331915,183.0
332103,188.0
332320,217.0
332501,181.0
332700,199.0
332883,183.0
333053,170.0
333225,172.0
333379,154.0
333528,149.0
333685,157.0
333851,166.0
334013,162.0
334206,193.0
334706,500.0
334833,127.0
335183,350.0
335350,167.0
335526,176.0
335704,178.0
335918,214.0
336125,207.0
336436,311.0
336562,126.0
336693,131.0
336818,125.0
337227,409.0
337367,140.0
337584,217.0
337988,404.0
338485,497.0
338604,119.0
338715,111.0
338945,230.0
339424,479.0
339650,226.0
339807,157.0
339952,145.0
340339,387.0
340773,434.0
340984,211.0
341151,167.0
341274,123.0
341389,115.0
341499,110.0
341610,111.0
341724,114.0
341838,114.0
341957,119.0
342075,118.0
342185,110.0
342301,116.0
342427,126.0
342581,154.0
342734,153.0
342927,193.0
343261,334.0
343406,145.0
343420,14.0
343432,12.0
343441,9.0
343451,10.0
343460,9.0
343469,9.0
343477,8.0
343487,10.0
343495,8.0
343506,11.0
343516,10.0
343527,11.0
343538,11.0
343546,8.0
343557,11.0
343569,12.0
343579,10.0
343588,9.0
343598,10.0
343607,9.0
343616,9.0
343626,10.0
343638,12.0
343649,11.0
343661,12.0
343673,12.0
343684,11.0
343803,119.0
343927,124.0
344036,109.0
344153,117.0
344257,104.0
344275,18.0
344291,16.0
344394,103.0
344502,108.0
344514,12.0
344623,109.0
344727,104.0
344828,101.0
344939,111.0
345051,112.0
345157,106.0
345172,15.0
345276,104.0
345380,104.0
345492,112.0
345599,107.0
345609,10.0
345713,104.0
345825,112.0
345835,10.0
345951,116.0
346069,118.0
346082,13.0
346188,106.0
346287,99.0
346394,107.0
346500,106.0
346611,111.0
346720,109.0
346819,99.0
346921,102.0
347017,96.0
347120,103.0
347224,104.0
347332,108.0
347432,100.0
347535,103.0
347643,108.0
347757,114.0
347873,116.0
347982,109.0
348090,108.0
348190,100.0
348296,106.0
348390,94.0
348465,75.0
348555,90.0
348636,81.0
348718,82.0
348798,80.0
348872,74.0
348943,71.0
349023,80.0
349035,12.0
349115,80.0
349197,82.0
349296,99.0
349409,113.0
349528,119.0
349643,115.0
349765,122.0
349882,117.0
350004,122.0
350136,132.0
350290,154.0
350489,199.0
350856,367.0
351056,200.0
351223,167.0
351373,150.0
351524,151.0
351672,148.0
351806,134.0
351947,141.0
352108,161.0
352476,368.0
352599,123.0
352710,111.0
352798,88.0
352917,119.0
353076,159.0
353325,249.0
353461,136.0
353611,150.0
353782,171.0
353917,135.0
354025,108.0
354036,11.0
354048,12.0
354058,10.0
354070,12.0
354082,12.0
354093,11.0
354104,11.0
354232,128.0
354243,11.0
354373,130.0
354501,128.0
354631,130.0
354765,134.0
354892,127.0
355025,133.0
355161,136.0
355346,185.0
355571,225.0
355833,262.0
356333,500.0
356497,164.0
356512,15.0
356896,384.0
357041,145.0
357164,123.0
357252,88.0
357348,96.0
357426,78.0
357437,11.0
357448,11.0
357459,11.0
357470,11.0
357479,9.0
357488,9.0
357498,10.0
357507,9.0
357517,10.0
357526,9.0
357537,11.0
357547,10.0
357556,9.0
357567,11.0
357578,11.0
357589,11.0
357603,14.0
357615,12.0
357697,82.0
357793,96.0
357888,95.0
357981,93.0
358108,127.0
358241,133.0
358415,174.0
358618,203.0
358844,226.0
359108,264.0
359386,278.0
359569,183.0
359731,162.0
359869,138.0
359995,126.0
360103,108.0
360191,88.0
360282,91.0
360370,88.0
360459,89.0
360543,84.0
360554,11.0
360565,11.0
360579,14.0
360690,111.0
360846,156.0
361027,181.0
361174,147.0
361327,153.0
361475,148.0
361609,134.0
361747,138.0
361860,113.0
361971,111.0
362117,146.0
362295,178.0
362479,184.0
362641,162.0
362799,158.0
362942,143.0
363073,131.0
363215,142.0
363366,151.0
363514,148.0
363665,151.0
363819,154.0
363979,160.0
364115,136.0
364244,129.0
364406,162.0
364555,149.0
364709,154.0
364873,164.0
365043,170.0
365185,142.0
365329,144.0
365475,146.0
365641,166.0
365807,166.0
365973,166.0
366094,121.0
366105,11.0
366116,11.0
366127,11.0
366139,12.0
366149,10.0
366167,18.0
366177,10.0
366190,13.0
366295,105.0
366407,112.0
366519,112.0
366626,107.0
366735,109.0
366845,110.0
366948,103.0
367051,103.0
367156,105.0
367267,111.0
367373,106.0
367484,111.0
367590,106.0
367709,119.0
367819,110.0
367937,118.0
368066,129.0
368195,129.0
368335,140.0
368470,135.0
368612,142.0
368762,150.0
368902,140.0
369041,139.0
369199,158.0
369354,155.0
369509,155.0
369672,163.0
369846,174.0
370015,169.0
370515,500.0
370666,151.0
370804,138.0
370972,168.0
371133,161.0
371249,116.0
371359,110.0
371474,115.0
371575,101.0
371677,102.0
371782,105.0
371881,99.0
371973,92.0
372053,80.0
372138,85.0
372233,95.0
372351,118.0
372461,110.0
372575,114.0
372690,115.0
372806,116.0
372919,113.0
373029,110.0
373180,151.0
373476,296.0
373494,18.0
373597,103.0
373741,144.0
374030,289.0
374311,281.0
374680,369.0
374820,140.0
374955,135.0
375105,150.0
375217,112.0
375331,114.0
375439,108.0
375453,14.0
375827,374.0
375961,134.0
376085,124.0
376230,145.0
376466,236.0
376767,301.0
377092,325.0
377202,110.0
377304,102.0
377518,214.0
377709,191.0
377864,155.0
378054,190.0
378181,127.0
378196,15.0
378215,19.0
378226,11.0
378238,12.0
378248,10.0
378259,11.0
378270,11.0
378282,12.0
378295,13.0
378401,106.0
378510,109.0
378622,112.0
378729,107.0
378843,114.0
378951,108.0
379065,114.0
379182,117.0
379295,113.0
379406,111.0
379517,111.0
379621,104.0
379726,105.0
379834,108.0
379945,111.0
380056,111.0
380167,111.0
380274,107.0
380379,105.0
380480,101.0
380587,107.0
380698,111.0
380800,102.0
380900,100.0
381003,103.0
381106,103.0
381212,106.0
381321,109.0
381420,99.0
381518,98.0
381618,100.0
381717,99.0
381829,112.0
381927,98.0
382030,103.0
382135,105.0
382246,111.0
382353,107.0
382460,107.0
382567,107.0
382671,104.0
382768,97.0
382785,17.0
382876,91.0
383003,127.0
383233,230.0
383377,144.0
383471,94.0
383575,104.0
383718,143.0
383821,103.0
383924,103.0
384025,101.0
384104,79.0
384187,83.0
384266,79.0
384351,85.0
384367,16.0
384378,11.0
384387,9.0
384399,12.0
384408,9.0
384417,9.0
384426,9.0
384435,9.0
384444,9.0
384455,11.0
384463,8.0
384471,8.0
384480,9.0
384492,12.0
384501,9.0
384509,8.0
384518,9.0
384526,8.0
384537,11.0
384546,9.0
384555,9.0
384564,9.0
384574,10.0
384583,9.0
384591,8.0
384601,10.0
384612,11.0
384620,8.0
384630,10.0
384639,9.0
384648,9.0
384656,8.0
384665,9.0
384675,10.0
384684,9.0
384693,9.0
384701,8.0
384709,8.0
384718,9.0
384728,10.0
384738,10.0
384746,8.0
384754,8.0
384764,10.0
384773,9.0
384783,10.0
384792,9.0
384800,8.0
384811,11.0
384821,10.0
384831,10.0
384841,10.0
384851,10.0
384861,10.0
384871,10.0
384880,9.0
384889,9.0
384897,8.0
384908,11.0
384918,10.0
384927,9.0
384938,11.0
384947,9.0
384958,11.0
384967,9.0
384976,9.0
384986,10.0
384995,9.0
385004,9.0
385013,9.0
385022,9.0
385032,10.0
385041,9.0
385053,12.0
385062,9.0
385072,10.0
385082,10.0
385090,8.0
385099,9.0
385110,11.0
385121,11.0
385131,10.0
385141,10.0
385151,10.0
385160,9.0
385171,11.0
385179,8.0
385190,11.0
385199,9.0
385211,12.0
385220,9.0
385234,14.0
385246,12.0
385257,11.0
385329,72.0
385406,77.0
385499,93.0
385591,92.0
385685,94.0
385779,94.0
385790,11.0
385803,13.0
385816,13.0
385899,83.0
385980,81.0
386107,127.0
386225,118.0
386238,13.0
386250,12.0
386262,12.0
386272,10.0
386283,11.0
386292,9.0
386302,10.0
386315,13.0
386325,10.0
386336,11.0
386347,11.0
386364,17.0
386375,11.0
386490,115.0
386614,124.0
386631,17.0
386765,134.0
386897,132.0
387015,118.0
387144,129.0
387280,136.0
387433,153.0
387579,146.0
387732,153.0
387889,157.0
388036,147.0
388217,181.0
388629,412.0
388776,147.0
388937,161.0
389104,167.0
389229,125.0
389242,13.0
389251,9.0
389260,9.0
389270,10.0
389279,9.0
389288,9.0
389297,9.0
389307,10.0
389317,10.0
389328,11.0
389338,10.0
389348,10.0
389361,13.0
389370,9.0
389379,9.0
389389,10.0
389399,10.0
389410,11.0
389420,10.0
389430,10.0
389439,9.0
389451,12.0
389463,12.0
389475,12.0
389487,12.0
389500,13.0
389587,87.0
389697,110.0
389823,126.0
389942,119.0
390058,116.0
390174,116.0
390278,104.0
390380,102.0
390483,103.0
390590,107.0
390692,102.0
390791,99.0
390894,103.0
390998,104.0
391101,103.0
391112,11.0
391121,9.0
391130,9.0
391139,9.0
391148,9.0
391159,11.0
391170,11.0
391180,10.0
391189,9.0
391197,8.0
391208,11.0
391218,10.0
391229,11.0
391238,9.0
391248,10.0
391258,10.0
391267,9.0
391277,10.0
391286,9.0
391298,12.0
391308,10.0
391321,13.0
391332,11.0
391344,12.0
391353,9.0
391363,10.0
391376,13.0
391387,11.0
391398,11.0
391410,12.0
391512,102.0
391618,106.0
391727,109.0
391837,110.0
391944,107.0
392041,97.0
392141,100.0
392245,104.0
392349,104.0
392456,107.0
392467,11.0
392480,13.0
392490,10.0
392500,10.0
392509,9.0
392518,9.0
392530,12.0
392538,8.0
392551,13.0
392562,11.0
392572,10.0
392584,12.0
392594,10.0
392605,11.0
392618,13.0
392632,14.0
392644,12.0
392654,10.0
392668,14.0
392767,99.0
392883,116.0
393005,122.0
393122,117.0
393235,113.0
393347,112.0
393467,120.0
393578,111.0
393682,104.0
393797,115.0
393922,125.0
394029,107.0
394144,115.0
394154,10.0
394261,107.0
394337,76.0
394349,12.0
394362,13.0
394372,10.0
394495,123.0
394608,113.0
394619,11.0
394733,114.0
394863,130.0
394956,93.0
395062,106.0
395178,116.0
395191,13.0
395202,11.0
395213,11.0
395224,11.0
395235,11.0
395342,107.0
395442,100.0
395491,49.0
395579,88.0
395669,90.0
395719,50.0
395760,41.0
395804,44.0
395814,10.0
395858,44.0
395886,28.0
396073,187.0
396201,128.0
396308,107.0
396380,72.0
396640,260.0
396704,64.0
396862,158.0
396970,108.0
397031,61.0
397111,80.0
397262,151.0
397402,140.0
397536,134.0
397684,148.0
397829,145.0
397968,139.0
398103,135.0
398251,148.0
398391,140.0
398528,137.0
398673,145.0
398813,140.0
398952,139.0
399096,144.0
399239,143.0
399388,149.0
399543,155.0
399700,157.0
399844,144.0
400010,166.0
400177,167.0
400338,161.0
400510,172.0
400689,179.0
400865,176.0
401041,176.0
401250,209.0
401424,174.0
401621,197.0
401780,159.0
401950,170.0
402149,199.0
402380,231.0
402648,268.0
402733,85.0
403110,377.0
403321,211.0
403507,186.0
403684,177.0
403856,172.0
404035,179.0
404233,198.0
404407,174.0
404567,160.0
404735,168.0
404894,159.0
405050,156.0
405225,175.0
405466,241.0
405748,282.0
405946,198.0
406145,199.0
406366,221.0
406669,303.0
406854,185.0
406865,11.0
406973,108.0
406983,10.0
407098,115.0
407236,138.0
407412,176.0
407610,198.0
407884,274.0
408384,500.0
408587,203.0
408770,183.0
408974,204.0
409434,460.0
409710,276.0
410082,372.0
410319,237.0
410515,196.0
410688,173.0
410855,167.0
411056,201.0
411204,148.0
411217,13.0
411335,118.0
411448,113.0
411573,125.0
411701,128.0
411713,12.0
412213,500.0
412524,311.0
412894,370.0
413158,264.0
413377,219.0
413549,172.0
413714,165.0
413870,156.0
414022,152.0
414164,142.0
414308,144.0
414451,143.0
414590,139.0
414724,134.0
414859,135.0
414993,134.0
415130,137.0
415261,131.0
415378,117.0
415521,143.0
415675,154.0
415794,119.0
415917,123.0
416048,131.0
416176,128.0
416307,131.0
416438,131.0
416570,132.0
416712,142.0
417212,500.0
417614,402.0
418001,387.0
418351,350.0
418825,474.0
419098,273.0
419343,245.0
419826,483.0
420080,254.0
420291,211.0
420546,255.0
420758,212.0
421002,244.0
421240,238.0
421740,500.0
422055,315.0
422234,179.0
422244,10.0
422255,11.0
422264,9.0
422273,9.0
422282,9.0
422290,8.0
422301,11.0
422311,10.0
422322,11.0
422331,9.0
422339,8.0
422347,8.0
422356,9.0
422366,10.0
422375,9.0
422384,9.0
422393,9.0
422404,11.0
422415,11.0
422424,9.0
422433,9.0
422442,9.0
422453,11.0
422463,10.0
422473,10.0
422484,11.0
422493,9.0
422502,9.0
422512,10.0
422522,10.0
422532,10.0
422540,8.0
422548,8.0
422557,9.0
422565,8.0
422573,8.0
422583,10.0
422592,9.0
422601,9.0
422611,10.0
422621,10.0
422629,8.0
422638,9.0
422647,9.0
422657,10.0
422667,10.0
422677,10.0
422686,9.0
422695,9.0
422704,9.0
422713,9.0
422722,9.0
422731,9.0
422741,10.0
422750,9.0
422761,11.0
422771,10.0
422781,10.0
422789,8.0
422799,10.0
422808,9.0
422818,10.0
422828,10.0
422837,9.0
422846,9.0
422856,10.0
422866,10.0
422877,11.0
422887,10.0
422897,10.0
422907,10.0
422916,9.0
422929,13.0
422938,9.0
422948,10.0
422957,9.0
422967,10.0
422975,8.0
422984,9.0
422995,11.0
423005,10.0
423015,10.0
423025,10.0
423035,10.0
423045,10.0
423056,11.0
423064,8.0
423073,9.0
423082,9.0
423091,9.0
423102,11.0
423113,11.0
423123,10.0
423135,12.0
423146,11.0
423156,10.0
423166,10.0
423175,9.0
423184,9.0
423193,9.0
423202,9.0
423212,10.0
423224,12.0
423234,10.0
423244,10.0
423254,10.0
423265,11.0
423273,8.0
423284,11.0
423294,10.0
423305,11.0
423314,9.0
423325,11.0
423338,13.0
423348,10.0
423358,10.0
423368,10.0
423378,10.0
423389,11.0
423397,8.0
423407,10.0
423416,9.0
423427,11.0
423437,10.0
423447,10.0
423458,11.0
423467,9.0
423478,11.0
423488,10.0
423497,9.0
423507,10.0
423517,10.0
423526,9.0
423536,10.0
423545,9.0
423555,10.0
423564,9.0
423575,11.0
423585,10.0
423704,119.0
423715,11.0
423727,12.0
423738,11.0
423752,14.0
423763,11.0
423776,13.0
423786,10.0
423934,148.0
424094,160.0
424106,12.0
424237,131.0
424249,12.0
424373,124.0
424384,11.0
424396,12.0
424407,11.0
424500,93.0
424609,109.0
424712,103.0
424816,104.0
424927,111.0
425037,110.0
425155,118.0
425290,135.0
425415,125.0
425552,137.0
425563,11.0
425732,169.0
425924,192.0
426066,142.0
426274,208.0
426454,180.0
426463,9.0
426620,157.0
426744,124.0
426882,138.0
427010,128.0
427158,148.0
427297,139.0
427441,144.0
427583,142.0
427723,140.0
427870,147.0
428009,139.0
428161,152.0
428322,161.0
428474,152.0
428606,132.0
428756,150.0
428907,151.0
429053,146.0
429202,149.0
429347,145.0
429482,135.0
429639,157.0
429788,149.0
429929,141.0
430074,145.0
430227,153.0
430369,142.0
430529,160.0
430666,137.0
430812,146.0
430963,151.0
431102,139.0
431241,139.0
431372,131.0
431497,125.0
431640,143.0
431794,154.0
431942,148.0
432085,143.0
432194,109.0
432323,129.0
432445,122.0
432574,129.0
432690,116.0
432809,119.0
432921,112.0
433050,129.0
433165,115.0
433282,117.0
433398,116.0
433515,117.0
433627,112.0
433751,124.0
433878,127.0
434006,128.0
434146,140.0
434286,140.0
434414,128.0
434558,144.0
434698,140.0
434837,139.0
434972,135.0
435080,108.0
435090,10.0
435100,10.0
435110,10.0
435120,10.0
435130,10.0
435142,12.0
435151,9.0
435163,12.0
435176,13.0
435189,13.0
435198,9.0
435211,13.0
435222,11.0
435231,9.0
435242,11.0
435252,10.0
435263,11.0
435272,9.0
435284,12.0
435294,10.0
435307,13.0
435318,11.0
435329,11.0
435344,15.0
435357,13.0
435368,11.0
435380,12.0
435391,11.0
435401,10.0
435416,15.0
435428,12.0
435455,27.0
435468,13.0
435490,22.0
435502,12.0
435603,101.0
435701,98.0
435806,105.0
435911,105.0
436021,110.0
436129,108.0
436240,111.0
436359,119.0
436482,123.0
436601,119.0
436720,119.0
436843,123.0
436971,128.0
437103,132.0
437255,152.0
437412,157.0
437567,155.0
437721,154.0
437878,157.0
438030,152.0
438208,178.0
438380,172.0
438551,171.0
438720,169.0
438897,177.0
439071,174.0
439254,183.0
439445,191.0
439640,195.0
439849,209.0
440051,202.0
440262,211.0
440479,217.0
440695,216.0
440931,236.0
441150,219.0
441371,221.0
441587,216.0
441796,209.0
442018,222.0
442243,225.0
442467,224.0
442701,234.0
442908,207.0
443210,302.0
443418,208.0
443540,122.0
443550,10.0
443643,93.0
443853,210.0
444103,250.0
444237,134.0
444366,129.0
444513,147.0
444631,118.0
444738,107.0
444902,164.0
445033,131.0
445045,12.0
445132,87.0
445233,101.0
445343,110.0
445448,105.0
445555,107.0
445668,113.0
445780,112.0
445886,106.0
445979,93.0
446090,111.0
446193,103.0
446304,111.0
446413,109.0
446517,104.0
446625,108.0
446731,106.0
446836,105.0
446951,115.0
447063,112.0
447175,112.0
447301,126.0
447416,115.0
447525,109.0
447640,115.0
447753,113.0
447878,125.0
448005,127.0
448334,329.0
448611,277.0
449111,500.0
449300,189.0
449644,344.0
449912,268.0
450141,229.0
450326,185.0
450514,188.0
450707,193.0
450912,205.0
451102,190.0
451306,204.0
451576,270.0
451792,216.0
452102,310.0
452359,257.0
452503,144.0
452614,111.0
452826,212.0
452941,115.0
453036,95.0
453046,10.0
453055,9.0
453066,11.0
453076,10.0
453087,11.0
453096,9.0
453105,9.0
453115,10.0
453123,8.0
453133,10.0
453143,10.0
453153,10.0
453164,11.0
453173,9.0
453182,9.0
453191,9.0
453200,9.0
453210,10.0
453220,10.0
453230,10.0
453241,11.0
453254,13.0
453262,8.0
453272,10.0
453281,9.0
453293,12.0
453302,9.0
453312,10.0
453322,10.0
453330,8.0
453338,8.0
453347,9.0
453356,9.0
453365,9.0
453375,10.0
453385,10.0
453394,9.0
453403,9.0
453412,9.0
453420,8.0
453429,9.0
453438,9.0
453448,10.0
453458,10.0
453469,11.0
453479,10.0
453488,9.0
453496,8.0
453505,9.0
453516,11.0
453526,10.0
453534,8.0
453544,10.0
453554,10.0
453563,9.0
453572,9.0
453582,10.0
453590,8.0
453600,10.0
453609,9.0
453621,12.0
453630,9.0
453639,9.0
453650,11.0
453659,9.0
453668,9.0
453678,10.0
453687,9.0
453696,9.0
453707,11.0
453717,10.0
453727,10.0
453735,8.0
453745,10.0
453754,9.0
453764,10.0
453774,10.0
453783,9.0
453792,9.0
453800,8.0
453810,10.0
453818,8.0
453827,9.0
453839,12.0
453848,9.0
453858,10.0
453867,9.0
453878,11.0
453888,10.0
453897,9.0
453907,10.0
453917,10.0
453925,8.0
453934,9.0
453945,11.0
453955,10.0
453965,10.0
453975,10.0
453985,10.0
453995,10.0
454005,10.0
454013,8.0
454022,9.0
454032,10.0
454041,9.0
454050,9.0
454058,8.0
454067,9.0
454077,10.0
454086,9.0
454096,10.0
454105,9.0
454116,11.0
454125,9.0
454134,9.0
454146,12.0
454156,10.0
454168,12.0
454178,10.0
454187,9.0
454196,9.0
454207,11.0
454216,9.0
454225,9.0
454236,11.0
454247,11.0
454257,10.0
454267,10.0
454277,10.0
454287,10.0
454298,11.0
454308,10.0
454317,9.0
454326,9.0
454337,11.0
454347,10.0
454357,10.0
454367,10.0
454378,11.0
454388,10.0
454399,11.0
454409,10.0
454420,11.0
454431,11.0
454442,11.0
454452,10.0
454463,11.0
454474,11.0
454486,12.0
454498,12.0
454508,10.0
454519,11.0
454529,10.0
454540,11.0
454614,74.0
454723,109.0
454735,12.0
454831,96.0
454948,117.0
455054,106.0
455151,97.0
455250,99.0
455354,104.0
455482,128.0
455586,104.0
455705,119.0
455843,138.0
455946,103.0
456069,123.0
456165,96.0
456267,102.0
456397,130.0
456537,140.0
456645,108.0
456764,119.0
456906,142.0
457041,135.0
457143,102.0
457292,149.0
457446,154.0
457570,124.0
457733,163.0
457894,161.0
458050,156.0
458213,163.0
458391,178.0
458691,300.0
458944,253.0
459372,428.0
459575,203.0
459718,143.0
459872,154.0
460037,165.0
460258,221.0
460453,195.0
460641,188.0
460897,256.0
461170,273.0
461328,158.0
461511,183.0
461733,222.0
461913,180.0
462105,192.0
462263,158.0
462423,160.0
462562,139.0
462706,144.0
462861,155.0
463010,149.0
463025,15.0
463037,12.0
463047,10.0
463057,10.0
463067,10.0
463076,9.0
463087,11.0
463095,8.0
463106,11.0
463116,10.0
463126,10.0
463136,10.0
463148,12.0
463159,11.0
463170,11.0
463181,11.0
463340,159.0
463355,15.0
463506,151.0
463655,149.0
463800,145.0
463944,144.0
464076,132.0
464090,14.0
464106,16.0
464120,14.0
464133,13.0
464145,12.0
464156,11.0
464168,12.0
464180,12.0
464191,11.0
464204,13.0
464215,11.0
464235,20.0
464357,122.0
464493,136.0
464617,124.0
464730,113.0
464846,116.0
464956,110.0
465066,110.0
465180,114.0
465191,11.0
465201,10.0
465213,12.0
465223,10.0
465234,11.0
465245,11.0
465254,9.0
465264,10.0
465274,10.0
465283,9.0
465297,14.0
465307,10.0
465318,11.0
465328,10.0
465337,9.0
465348,11.0
465360,12.0
465372,12.0
465384,12.0
465401,17.0
465412,11.0
465519,107.0
465636,117.0
465751,115.0
465864,113.0
465879,15.0
465993,114.0
466100,107.0
466214,114.0
466319,105.0
466437,118.0
466557,120.0
466686,129.0
466807,121.0
466911,104.0
467025,114.0
467149,124.0
467275,126.0
467384,109.0
467515,131.0
467639,124.0
467761,122.0
467881,120.0
468012,131.0
468149,137.0
468278,129.0
468411,133.0
468572,161.0
468719,147.0
468733,14.0
468886,153.0
469034,148.0
469185,151.0
469345,160.0
469505,160.0
469679,174.0
469834,155.0
469846,12.0
469862,16.0
469872,10.0
469886,14.0
470132,246.0
470387,255.0
470593,206.0
470790,197.0
470982,192.0
471167,185.0
471178,11.0
471353,175.0
471544,191.0
471712,168.0
471894,182.0
472084,190.0
472277,193.0
472288,11.0
472301,13.0
472475,174.0
472706,231.0
472905,199.0
473100,195.0
473276,176.0
473454,178.0
473645,191.0
473861,216.0
474062,201.0
474075,13.0
474254,179.0
474441,187.0
474630,189.0
474809,179.0
474987,178.0
475151,164.0
475319,168.0
475487,168.0
475649,162.0
475808,159.0
475971,163.0
476136,165.0
476289,153.0
476434,145.0
476589,155.0
476738,149.0
476895,157.0
477056,161.0
477218,162.0
477414,196.0
477582,168.0
477743,161.0
477923,180.0
478115,192.0
478274,159.0
478432,158.0
478573,141.0
478727,154.0
478867,140.0
479014,147.0
479165,151.0
479306,141.0
479445,139.0
479581,136.0
479707,126.0
479839,132.0
479973,134.0
480103,130.0
480260,157.0
480424,164.0
480578,154.0
480728,150.0
480892,164.0
481063,171.0
481218,155.0
481372,154.0
481530,158.0
481675,145.0
481818,143.0
481992,174.0
482145,153.0
482296,151.0
482472,176.0
482637,165.0
482803,166.0
482973,170.0
483116,143.0
483254,138.0
483381,127.0
483520,139.0
483645,125.0
483654,9.0
483779,125.0
483793,14.0
483803,10.0
483918,115.0
484046,128.0
484185,139.0
484324,139.0
484477,153.0
484625,148.0
484776,151.0
484908,132.0
485082,174.0
485097,15.0
485248,151.0
485408,160.0
485421,13.0
485577,156.0
485740,163.0
485906,166.0
486067,161.0
486247,180.0
486425,178.0
486634,209.0
486817,183.0
487012,195.0
487425,413.0
487896,471.0
488166,270.0
488342,176.0
488465,123.0
488965,500.0
489168,203.0
489426,258.0
489648,222.0
489869,221.0
490142,273.0
490553,411.0
490728,175.0
491120,392.0
491259,139.0
491271,12.0
491282,11.0
491292,10.0
491302,10.0
491312,10.0
491321,9.0
491330,9.0
491340,10.0
491349,9.0
491359,10.0
491368,9.0
491379,11.0
491389,10.0
491399,10.0
491408,9.0
491417,9.0
491428,11.0
491439,11.0
491448,9.0
491457,9.0
491467,10.0
491478,11.0
491487,9.0
491497,10.0
491507,10.0
491517,10.0
491528,11.0
491539,11.0
491547,8.0
491557,10.0
491566,9.0
491576,10.0
491585,9.0
491594,9.0
491602,8.0
491612,10.0
491624,12.0
491633,9.0
491641,8.0
491651,10.0
491660,9.0
491669,9.0
491678,9.0
491693,15.0
491703,10.0
491714,11.0
491723,9.0
491732,9.0
491744,12.0
491755,11.0
491765,10.0
491774,9.0
491783,9.0
491793,10.0
491802,9.0
491811,9.0
491821,10.0
491830,9.0
491839,9.0
491849,10.0
491860,11.0
491868,8.0
491878,10.0
491888,10.0
491898,10.0
491908,10.0
491917,9.0
491929,12.0
491940,11.0
491949,9.0
491957,8.0
491968,11.0
491978,10.0
491986,8.0
491994,8.0
492003,9.0
492013,10.0
492022,9.0
492031,9.0
492040,9.0
492051,11.0
492061,10.0
492071,10.0
492081,10.0
492090,9.0
492100,10.0
492111,11.0
492122,11.0
492132,10.0
492142,10.0
492152,10.0
492163,11.0
492173,10.0
492183,10.0
492195,12.0
492205,10.0
492215,10.0
492224,9.0
492234,10.0
492244,10.0
492252,8.0
492262,10.0
492272,10.0
492285,13.0
492296,11.0
492306,10.0
492316,10.0
492326,10.0
492336,10.0
492346,10.0
492356,10.0
492365,9.0
492374,9.0
492385,11.0
492395,10.0
492410,15.0
492421,11.0
492432,11.0
492443,11.0
492454,11.0
492464,10.0
492474,10.0
492486,12.0
492496,10.0
492574,78.0
492653,79.0
492665,12.0
492760,95.0
492865,105.0
493017,152.0
493185,168.0
493319,134.0
493461,142.0
493581,120.0
493693,112.0
493809,116.0
493911,102.0
494010,99.0
494120,110.0
494225,105.0
494324,99.0
494421,97.0
494526,105.0
494636,110.0
494741,105.0
494847,106.0
494948,101.0
495043,95.0
495167,124.0
495332,165.0
495493,161.0
495655,162.0
495821,166.0
495993,172.0
496154,161.0
496305,151.0
496445,140.0
496607,162.0
496782,175.0
496915,133.0
497076,161.0
497296,220.0
497560,264.0
497750,190.0
497917,167.0
498166,249.0
498378,212.0
498637,259.0
498852,215.0
499100,248.0
499294,194.0
499483,189.0
499676,193.0
499865,189.0
500056,191.0
500226,170.0
500411,185.0
500630,219.0
500871,241.0
501082,211.0
501231,149.0
501243,12.0
501255,12.0
501266,11.0
501276,10.0
501285,9.0
501295,10.0
501305,10.0
501315,10.0
501326,11.0
501337,11.0
501347,10.0
501505,158.0
501653,148.0
501800,147.0
501941,141.0
502079,138.0
502093,14.0
502235,142.0
502383,148.0
502556,173.0
502725,169.0
502914,189.0
503105,191.0
503324,219.0
503551,227.0
503786,235.0
504024,238.0
504258,234.0
504518,260.0
504784,266.0
505052,268.0
505367,315.0
505657,290.0
505907,250.0
506167,260.0
506667,500.0
506768,101.0
506942,174.0
507250,308.0
507485,235.0
507749,264.0
507973,224.0
508225,252.0
508238,13.0
508589,351.0
509024,435.0
509222,198.0
509232,10.0
509243,11.0
509254,11.0
509265,11.0
509274,9.0
509284,10.0
509295,11.0
509304,9.0
509314,10.0
509322,8.0
509331,9.0
509341,10.0
509350,9.0
509360,10.0
509371,11.0
509380,9.0
509393,13.0
509403,10.0
509412,9.0
509422,10.0
509432,10.0
509443,11.0
509453,10.0
509464,11.0
509474,10.0
509483,9.0
509493,10.0
509504,11.0
509514,10.0
509524,10.0
509534,10.0
509543,9.0
509553,10.0
509625,72.0
509733,108.0
509869,136.0
510001,132.0
510131,130.0
510245,114.0
510356,111.0
510468,112.0
510557,89.0
510665,108.0
510784,119.0
510899,115.0
511012,113.0
511142,130.0
511293,151.0
511414,121.0
511514,100.0
511648,134.0
511759,111.0
511770,11.0
511781,11.0
511792,11.0
511802,10.0
511812,10.0
511823,11.0
511832,9.0
511842,10.0
511852,10.0
511863,11.0
511872,9.0
511883,11.0
511894,11.0
511905,11.0
511914,9.0
511924,10.0
512002,78.0
512122,120.0
512239,117.0
512345,106.0
512359,14.0
512368,9.0
512379,11.0
512389,10.0
512399,10.0
512409,10.0
512422,13.0
512432,10.0
512445,13.0
512456,11.0
512470,14.0
512481,11.0
512491,10.0
512504,13.0
512515,11.0
512526,11.0
512540,14.0
512552,12.0
512564,12.0
512575,11.0
512586,11.0
512596,10.0
512609,13.0
512710,101.0
512720,10.0
512846,126.0
512995,149.0
513122,127.0
513284,162.0
513461,177.0
513627,166.0
513804,177.0
513974,170.0
514474,500.0
514974,500.0
515140,166.0
515640,500.0
516140,500.0
516157,17.0
516179,22.0
516296,117.0
516796,500.0
516889,93.0
517209,320.0
517220,11.0
517467,247.0
517680,213.0
517891,211.0
518129,238.0
518391,262.0
518692,301.0
518956,264.0
518969,13.0
519268,299.0
519537,269.0
519805,268.0
520089,284.0
520325,236.0
520577,252.0
520808,231.0
521043,235.0
521323,280.0
521565,242.0
521813,248.0
522313,500.0
522711,398.0
523211,500.0
523221,10.0
523231,10.0
523242,11.0
523335,93.0
523434,99.0
523445,11.0
523456,11.0
523467,11.0
523477,10.0
523487,10.0
523498,11.0
523508,10.0
523518,10.0
523529,11.0
523541,12.0
523552,11.0
523565,13.0
523661,96.0
523674,13.0
523797,123.0
523933,136.0
524076,143.0
524195,119.0
524318,123.0
524431,113.0
524540,109.0
524553,13.0
524656,103.0
524772,116.0
524782,10.0
524939,157.0
525359,420.0
525543,184.0
525713,170.0
525883,170.0
526059,176.0
526241,182.0
526419,178.0
526434,15.0
526629,195.0
526853,224.0
527067,214.0
527269,202.0
527468,199.0
527665,197.0
527870,205.0
528075,205.0
528299,224.0
528312,13.0
528525,213.0
528724,199.0
528950,226.0
529178,228.0
529382,204.0
529575,193.0
529767,192.0
529960,193.0
529974,14.0
530190,216.0
530420,230.0
530661,241.0
530903,242.0
531128,225.0
531391,263.0
531641,250.0
531870,229.0
531883,13.0
532137,254.0
532452,315.0
532762,310.0
533106,344.0
533509,403.0
533957,448.0
534457,500.0
534957,500.0
535158,201.0
535266,108.0
535275,9.0
535407,132.0
535566,159.0
535688,122.0
535812,124.0
535928,116.0
536068,140.0
536262,194.0
536762,500.0
537262,500.0
537762,500.0
538229,467.0
538495,266.0
538732,237.0
538998,266.0
539197,199.0
539344,147.0
539844,500.0
540060,216.0
540279,219.0
540777,498.0
541265,488.0
541525,260.0
541740,215.0
541920,180.0
542118,198.0
542384,266.0
542755,371.0
543181,426.0
543514,333.0
543727,213.0
543938,211.0
544135,197.0
544292,157.0
544450,158.0
544582,132.0
544737,155.0
544892,155.0
545019,127.0
545030,11.0
545042,12.0
545052,10.0
545063,11.0
545073,10.0
545086,13.0
545098,12.0
545111,13.0
545123,12.0
545133,10.0
545142,9.0
545156,14.0
545167,11.0
545178,11.0
545189,11.0
545201,12.0
545326,125.0
545472,146.0
545621,149.0
545776,155.0
545934,158.0
546110,176.0
546267,157.0
546417,150.0
546555,138.0
546686,131.0
546814,128.0
546950,136.0
547085,135.0
547222,137.0
547366,144.0
547518,152.0
547690,172.0
547702,12.0
547856,154.0
548041,185.0
548307,266.0
548705,398.0
549205,500.0
549380,175.0
549880,500.0
550180,300.0
550289,109.0
550402,113.0
550524,122.0
550638,114.0
550760,122.0
550884,124.0
550998,114.0
551118,120.0
551235,117.0
551347,112.0
551472,125.0
551597,125.0
551729,132.0
551867,138.0
551994,127.0
552137,143.0
552286,149.0
552451,165.0
552602,151.0
552755,153.0
552917,162.0
553062,145.0
553562,500.0
554062,500.0
554073,11.0
554573,500.0
555073,500.0
555573,500.0
556073,500.0
556084,11.0
556393,309.0
556893,500.0
557031,138.0
557226,195.0
557726,500.0
558226,500.0
558726,500.0
559226,500.0
559726,500.0
559964,238.0
560452,488.0
560666,214.0
560872,206.0
561076,204.0
561220,144.0
561234,14.0
561246,12.0
561259,13.0
561269,10.0
561280,11.0
561290,10.0
561301,11.0
561312,11.0
561325,13.0
561336,11.0
561347,11.0
561363,16.0
561378,15.0
561390,12.0
561523,133.0
561647,124.0
561764,117.0
561886,122.0
562004,118.0
562117,113.0
562227,110.0
562323,96.0
562441,118.0
562553,112.0
562644,91.0
562753,109.0
562856,103.0
562878,22.0
562888,10.0
562991,103.0
563089,98.0
563186,97.0
563197,11.0
563303,106.0
563404,101.0
563503,99.0
563515,12.0
563625,110.0
563635,10.0
563736,101.0
563746,10.0
563848,102.0
563956,108.0
564050,94.0
564063,13.0
564142,79.0
564235,93.0
564332,97.0
564424,92.0
564518,94.0
564598,80.0
564702,104.0
564780,78.0
564879,99.0
564971,92.0
565045,74.0
565138,93.0
565235,97.0
565329,94.0
565342,13.0
565356,14.0
565370,14.0
565382,12.0
565392,10.0
565401,9.0
565414,13.0
565424,10.0
565435,11.0
565446,11.0
565458,12.0
565467,9.0
565480,13.0
565493,13.0
565506,13.0
565518,12.0
565529,11.0
565541,12.0
565645,104.0
565661,16.0
565760,99.0
565856,96.0
565954,98.0
566052,98.0
566151,99.0
566168,17.0
566274,106.0
566373,99.0
566469,96.0
566571,102.0
566672,101.0
566770,98.0
566866,96.0
566944,78.0
567044,100.0
567148,104.0
567257,109.0
567365,108.0
567476,111.0
567593,117.0
567714,121.0
567834,120.0
567958,124.0
568085,127.0
568214,129.0
568342,128.0
568475,133.0
568609,134.0
568749,140.0
568898,149.0
569043,145.0
569187,144.0
569325,138.0
569336,11.0
569459,123.0
569589,130.0
569712,123.0
569830,118.0
569949,119.0
570078,129.0
570227,149.0
570727,500.0
571227,500.0
571727,500.0
572227,500.0
572727,500.0
572998,271.0
573268,270.0
573415,147.0
573576,161.0
573724,148.0
573881,157.0
573983,102.0
574108,125.0
574121,13.0
574135,14.0
574147,12.0
574272,125.0
574381,109.0
574546,165.0
574671,125.0
574763,92.0
574905,142.0
574917,12.0
575064,147.0
575222,158.0
575366,144.0
575492,126.0
575613,121.0
575735,122.0
575852,117.0
575977,125.0
576144,167.0
576287,143.0
576441,154.0
576581,140.0
576709,128.0
576822,113.0
576936,114.0
577046,110.0
577142,96.0
577242,100.0
577263,21.0
577392,129.0
577528,136.0
577648,120.0
577780,132.0
577920,140.0
578057,137.0
578180,123.0
578290,110.0
578394,104.0
578527,133.0
578661,134.0
578747,86.0
578848,101.0
578951,103.0
579108,157.0
579268,160.0
579379,111.0
579393,14.0
579404,11.0
579413,9.0
579423,10.0
579433,10.0
579443,10.0
579453,10.0
579462,9.0
579471,9.0
579480,9.0
579489,9.0
579497,8.0
579507,10.0
579516,9.0
579524,8.0
579533,9.0
579542,9.0
579553,11.0
579564,11.0
579573,9.0
579582,9.0
579591,9.0
579600,9.0
579611,11.0
579620,9.0
579631,11.0
579641,10.0
579649,8.0
579657,8.0
579666,9.0
579675,9.0
579685,10.0
579695,10.0
579705,10.0
579715,10.0
579725,10.0
579735,10.0
579744,9.0
579753,9.0
579762,9.0
579773,11.0
579783,10.0
579793,10.0
579803,10.0
579814,11.0
579823,9.0
579835,12.0
579845,10.0
579855,10.0
579865,10.0
579874,9.0
579883,9.0
579891,8.0
579901,10.0
579910,9.0
579919,9.0
579928,9.0
579938,10.0
579948,10.0
579959,11.0
579969,10.0
579977,8.0
579986,9.0
579996,10.0
580005,9.0
580013,8.0
580023,10.0
580031,8.0
580042,11.0
580051,9.0
580060,9.0
580071,11.0
580081,10.0
580092,11.0
580102,10.0
580111,9.0
580120,9.0
580130,10.0
580138,8.0
580147,9.0
580158,11.0
580167,9.0
580177,10.0
580186,9.0
580195,9.0
580204,9.0
580214,10.0
580223,9.0
580234,11.0
580244,10.0
580254,10.0
580265,11.0
580275,10.0
580286,11.0
580295,9.0
580305,10.0
580315,10.0
580325,10.0
580336,11.0
580345,9.0
580356,11.0
580364,8.0
580375,11.0
580386,11.0
580397,11.0
580407,10.0
580416,9.0
580425,9.0
580523,98.0
580642,119.0
580769,127.0
580929,160.0
581160,231.0
581389,229.0
581667,278.0
582167,500.0
582337,170.0
582609,272.0
582904,295.0
583279,375.0
583565,286.0
583923,358.0
584271,348.0
584771,500.0
585271,500.0
585771,500.0
586271,500.0
586511,240.0
587011,500.0
587387,376.0
587707,320.0
588207,500.0
588524,317.0
588814,290.0
589119,305.0
589270,151.0
589381,111.0
589395,14.0
589546,151.0
589826,280.0
590141,315.0
590641,500.0
591141,500.0
591378,237.0
591878,500.0
592378,500.0
592594,216.0
592791,197.0
592914,123.0
593083,169.0
593184,101.0
593322,138.0
593527,205.0
593659,132.0
593780,121.0
593955,175.0
594144,189.0
594644,500.0
594878,234.0
595378,500.0
595537,159.0
595780,243.0
595923,143.0
596061,138.0
596227,166.0
596425,198.0
596535,110.0
596652,117.0
596906,254.0
597084,178.0
597273,189.0
597454,181.0
597628,174.0
597796,168.0
597967,171.0
598137,170.0
598506,369.0
598669,163.0
598880,211.0
599110,230.0
599304,194.0
599464,160.0
599621,157.0
599837,216.0
600021,184.0
600349,328.0
600849,500.0
601349,500.0
601523,174.0
601535,12.0
601692,157.0
601941,249.0
602441,500.0
602941,500.0
603441,500.0
603941,500.0
604252,311.0
604268,16.0
604302,34.0
604672,370.0
604865,193.0
605365,500.0
605865,500.0
606365,500.0
606707,342.0
607207,500.0
607707,500.0
607943,236.0
608422,479.0
608714,292.0
608816,102.0
608952,136.0
609080,128.0
609094,14.0
609594,500.0
609734,140.0
609882,148.0
610057,175.0
610189,132.0
610304,115.0
610416,112.0
610553,137.0
610673,120.0
610782,109.0
610893,111.0
610995,102.0
611096,101.0
611107,11.0
611233,126.0
611733,500.0
612233,500.0
612733,500.0
612953,220.0
613066,113.0
613171,105.0
613186,15.0
613280,94.0
613378,98.0
613399,21.0
613522,123.0
613621,99.0
613739,118.0
613832,93.0
613941,109.0
614034,93.0
614152,118.0
614652,500.0
615152,500.0
615652,500.0
616152,500.0
616652,500.0
617152,500.0
617652,500.0
617905,253.0
617915,10.0
617925,10.0
617968,43.0
617979,11.0
617989,10.0
618000,11.0
618014,14.0
618025,11.0
618057,32.0
618068,11.0
618078,10.0
618089,11.0
618102,13.0
618115,13.0
618159,44.0
618170,11.0
618182,12.0
618402,220.0
618902,500.0
619402,500.0
619902,500.0
620402,500.0
620448,46.0
620459,11.0
620531,72.0
620644,113.0
620793,149.0
620999,206.0
621040,41.0
621071,31.0
621234,163.0
621417,183.0
621632,215.0
621831,199.0
622042,211.0
622252,210.0
622473,221.0
622724,251.0
623046,322.0
623546,500.0
624046,500.0
624546,500.0
624556,10.0
624655,99.0
624745,90.0
624855,110.0
624966,111.0
625068,102.0
625092,24.0
625178,86.0
625276,98.0
625367,91.0
625464,97.0
625580,116.0
625672,92.0
625774,102.0
625791,17.0
625888,97.0
625978,90.0
626068,90.0
626161,93.0
626211,50.0
626252,41.0
626285,33.0
626299,14.0
626395,96.0
626459,64.0
626501,42.0
626540,39.0
626611,71.0
626672,61.0
626731,59.0
626791,60.0
626853,62.0
626921,68.0
626976,55.0
627043,67.0
627108,65.0
627202,94.0
627313,111.0
627419,106.0
627528,109.0
627643,115.0
627743,100.0
627857,114.0
627972,115.0
628058,86.0
628170,112.0
628272,102.0
628387,115.0
628486,99.0
628590,104.0
628683,93.0
628777,94.0
628872,95.0
628973,101.0
629075,102.0
629089,14.0
629183,94.0
629283,100.0
629382,99.0
629483,101.0
629586,103.0
629676,90.0
629767,91.0
629859,92.0
629953,94.0
630048,95.0
630141,93.0
630245,104.0
630258,13.0
630356,98.0
630460,104.0
630571,111.0
630677,106.0
630781,104.0
630892,111.0
630991,99.0
631091,100.0
631205,114.0
631329,124.0
631450,121.0
631571,121.0
631702,131.0
631845,143.0
632009,164.0
632137,128.0
632283,146.0
632417,134.0
632535,118.0
632645,110.0
632743,98.0
632852,109.0
632953,101.0
633062,109.0
633161,99.0
633266,105.0
633378,112.0
633493,115.0
633609,116.0
633756,147.0
633899,143.0
634024,125.0
634133,109.0
634231,98.0
634335,104.0
634440,105.0
634543,103.0
634639,96.0
634737,98.0
634835,98.0
634935,100.0
635028,93.0
635124,96.0
635221,97.0
635319,98.0
635417,98.0
635431,14.0
635442,11.0
635542,100.0
635642,100.0
635743,101.0
635844,101.0
635943,99.0
636043,100.0
636146,103.0
636247,101.0
636260,13.0
636362,102.0
636468,106.0
636571,103.0
636670,99.0
636772,102.0
636784,12.0
636903,119.0
637009,106.0
637118,109.0
637232,114.0
637343,111.0
637458,115.0
637577,119.0
637693,116.0
637806,113.0
637928,122.0
638046,118.0
638155,109.0
638274,119.0
638385,111.0
638498,113.0
638616,118.0
638629,13.0
638747,118.0
638881,134.0
638996,115.0
639118,122.0
639235,117.0
639345,110.0
639459,114.0
639572,113.0
639693,121.0
639813,120.0
639929,116.0
640039,110.0
640147,108.0
640257,110.0
640369,112.0
640488,119.0
640603,115.0
640715,112.0
640835,120.0
640964,129.0
640978,14.0
641121,143.0
641248,127.0
641748,500.0
642248,500.0
642376,128.0
642571,195.0
642915,344.0
643076,161.0
643205,129.0
643337,132.0
643462,125.0
643579,117.0
643702,123.0
643817,115.0
643929,112.0
644429,500.0
644929,500.0
645429,500.0
645929,500.0
646429,500.0
646929,500.0
647429,500.0
647929,500.0
648080,151.0
648239,159.0
648319,80.0
648332,13.0
648832,500.0
649332,500.0
649490,158.0
649594,104.0
649681,87.0
649763,82.0
649850,87.0
649931,81.0
650007,76.0
650096,89.0
650188,92.0
650278,90.0
650365,87.0
650453,88.0
650543,90.0
650629,86.0
650729,100.0
650817,88.0
650908,91.0
651007,99.0
651093,86.0
651176,83.0
651260,84.0
651342,82.0
651379,37.0
651397,18.0
651424,27.0
651444,20.0
651458,14.0
651472,14.0
651489,17.0
651505,16.0
651522,17.0
651544,22.0
651563,19.0
651578,15.0
651594,16.0
651611,17.0
651627,16.0
651642,15.0
651662,20.0
651682,20.0
651708,26.0
651728,20.0
651749,21.0
651774,25.0
651788,14.0
651813,25.0
651838,25.0
651860,22.0
651885,25.0
651913,28.0
651938,25.0
651958,20.0
651986,28.0
652010,24.0
652031,21.0
652055,24.0
652132,77.0
652218,86.0
652314,96.0
652405,91.0
652491,86.0
652578,87.0
652671,93.0
652764,93.0
652852,88.0
652943,91.0
653034,91.0
653128,94.0
653214,86.0
653318,104.0
653424,106.0
653523,99.0
653560,37.0
653667,107.0
653782,115.0
653886,104.0
654001,115.0
654108,107.0
654205,97.0
654307,102.0
654411,104.0
654523,112.0
654632,109.0
654665,33.0
654786,121.0
655286,500.0
655410,124.0
655910,500.0
656108,198.0
656608,500.0
657108,500.0
657608,500.0
658108,500.0
658338,230.0
658352,14.0
658365,13.0
658376,11.0
658389,13.0
658399,10.0
658413,14.0
658427,14.0
658441,14.0
658562,121.0
658574,12.0
658588,14.0
658604,16.0
658619,15.0
658632,13.0
658645,13.0
658666,21.0
658683,17.0
658697,14.0
658713,16.0
658729,16.0
658745,16.0
658766,21.0
658783,17.0
658800,17.0
658816,16.0
658837,21.0
658950,113.0
658971,21.0
658991,20.0
659010,19.0
659030,20.0
659043,13.0
659060,17.0
659074,14.0
659086,12.0
659106,20.0
659122,16.0
659138,16.0
659258,120.0
659758,500.0
660258,500.0
660758,500.0
661258,500.0
661758,500.0
661856,98.0
661956,100.0
661979,23.0
662087,108.0
662587,500.0
663087,500.0
663587,500.0
663613,26.0
664113,500.0
664192,79.0
664277,85.0
664354,77.0
664430,76.0
664510,80.0
664589,79.0
664665,76.0
664755,90.0
664835,80.0
665335,500.0
665421,86.0
665921,500.0
666421,500.0
666921,500.0
667421,500.0
667921,500.0
668272,351.0
668284,12.0
668296,12.0
668306,10.0
668318,12.0
668328,10.0
668339,11.0
668350,11.0
668363,13.0
668374,11.0
668384,10.0
668393,9.0
668490,97.0
668990,500.0
669001,11.0
669014,13.0
669025,11.0
669035,10.0
669044,9.0
669053,9.0
669064,11.0
669075,11.0
669088,13.0
669097,9.0
669107,10.0
669117,10.0
669129,12.0
669139,10.0
669149,10.0
669159,10.0
669168,9.0
669180,12.0
669191,11.0
669201,10.0
669213,12.0
669224,11.0
669235,11.0
669245,10.0
669257,12.0
669267,10.0
669278,11.0
669289,11.0
669406,117.0
669738,332.0
670238,500.0
670519,281.0
670530,11.0
671030,500.0
671530,500.0
671992,462.0
672310,318.0
672810,500.0
673310,500.0
673810,500.0
674310,500.0
674424,114.0
674694,270.0
674734,40.0
675112,378.0
675612,500.0
676112,500.0
676612,500.0
677112,500.0
677612,500.0
678112,500.0
678612,500.0
679112,500.0
679612,500.0
680112,500.0
680612,500.0
681112,500.0
681134,22.0
681289,155.0
681465,176.0
681672,207.0
682172,500.0
682672,500.0
683172,500.0
683672,500.0
684172,500.0
684672,500.0
685172,500.0
685184,12.0
685342,158.0
685353,11.0
685364,11.0
685488,124.0
685502,14.0
685625,123.0
685635,10.0
685646,11.0
685657,11.0
685669,12.0
685681,12.0
685692,11.0
685703,11.0
685715,12.0
685725,10.0
685871,146.0
686031,160.0
686141,110.0
686287,146.0
686439,152.0
686452,13.0
686588,136.0
686732,144.0
686746,14.0
686909,163.0
687076,167.0
687226,150.0
687364,138.0
687376,12.0
687573,197.0
687751,178.0
687921,170.0
688089,168.0
688242,153.0
688371,129.0
688552,181.0
688743,191.0
688919,176.0
689074,155.0
689574,500.0
690073,499.0
690573,500.0
691073,500.0
691573,500.0
692073,500.0
692084,11.0
692584,500.0
692596,12.0
692783,187.0
693036,253.0
693246,210.0
693746,500.0
694246,500.0
694746,500.0
695246,500.0
695746,500.0
696246,500.0
696746,500.0
697246,500.0
697746,500.0
698035,289.0
698369,334.0
698380,11.0
698880,500.0
699380,500.0
699880,500.0
700126,246.0
700302,176.0
700439,137.0
700587,148.0
700598,11.0
700754,156.0
700915,161.0
701063,148.0
701204,141.0
701346,142.0
701484,138.0
701627,143.0
701762,135.0
701903,141.0
702041,138.0
702186,145.0
702316,130.0
702452,136.0
702588,136.0
702712,124.0
702724,12.0
703224,500.0
703724,500.0
704224,500.0
704290,66.0
704790,500.0
705290,500.0
705790,500.0
705896,106.0
705908,12.0
706294,386.0
706365,71.0
706614,249.0
706814,200.0
706925,111.0
707032,107.0
707295,263.0
707398,103.0
707546,148.0
708046,500.0
708159,113.0
708659,500.0
708758,99.0
708867,109.0
709367,500.0
709867,500.0
709971,104.0
710471,500.0
710596,125.0
710755,159.0
710878,123.0
710989,111.0
711103,114.0
711115,12.0
711130,15.0
711263,133.0
711377,114.0
711493,116.0
711602,109.0
711720,118.0
711828,108.0
711842,14.0
711959,117.0
712074,115.0
712185,111.0
712305,120.0
712426,121.0
712546,120.0
712668,122.0
712787,119.0
712908,121.0
713033,125.0
713154,121.0
713273,119.0
713396,123.0
713528,132.0
713704,176.0
713888,184.0
714012,124.0
714161,149.0
714308,147.0
714386,78.0
714444,58.0
714508,64.0
714928,420.0
714990,62.0
715244,254.0
715625,381.0
715668,43.0
715804,136.0
715972,168.0
716114,142.0
716161,47.0
716206,45.0
716257,51.0
716307,50.0
716355,48.0
716403,48.0
716455,52.0
716505,50.0
716559,54.0
716832,273.0
716958,126.0
717015,57.0
717083,68.0
717378,295.0
717756,378.0
717863,107.0
717956,93.0
718070,114.0
718207,137.0
718447,240.0
718785,338.0
719195,410.0
719355,160.0
719449,94.0
719534,85.0
719614,80.0
719691,77.0
719751,60.0
719829,78.0
719912,83.0
719984,72.0
720083,99.0
720179,96.0
720251,72.0
720327,76.0
720415,88.0
720505,90.0
720614,109.0
720727,113.0
720926,199.0
721172,246.0
721263,91.0
721443,180.0
721611,168.0
721666,55.0
721720,54.0
721776,56.0
721833,57.0
721888,55.0
721945,57.0
722005,60.0
722060,55.0
722117,57.0
722177,60.0
722238,61.0
722738,500.0
723238,500.0
723443,205.0
723943,500.0
724025,82.0
724129,104.0
724222,93.0
724329,107.0
724829,500.0
725329,500.0
725340,11.0
725355,15.0
725369,14.0
725383,14.0
725394,11.0
725407,13.0
725416,9.0
725426,10.0
725441,15.0
725453,12.0
725466,13.0
725478,12.0
725493,15.0
725506,13.0
725518,12.0
725533,15.0
725548,15.0
725558,10.0
725578,20.0
725594,16.0
725611,17.0
725627,16.0
725640,13.0
725657,17.0
725675,18.0
725694,19.0
725709,15.0
725726,17.0
725742,16.0
725755,13.0
725770,15.0
725782,12.0
725799,17.0
725817,18.0
725835,18.0
725850,15.0
725867,17.0
725882,15.0
725898,16.0
725916,18.0
725929,13.0
725946,17.0
725963,17.0
725978,15.0
725993,15.0
726013,20.0
726030,17.0
726047,17.0
726066,19.0
726080,14.0
726094,14.0
726108,14.0
726122,14.0
726135,13.0
726151,16.0
726168,17.0
726182,14.0
726194,12.0
726208,14.0
726223,15.0
726396,173.0
726408,12.0
726640,232.0
726906,266.0
726924,18.0
727424,500.0
727924,500.0
727950,26.0
728450,500.0
728950,500.0
729450,500.0
729469,19.0
729969,500.0
730469,500.0
730487,18.0
730987,500.0
731487,500.0
731987,500.0
732487,500.0
732987,500.0
733487,500.0
733987,500.0
734487,500.0
734987,500.0
735424,437.0
735559,135.0
735697,138.0
735841,144.0
735984,143.0
736119,135.0
736245,126.0
736366,121.0
736471,105.0
736588,117.0
736708,120.0
736797,89.0
736912,115.0
737045,133.0
737163,118.0
737269,106.0
737379,110.0
737481,102.0
737587,106.0
737704,117.0
737796,92.0
737938,142.0
738025,87.0
738120,95.0
738230,110.0
738324,94.0
738450,126.0
738553,103.0
738656,103.0
738761,105.0
738875,114.0
739003,128.0
739116,113.0
739287,171.0
739466,179.0
739618,152.0
740019,401.0
740519,500.0
740931,412.0
741431,500.0
741931,500.0
742431,500.0
742931,500.0
743431,500.0
743931,500.0
744431,500.0
744931,500.0
745431,500.0
745931,500.0
746313,382.0
746482,169.0
746647,165.0
746660,13.0
746671,11.0
746682,11.0
746697,15.0
746706,9.0
746717,11.0
746728,11.0
746815,87.0
746827,12.0
746839,12.0
746849,10.0
746861,12.0
746952,91.0
746962,10.0
747053,91.0
747179,126.0
747679,500.0
747860,181.0
748223,363.0
748302,79.0
748403,101.0
748630,227.0
748839,209.0
749052,213.0
749235,183.0
749326,91.0
749826,500.0
749914,88.0
750075,161.0
750249,174.0
750374,125.0
750874,500.0
751018,144.0
751518,500.0
751877,359.0
752377,500.0
752877,500.0
753035,158.0
753248,213.0
753748,500.0
754248,500.0
754436,188.0
754519,83.0
755019,500.0
755479,460.0
755979,500.0
756084,105.0
756159,75.0
756241,82.0
756254,13.0
756338,84.0
756424,86.0
756508,84.0
756584,76.0
756675,91.0
756756,81.0
756834,78.0
756913,79.0
757003,90.0
757092,89.0
757182,90.0
757263,81.0
757344,81.0
757425,81.0
757507,82.0
757599,92.0
757690,91.0
757784,94.0
757878,94.0
757973,95.0
758074,101.0
758574,500.0
759074,500.0
759574,500.0
760074,500.0
760225,151.0
760327,102.0
760470,143.0
760618,148.0
761118,500.0
761618,500.0
762118,500.0
762618,500.0
763118,500.0
763618,500.0
764118,500.0
764618,500.0
765118,500.0
765618,500.0
766118,500.0
766618,500.0
767118,500.0
767618,500.0
768118,500.0
768618,500.0
769118,500.0
769191,73.0
769379,188.0
769420,41.0
769486,66.0
769827,341.0
769974,147.0
769989,15.0
770036,47.0
770536,500.0
771036,500.0
771536,500.0
771974,438.0
772474,500.0
772974,500.0
773474,500.0
773786,312.0
774286,500.0
774786,500.0
775286,500.0
775786,500.0
776209,423.0
776709,500.0
777209,500.0
777709,500.0
778209,500.0
778709,500.0
779209,500.0
779709,500.0
780209,500.0
780469,260.0
780969,500.0
781255,286.0
781496,241.0
781805,309.0
781935,130.0
782067,132.0
782187,120.0
782306,119.0
782418,112.0
782528,110.0
782652,124.0
782768,116.0
782879,111.0
782890,11.0
783008,118.0
783123,115.0
783254,131.0
783404,150.0
783565,161.0
784065,500.0
784171,106.0
784241,70.0
784316,75.0
784384,68.0
784449,65.0
784514,65.0
784580,66.0
784646,66.0
784706,60.0
784771,65.0
784839,68.0
784904,65.0
784971,67.0
785041,70.0
785112,71.0
785176,64.0
785242,66.0
785253,11.0
785320,67.0
785386,66.0
785457,71.0
785531,74.0
785605,74.0
785679,74.0
785795,116.0
785913,118.0
786029,116.0
786359,330.0
786568,209.0
786868,300.0
787043,175.0
787531,488.0
787650,119.0
787661,11.0
787855,194.0
788237,382.0
788737,500.0
789237,500.0
789313,76.0
789381,68.0
789681,300.0
790116,435.0
790550,434.0
790607,57.0
790662,55.0
790717,55.0
790775,58.0
790828,53.0
790889,61.0
790942,53.0
790997,55.0
791050,53.0
791068,18.0
791080,12.0
791090,10.0
791143,53.0
791196,53.0
791248,52.0
791305,57.0
791355,50.0
791415,60.0
791471,56.0
791581,110.0
791596,15.0
791611,15.0
791715,104.0
791819,104.0
791930,111.0
792037,107.0
792149,112.0
792258,109.0
792371,113.0
792473,102.0
792540,67.0
792637,97.0
792738,101.0
792829,91.0
792930,101.0
792992,62.0
793165,173.0
793259,94.0
793522,263.0
793726,204.0
793835,109.0
793892,57.0
793936,44.0
794045,109.0
794545,500.0
795045,500.0
795210,165.0
795553,343.0
795659,106.0
795819,160.0
796319,500.0
796636,317.0
797136,500.0
797636,500.0
798136,500.0
798636,500.0
799136,500.0
799636,500.0
799776,140.0
799796,20.0
799807,11.0
799828,21.0
799847,19.0
799861,14.0
799879,18.0
799925,46.0
799989,64.0
800324,335.0
800729,405.0
800805,76.0
800919,114.0
801033,114.0
801156,123.0
801214,58.0
801269,55.0
801396,127.0
801475,79.0
801489,14.0
801506,17.0
801634,128.0
801760,126.0
801877,117.0
802003,126.0
802129,126.0
802255,126.0
802381,126.0
802392,11.0
802524,132.0
802665,141.0
802815,150.0
802960,145.0
803117,157.0
803259,142.0
803393,134.0
803528,135.0
803648,120.0
803780,132.0
803898,118.0
804231,333.0
804408,177.0
804574,166.0
804854,280.0
804919,65.0
804996,77.0
805163,167.0
805367,204.0
805577,210.0
805778,201.0
805968,190.0
806162,194.0
806328,166.0
806519,191.0
806676,157.0
806843,167.0
806990,147.0
807139,149.0
807413,274.0
807674,261.0
807685,11.0
807757,72.0
807955,198.0
808156,201.0
808255,99.0
808605,350.0
808769,164.0
808901,132.0
809014,113.0
809114,100.0
809129,15.0
809140,11.0
809165,25.0
809185,20.0
809207,22.0
809295,88.0
809439,144.0
809589,150.0
809700,111.0
809814,114.0
809906,92.0
809996,90.0
810089,93.0
810189,100.0
810287,98.0
810360,73.0
810380,20.0
810469,89.0
810602,133.0
810691,89.0
810791,100.0
810878,87.0
810975,97.0
811060,85.0
811141,81.0
811156,15.0
811226,70.0
811252,26.0
811328,76.0
811396,68.0
811491,95.0
811556,65.0
811643,87.0
811716,73.0
811799,83.0
811872,73.0
811947,75.0
811968,21.0
812035,67.0
812192,157.0
812692,500.0
813192,500.0
813692,500.0
814179,487.0
814293,114.0
814422,129.0
814723,301.0
814756,33.0
814842,86.0
814922,80.0
814999,77.0
815074,75.0
815184,110.0
815252,68.0
815371,119.0
815388,17.0
815458,70.0
815638,180.0
815707,69.0
815779,72.0
815846,67.0
815912,66.0
815977,65.0
816042,65.0
816107,65.0
816174,67.0
816246,72.0
816316,70.0
816378,62.0
816446,68.0
816516,70.0
816579,63.0
816590,11.0
816655,65.0
816721,66.0
816785,64.0
816857,72.0
816927,70.0
816993,66.0
817059,66.0
817119,60.0
817184,65.0
817197,13.0
817260,63.0
817331,71.0
817391,60.0
817455,64.0
817523,68.0
817587,64.0
817651,64.0
817720,69.0
817786,66.0
817855,69.0
817930,75.0
817998,68.0
818065,67.0
818130,65.0
818192,62.0
818256,64.0
818314,58.0
818325,11.0
818387,62.0
818453,66.0
818515,62.0
818533,18.0
818595,62.0
818660,65.0
818720,60.0
818733,13.0
818797,64.0
818867,70.0
818939,72.0
819005,66.0
819063,58.0
819123,60.0
819187,64.0
819249,62.0
819309,60.0
819365,56.0
819425,60.0
819482,57.0
819542,60.0
819601,59.0
819661,60.0
819716,55.0
819769,53.0
819824,55.0
819885,61.0
819945,60.0
819996,51.0
820056,60.0
820117,61.0
820180,63.0
820195,15.0
820258,63.0
820325,67.0
820387,62.0
820450,63.0
820519,69.0
820594,75.0
820674,80.0
820755,81.0
820837,82.0
820920,83.0
821009,89.0
821097,88.0
821194,97.0
821216,22.0
821316,100.0
821425,109.0
821534,109.0
821658,124.0
821732,74.0
821803,71.0
821873,70.0
821943,70.0
821956,13.0
822023,67.0
822090,67.0
822157,67.0
822228,71.0
822299,71.0
822310,11.0
822379,69.0
822454,75.0
822524,70.0
822592,68.0
822658,66.0
822736,78.0
822809,73.0
822882,73.0
822948,66.0
823015,67.0
823084,69.0
823162,78.0
823232,70.0
823301,69.0
823376,75.0
823447,71.0
823498,51.0
823573,75.0
823649,76.0
823766,117.0
823873,107.0
823984,111.0
824105,121.0
824226,121.0
824344,118.0
824407,63.0
824520,113.0
824636,116.0
824755,119.0
824874,119.0
824996,122.0
825126,130.0
825248,122.0
825383,135.0
825509,126.0
825626,117.0
825742,116.0
825812,70.0
825881,69.0
825955,74.0
826030,75.0
826102,72.0
826238,136.0
826379,141.0
826523,144.0
826653,130.0
826776,123.0
826910,134.0
826985,75.0
827055,70.0
827127,72.0
827192,65.0
827265,73.0
827341,76.0
827418,77.0
827487,69.0
827560,73.0
827638,78.0
827718,80.0
827794,76.0
827860,66.0
827923,63.0
827990,67.0
828061,71.0
828128,67.0
828192,64.0
828255,63.0
828401,146.0
828521,120.0
828645,124.0
828765,120.0
828877,112.0
828986,109.0
829103,117.0
829235,132.0
829367,132.0
829515,148.0
829677,162.0
829830,153.0
829986,156.0
830202,216.0
830274,72.0
830356,82.0
830585,229.0
830661,76.0
830948,287.0
831144,196.0
831491,347.0
831991,500.0
832491,500.0
832572,81.0
833072,500.0
833207,135.0
833363,156.0
833524,161.0
833683,159.0
833864,181.0
834295,431.0
834524,229.0
834601,77.0
834668,67.0
834744,76.0
834820,76.0
834892,72.0
834966,74.0
835039,73.0
835103,64.0
835196,93.0
835298,102.0
835530,232.0
835813,283.0
836029,216.0
836529,500.0
836541,12.0
836570,29.0
836672,102.0
836782,110.0
836899,117.0
837014,115.0
837130,116.0
837144,14.0
837252,108.0
837264,12.0
837386,122.0
837674,288.0
837906,232.0
838128,222.0
838142,14.0
838254,112.0
838362,108.0
838463,101.0
838555,92.0
838591,36.0
838635,44.0
838726,91.0
838826,100.0
838922,96.0
839022,100.0
839126,104.0
839233,107.0
839342,109.0
839455,113.0
839704,249.0
839715,11.0
839865,150.0
839987,122.0
840095,108.0
840214,119.0
840326,112.0
840431,105.0
840536,105.0
840631,95.0
840720,89.0
840793,73.0
840891,98.0
840999,108.0
841083,84.0
841200,117.0
841278,78.0
841446,168.0
841530,84.0
841641,111.0
841735,94.0
841929,194.0
841944,15.0
842148,204.0
842648,500.0
842899,251.0
843379,480.0
843879,500.0
844379,500.0
844879,500.0
845300,421.0
845466,166.0
845636,170.0
845779,143.0
845973,194.0
846166,193.0
846302,136.0
846425,123.0
846540,115.0
846655,115.0
846762,107.0
846867,105.0
846964,97.0
847071,107.0
847186,115.0
847308,122.0
847462,154.0
847670,208.0
847838,168.0
848009,171.0
848177,168.0
848611,434.0
848911,300.0
849086,175.0
849273,187.0
849650,377.0
850150,500.0
850347,197.0
850475,128.0
850659,184.0
850946,287.0
851446,500.0
851581,135.0
851740,159.0
852010,270.0
852342,332.0
852822,480.0
853103,281.0
853306,203.0
853547,241.0
853828,281.0
854328,500.0
854828,500.0
855304,476.0
855503,199.0
855696,193.0
855890,194.0
856099,209.0
856370,271.0
856870,500.0
857270,400.0
857498,228.0
857645,147.0
857789,144.0
857935,146.0
858061,126.0
858199,138.0
858353,154.0
858509,156.0
858694,185.0
858887,193.0
859064,177.0
859309,245.0
859594,285.0
860094,500.0
860396,302.0
860603,207.0
861103,500.0
861337,234.0
861837,500.0
862136,299.0
862146,10.0
862157,11.0
862166,9.0
862176,10.0
862185,9.0
862194,9.0
862204,10.0
862214,10.0
862223,9.0
862234,11.0
862243,9.0
862253,10.0
862262,9.0
862273,11.0
862284,11.0
862292,8.0
862305,13.0
862315,10.0
862325,10.0
862336,11.0
862347,11.0
862357,10.0
862369,12.0
862379,10.0
862390,11.0
862400,10.0
862411,11.0
862424,13.0
862435,11.0
862445,10.0
862456,11.0
862467,11.0
862478,11.0
862489,11.0
862499,10.0
862509,10.0
862523,14.0
862534,11.0
862543,9.0
862557,14.0
862569,12.0
862579,10.0
862590,11.0
862603,13.0
862616,13.0
862708,92.0
862721,13.0
862734,13.0
862777,43.0
862788,11.0
863044,256.0
863207,163.0
863256,49.0
863351,95.0
863360,9.0
863371,11.0
863380,9.0
863392,12.0
863402,10.0
863412,10.0
863422,10.0
863433,11.0
863445,12.0
863458,13.0
863468,10.0
863476,8.0
863487,11.0
863497,10.0
863505,8.0
863515,10.0
863525,10.0
863535,10.0
863545,10.0
863556,11.0
863565,9.0
863575,10.0
863585,10.0
863594,9.0
863605,11.0
863614,9.0
863624,10.0
863635,11.0
863644,9.0
863656,12.0
863665,9.0
863674,9.0
863687,13.0
863698,11.0
863708,10.0
863718,10.0
863728,10.0
863738,10.0
863748,10.0
863758,10.0
863810,52.0
863824,14.0
864004,180.0
864201,197.0
864215,14.0
864226,11.0
864236,10.0
864248,12.0
864260,12.0
864270,10.0
864282,12.0
864290,8.0
864302,12.0
864313,11.0
864324,11.0
864336,12.0
864348,12.0
864359,11.0
864370,11.0
864382,12.0
864393,11.0
864408,15.0
864418,10.0
864430,12.0
864444,14.0
864944,500.0
865444,500.0
865486,42.0
865986,500.0
866090,104.0
866590,500.0
867090,500.0
867590,500.0
868090,500.0
868590,500.0
869090,500.0
869590,500.0
870090,500.0
870590,500.0
871090,500.0
871590,500.0
872090,500.0
872590,500.0
873090,500.0
873590,500.0
874090,500.0
874102,12.0
874111,9.0
874123,12.0
874133,10.0
874144,11.0
874155,11.0
874167,12.0
874181,14.0
874681,500.0
874927,246.0
875044,117.0
875057,13.0
875070,13.0
875164,94.0
875176,12.0
875251,75.0
875261,10.0
875335,74.0
875346,11.0
875356,10.0
875436,80.0
875448,12.0
875523,75.0
875587,64.0
875662,75.0
875733,71.0
875798,65.0
875863,65.0
875938,75.0
876006,68.0
876074,68.0
876137,63.0
876203,66.0
876289,86.0
876368,79.0
876447,79.0
876525,78.0
876538,13.0
876607,69.0
876682,75.0
876765,83.0
876837,72.0
876908,71.0
876989,81.0
877064,75.0
877129,65.0
877140,11.0
877211,71.0
877285,74.0
877357,72.0
877435,78.0
877445,10.0
877457,12.0
877529,72.0
877607,78.0
877686,79.0
877698,12.0
877715,17.0
877727,12.0
877740,13.0
877749,9.0
877831,82.0
877922,91.0
878009,87.0
878091,82.0
878171,80.0
878182,11.0
878269,87.0
878353,84.0
878427,74.0
878506,79.0
878586,80.0
878671,85.0
878685,14.0
878764,79.0
878856,92.0
878872,16.0
878952,80.0
879017,65.0
879100,83.0
879193,93.0
879281,88.0
879294,13.0
879377,83.0
879458,81.0
879539,81.0
879622,83.0
879704,82.0
879790,86.0
879882,92.0
879896,14.0
879985,89.0
880075,90.0
880168,93.0
880264,96.0
880358,94.0
880459,101.0
880543,84.0
880636,93.0
880736,100.0
880834,98.0
880928,94.0
881026,98.0
881133,107.0
881228,95.0
881333,105.0
881436,103.0
881541,105.0
881650,109.0
881752,102.0
881857,105.0
881962,105.0
882064,102.0
882171,107.0
882282,111.0
882394,112.0
882506,112.0
882618,112.0
882736,118.0
882843,107.0
882960,117.0
883099,139.0
883250,151.0
883443,193.0
883943,500.0
884443,500.0
884943,500.0
885443,500.0
885943,500.0
886443,500.0
886943,500.0
887399,456.0
887536,137.0
887673,137.0
887821,148.0
887995,174.0
888185,190.0
888424,239.0
888686,262.0
888973,287.0
889357,384.0
889649,292.0
889897,248.0
890068,171.0
890222,154.0
890363,141.0
890375,12.0
890507,132.0
890660,153.0
890812,152.0
890966,154.0
891130,164.0
891343,213.0
891636,293.0
892015,379.0
892515,500.0
893015,500.0
893251,236.0
893751,500.0
894251,500.0
894470,219.0
894970,500.0
895368,398.0
895554,186.0
895752,198.0
895929,177.0
896128,199.0
896628,500.0
896933,305.0
897311,378.0
897564,253.0
897830,266.0
898103,273.0
898594,491.0
898946,352.0
899446,500.0
899946,500.0
900298,352.0
900310,12.0
900474,164.0
900656,182.0
900864,208.0
901083,219.0
901486,403.0
901589,103.0
901697,108.0
901805,108.0
901818,13.0
901830,12.0
901841,11.0
901851,10.0
901864,13.0
901876,12.0
901988,112.0
902003,15.0
902503,500.0
903003,500.0
903503,500.0
903592,89.0
903683,91.0
903796,113.0
904133,337.0
904234,101.0
904249,15.0
904348,99.0
904848,500.0
905087,239.0
905158,71.0
905375,217.0
905685,310.0
905751,66.0
905815,64.0
905886,71.0
906386,500.0
906791,405.0
906969,178.0
906981,12.0
907038,57.0
907538,500.0
908038,500.0
908538,500.0
909038,500.0
909538,500.0
910038,500.0
910538,500.0
911038,500.0
911538,500.0
912038,500.0
912538,500.0
912578,40.0
912587,9.0
913087,500.0
913120,33.0
913620,500.0
914120,500.0
914165,45.0
914665,500.0
914709,44.0
915209,500.0
915709,500.0
916209,500.0
916497,288.0
916997,500.0
917223,226.0
917723,500.0
918223,500.0
918723,500.0
919223,500.0
919723,500.0
920223,500.0
920723,500.0
921223,500.0
921723,500.0
921773,50.0
922273,500.0
922773,500.0
923273,500.0
923322,49.0
923369,47.0
923869,500.0
923886,17.0
923896,10.0
923909,13.0
923920,11.0
923931,11.0
923940,9.0
923951,11.0
923961,10.0
923972,11.0
923983,11.0
923993,10.0
924005,12.0
924017,12.0
924357,340.0
924366,9.0
924377,11.0
924388,11.0
924399,11.0
924410,11.0
924422,12.0
924433,11.0
924444,11.0
924454,10.0
924465,11.0
924477,12.0
924490,13.0
924760,270.0
924771,11.0
924782,11.0
925282,500.0
925332,50.0
925671,339.0
926171,500.0
926641,470.0
926754,113.0
926880,126.0
927119,239.0
927619,500.0
928119,500.0
928619,500.0
929119,500.0
929619,500.0
930119,500.0
930619,500.0
931119,500.0
931619,500.0
932119,500.0
932619,500.0
933119,500.0
933619,500.0
934119,500.0
934619,500.0
935119,500.0
935619,500.0
936119,500.0
936599,480.0
936844,245.0
936873,29.0
936904,31.0
936936,32.0
936969,33.0
936981,12.0
936993,12.0
937005,12.0
937015,10.0
937025,10.0
937037,12.0
937537,500.0
938027,490.0
938038,11.0
938050,12.0
938061,11.0
938072,11.0
938083,11.0
938095,12.0
938105,10.0
938116,11.0
938125,9.0
938136,11.0
938148,12.0
938159,11.0
938169,10.0
938180,11.0
938190,10.0
938200,10.0
938211,11.0
938277,66.0
938288,11.0
938303,15.0
938478,175.0
938637,159.0
938775,138.0
938787,12.0
938915,128.0
939049,134.0
939062,13.0
939196,134.0
939206,10.0
939368,162.0
939535,167.0
939718,183.0
939880,162.0
940033,153.0
940184,151.0
940337,153.0
940515,178.0
940721,206.0
940923,202.0
941151,228.0
941651,500.0
942151,500.0
942651,500.0
943151,500.0
943651,500.0
944151,500.0
944651,500.0
945151,500.0
945651,500.0
946151,500.0
946433,282.0
946444,11.0
946454,10.0
946464,10.0
946473,9.0
946484,11.0
946743,259.0
946755,12.0
946767,12.0
946780,13.0
946791,11.0
946802,11.0
946813,11.0
946849,36.0
946860,11.0
946871,11.0
947013,142.0
947027,14.0
947251,224.0
947263,12.0
947274,11.0
947285,11.0
947363,78.0
947374,11.0
947874,500.0
947886,12.0
947897,11.0
947908,11.0
947918,10.0
947930,12.0
948430,500.0
948444,14.0
948456,12.0
948466,10.0
948477,11.0
948487,10.0
948499,12.0
948509,10.0
948523,14.0
948533,10.0
948544,11.0
948557,13.0
949057,500.0
949070,13.0
949083,13.0
949097,14.0
949597,500.0
949610,13.0
949624,14.0
950124,500.0
950624,500.0
950638,14.0
950649,11.0
950659,10.0
950908,249.0
951408,500.0
951547,139.0
951561,14.0
951629,68.0
951832,203.0
951895,63.0
951907,12.0
951989,82.0
952050,61.0
952106,56.0
952227,121.0
952353,126.0
952591,238.0
952642,51.0
952721,79.0
952807,86.0
952879,72.0
952998,119.0
953013,15.0
953484,471.0
953984,500.0
954305,321.0
954427,122.0
954927,500.0
955164,237.0
955664,500.0
955731,67.0
956231,500.0
956344,113.0
956444,100.0
956502,58.0
957002,500.0
957155,153.0
957655,500.0
957908,253.0
958238,330.0
958738,500.0
959238,500.0
959738,500.0
960238,500.0
960738,500.0
961238,500.0
961738,500.0
962238,500.0
962738,500.0
963238,500.0
963738,500.0
964238,500.0
964738,500.0
965238,500.0
965738,500.0
966238,500.0
966738,500.0
967238,500.0
967738,500.0
968238,500.0
968278,40.0
968656,378.0
968789,133.0
968877,88.0
969189,312.0
969251,62.0
969751,500.0
969917,166.0
969987,70.0
970487,500.0
970987,500.0
971487,500.0
971987,500.0
972000,13.0
972011,11.0
972511,500.0
973011,500.0
973511,500.0
974011,500.0
974511,500.0
975011,500.0
975272,261.0
975772,500.0
976272,500.0
976772,500.0
977272,500.0
977322,50.0
977822,500.0
978322,500.0
978822,500.0
979322,500.0
979822,500.0
980322,500.0
980340,18.0
980605,265.0
980855,250.0
980941,86.0
980974,33.0
980986,12.0
981082,96.0
981120,38.0
981620,500.0
981632,12.0
982132,500.0
982184,52.0
982684,500.0
983184,500.0
983684,500.0
984184,500.0
984684,500.0
985184,500.0
985684,500.0
986184,500.0
986684,500.0
987184,500.0
987249,65.0
987320,71.0
987398,78.0
987487,89.0
987500,13.0
987602,102.0
987612,10.0
987833,221.0
987939,106.0
988055,116.0
988163,108.0
988269,106.0
988525,256.0
988635,110.0
988764,129.0
989264,500.0
989509,245.0
989646,137.0
989659,13.0
989786,127.0
989894,108.0
990011,117.0
990122,111.0
990274,152.0
990774,500.0
991274,500.0
991516,242.0
992016,500.0
992516,500.0
992952,436.0
993452,500.0
993880,428.0
994171,291.0
994343,172.0
994480,137.0
994624,144.0
994781,157.0
994997,216.0
995151,154.0
995651,500.0
995856,205.0
996356,500.0
996592,236.0
996630,38.0
996689,59.0
997189,500.0
997224,35.0
997314,90.0
997393,79.0
997876,483.0
998376,500.0
998491,115.0
998547,56.0
999047,500.0
999547,500.0
