env_step,episode_return
46,46.0
73,27.0
108,35.0
130,22.0
192,62.0
234,42.0
250,16.0
293,43.0
317,24.0
335,18.0
371,36.0
397,26.0
433,36.0
447,14.0
471,24.0
493,22.0
530,37.0
570,40.0
586,16.0
603,17.0
614,11.0
628,14.0
648,20.0
661,13.0
681,20.0
712,31.0
789,77.0
828,39.0
843,15.0
870,27.0
881,11.0
893,12.0
913,20.0
939,26.0
953,14.0
991,38.0
1008,17.0
1025,17.0
1051,26.0
1068,17.0
1086,18.0
1110,24.0
1134,24.0
1153,19.0
1163,10.0
1178,15.0
1193,15.0
1216,23.0
1234,18.0
1250,16.0
1279,29.0
1302,23.0
1330,28.0
1353,23.0
1368,15.0
1385,17.0
1423,38.0
1437,14.0
1461,24.0
1485,24.0
1503,18.0
1523,20.0
1547,24.0
1558,11.0
1575,17.0
1593,18.0
1632,39.0
1656,24.0
1671,15.0
1681,10.0
1698,17.0
1723,25.0
1752,29.0
1764,12.0
1801,37.0
1813,12.0
1854,41.0
1872,18.0
1889,17.0
1916,27.0
1942,26.0
1951,9.0
1971,20.0
1988,17.0
2039,51.0
2059,20.0
2116,57.0
2159,43.0
2178,19.0
2224,46.0
2238,14.0
2268,30.0
2280,12.0
2295,15.0
2307,12.0
2321,14.0
2338,17.0
2353,15.0
2377,24.0
2391,14.0
2406,15.0
2419,13.0
2473,54.0
2528,55.0
2544,16.0
2560,16.0
2610,50.0
2677,67.0
2692,15.0
2720,28.0
2739,19.0
2754,15.0
2784,30.0
2802,18.0
2825,23.0
2845,20.0
2857,12.0
2873,16.0
2888,15.0
2918,30.0
2941,23.0
3009,68.0
3020,11.0
3046,26.0
3077,31.0
3102,25.0
3117,15.0
3134,17.0
3160,26.0
3170,10.0
3181,11.0
3199,18.0
3211,12.0
3224,13.0
3236,12.0
3246,10.0
3265,19.0
3293,28.0
3311,18.0
3344,33.0
3386,42.0
3404,18.0
3417,13.0
3431,14.0
3452,21.0
3465,13.0
3482,17.0
3496,14.0
3531,35.0
3547,16.0
3575,28.0
3587,12.0
3608,21.0
3625,17.0
3639,14.0
3654,15.0
3696,42.0
3719,23.0
3731,12.0
3761,30.0
3809,48.0
3818,9.0
3846,28.0
3869,23.0
3886,17.0
3897,11.0
3944,47.0
3958,14.0
3974,16.0
3993,19.0
4008,15.0
4036,28.0
4070,34.0
4108,38.0
4121,13.0
4140,19.0
4150,10.0
4171,21.0
4186,15.0
4199,13.0
4214,15.0
4250,36.0
4301,51.0
4323,22.0
4337,14.0
4357,20.0
4381,24.0
4412,31.0
4441,29.0
4470,29.0
4479,9.0
4494,15.0
4513,19.0
4527,14.0
4543,16.0
4561,18.0
4612,51.0
4623,11.0
4659,36.0
4696,37.0
4711,15.0
4759,48.0
4774,15.0
4802,28.0
4835,33.0
4881,46.0
4898,17.0
4917,19.0
4937,20.0
4960,23.0
4987,27.0
4997,10.0
5015,18.0
5053,38.0
5079,26.0
5093,14.0
5106,13.0
5173,67.0
5227,54.0
5247,20.0
5262,15.0
5321,59.0
5335,14.0
5354,19.0
5366,12.0
5395,29.0
5421,26.0
5447,26.0
5463,16.0
5474,11.0
5489,15.0
5533,44.0
5553,20.0
5575,22.0
5587,12.0
5603,16.0
5625,22.0
5637,12.0
5649,12.0
5664,15.0
5680,16.0
5706,26.0
5717,11.0
5729,12.0
5755,26.0
5802,47.0
5838,36.0
5851,13.0
5913,62.0
5932,19.0
5948,16.0
5957,9.0
5970,13.0
6008,38.0
6094,86.0
6114,20.0
6127,13.0
6151,24.0
6165,14.0
6209,44.0
6229,20.0
6249,20.0
6259,10.0
6280,21.0
6316,36.0
6328,12.0
6392,64.0
6418,26.0
6439,21.0
6467,28.0
6482,15.0
6511,29.0
6528,17.0
6551,23.0
6597,46.0
6612,15.0
6651,39.0
6669,18.0
6689,20.0
6711,22.0
6732,21.0
6755,23.0
6778,23.0
6797,19.0
6831,34.0
6842,11.0
6874,32.0
6882,8.0
6893,11.0
6942,49.0
6974,32.0
6989,15.0
7002,13.0
7071,69.0
7101,30.0
7140,39.0
7156,16.0
7173,17.0
7195,22.0
7235,40.0
7267,32.0
7290,23.0
7324,34.0
7338,14.0
7377,39.0
7395,18.0
7453,58.0
7502,49.0
7536,34.0
7592,56.0
7607,15.0
7646,39.0
7677,31.0
7703,26.0
7737,34.0
7779,42.0
7788,9.0
7836,48.0
7888,52.0
7905,17.0
7948,43.0
7985,37.0
8031,46.0
8049,18.0
8068,19.0
8086,18.0
8142,56.0
8165,23.0
8193,28.0
8227,34.0
8239,12.0
8276,37.0
8310,34.0
8345,35.0
8369,24.0
8423,54.0
8439,16.0
8477,38.0
8550,73.0
8583,33.0
8672,89.0
8687,15.0
8699,12.0
8741,42.0
8767,26.0
8782,15.0
8819,37.0
8849,30.0
8885,36.0
8910,25.0
8984,74.0
9006,22.0
9028,22.0
9047,19.0
9095,48.0
9120,25.0
9171,51.0
9182,11.0
9197,15.0
9214,17.0
9232,18.0
9254,22.0
9287,33.0
9316,29.0
9326,10.0
9350,24.0
9393,43.0
9404,11.0
9451,47.0
9471,20.0
9495,24.0
9527,32.0
9559,32.0
9586,27.0
9597,11.0
9616,19.0
9666,50.0
9680,14.0
9695,15.0
9713,18.0
9747,34.0
9770,23.0
9783,13.0
9800,17.0
9829,29.0
9870,41.0
9917,47.0
9934,17.0
9954,20.0
9967,13.0
9994,27.0
10028,34.0
10045,17.0
10060,15.0
10076,16.0
10152,76.0
10171,19.0
10182,11.0
10206,24.0
10221,15.0
10259,38.0
10291,32.0
10305,14.0
10323,18.0
10343,20.0
10374,31.0
10390,16.0
10407,17.0
10419,12.0
10441,22.0
10455,14.0
10512,57.0
10582,70.0
10591,9.0
10605,14.0
10616,11.0
10632,16.0
10652,20.0
10683,31.0
10715,32.0
10734,19.0
10762,28.0
10781,19.0
10805,24.0
10850,45.0
10885,35.0
10901,16.0
10917,16.0
10935,18.0
11050,115.0
11070,20.0
11092,22.0
11138,46.0
11150,12.0
11176,26.0
11207,31.0
11232,25.0
11256,24.0
11288,32.0
11363,75.0
11378,15.0
11393,15.0
11406,13.0
11483,77.0
11529,46.0
11600,71.0
11658,58.0
11682,24.0
11731,49.0
11748,17.0
11777,29.0
11803,26.0
11820,17.0
11843,23.0
11875,32.0
11917,42.0
11967,50.0
11990,23.0
12006,16.0
12070,64.0
12087,17.0
12103,16.0
12183,80.0
12223,40.0
12246,23.0
12265,19.0
12280,15.0
12304,24.0
12354,50.0
12382,28.0
12407,25.0
12441,34.0
12467,26.0
12490,23.0
12548,58.0
12581,33.0
12616,35.0
12637,21.0
12712,75.0
12743,31.0
12766,23.0
12806,40.0
12849,43.0
12862,13.0
12909,47.0
12970,61.0
12991,21.0
13038,47.0
13057,19.0
13103,46.0
13205,102.0
13257,52.0
13268,11.0
13285,17.0
13318,33.0
13364,46.0
13378,14.0
13393,15.0
13460,67.0
13531,71.0
13583,52.0
13601,18.0
13678,77.0
13710,32.0
13734,24.0
13757,23.0
13802,45.0
13897,95.0
13913,16.0
13935,22.0
13962,27.0
13977,15.0
14027,50.0
14040,13.0
14070,30.0
14083,13.0
14129,46.0
14212,83.0
14292,80.0
14309,17.0
14332,23.0
14350,18.0
14387,37.0
14446,59.0
14499,53.0
14543,44.0
14580,37.0
14604,24.0
14617,13.0
14649,32.0
14698,49.0
14722,24.0
14763,41.0
14784,21.0
14856,72.0
14885,29.0
14941,56.0
14977,36.0
15001,24.0
15072,71.0
15118,46.0
15142,24.0
15225,83.0
15255,30.0
15359,104.0
15376,17.0
15411,35.0
15426,15.0
15510,84.0
15543,33.0
15558,15.0
15679,121.0
15721,42.0
15750,29.0
15790,40.0
15831,41.0
15851,20.0
15861,10.0
15878,17.0
15944,66.0
15964,20.0
16020,56.0
16034,14.0
16051,17.0
16108,57.0
16130,22.0
16200,70.0
16248,48.0
16335,87.0
16398,63.0
16447,49.0
16461,14.0
16478,17.0
16571,93.0
16596,25.0
16616,20.0
16632,16.0
16654,22.0
16667,13.0
16692,25.0
16764,72.0
16805,41.0
16842,37.0
16896,54.0
16959,63.0
16983,24.0
17002,19.0
17101,99.0
17185,84.0
17204,19.0
17219,15.0
17241,22.0
17286,45.0
17309,23.0
17336,27.0
17372,36.0
17428,56.0
17451,23.0
17485,34.0
17503,18.0
17619,116.0
17718,99.0
17795,77.0
17888,93.0
18000,112.0
18015,15.0
18077,62.0
18099,22.0
18150,51.0
18183,33.0
18234,51.0
18260,26.0
18272,12.0
18310,38.0
18324,14.0
18435,111.0
18456,21.0
18479,23.0
18516,37.0
18581,65.0
18622,41.0
18677,55.0
18700,23.0
18712,12.0
18743,31.0
18896,153.0
18941,45.0
18971,30.0
19041,70.0
19057,16.0
19070,13.0
19103,33.0
19161,58.0
19179,18.0
19197,18.0
19239,42.0
19276,37.0
19308,32.0
19320,12.0
19342,22.0
19441,99.0
19470,29.0
19483,13.0
19500,17.0
19552,52.0
19581,29.0
19616,35.0
19727,111.0
19800,73.0
19852,52.0
20019,167.0
20068,49.0
20092,24.0
20137,45.0
20225,88.0
20330,105.0
20362,32.0
20441,79.0
20495,54.0
20617,122.0
20732,115.0
20748,16.0
20777,29.0
20894,117.0
20953,59.0
20968,15.0
20980,12.0
20999,19.0
21181,182.0
21255,74.0
21325,70.0
21419,94.0
21452,33.0
21578,126.0
21662,84.0
21683,21.0
21705,22.0
21816,111.0
21894,78.0
21975,81.0
22012,37.0
22144,132.0
22230,86.0
22260,30.0
22419,159.0
22433,14.0
22468,35.0
22657,189.0
22906,249.0
23053,147.0
23068,15.0
23188,120.0
23282,94.0
23403,121.0
23426,23.0
23519,93.0
23553,34.0
23654,101.0
23768,114.0
23791,23.0
23901,110.0
23927,26.0
23939,12.0
24003,64.0
24036,33.0
24127,91.0
24141,14.0
24263,122.0
24278,15.0
24299,21.0
24332,33.0
24359,27.0
24397,38.0
24476,79.0
24539,63.0
24657,118.0
24690,33.0
24822,132.0
24911,89.0
25080,169.0
25291,211.0
25330,39.0
25486,156.0
25621,135.0
25746,125.0
25860,114.0
25881,21.0
25895,14.0
25916,21.0
26021,105.0
26136,115.0
26255,119.0
26360,105.0
26466,106.0
26601,135.0
26823,222.0
26894,71.0
26932,38.0
27058,126.0
27075,17.0
27088,13.0
27105,17.0
27134,29.0
27264,130.0
27363,99.0
27469,106.0
27590,121.0
27696,106.0
27720,24.0
27731,11.0
27748,17.0
27850,102.0
27975,125.0
28111,136.0
28235,124.0
28250,15.0
28288,38.0
28418,130.0
28430,12.0
28503,73.0
28579,76.0
28689,110.0
28810,121.0
28825,15.0
28949,124.0
28963,14.0
28990,27.0
29067,77.0
29174,107.0
29323,149.0
29478,155.0
29600,122.0
29736,136.0
29762,26.0
29881,119.0
30073,192.0
30199,126.0
30353,154.0
30488,135.0
30610,122.0
30743,133.0
30762,19.0
30880,118.0
30983,103.0
31186,203.0
31311,125.0
31430,119.0
31598,168.0
31704,106.0
31726,22.0
31855,129.0
31969,114.0
32128,159.0
32287,159.0
32361,74.0
32476,115.0
32612,136.0
32773,161.0
32920,147.0
33096,176.0
33340,244.0
33386,46.0
33404,18.0
33594,190.0
33723,129.0
33875,152.0
34120,245.0
34222,102.0
34356,134.0
34373,17.0
34502,129.0
34668,166.0
34707,39.0
34840,133.0
34975,135.0
35122,147.0
35205,83.0
35319,114.0
35397,78.0
35531,134.0
35780,249.0
35993,213.0
36125,132.0
36294,169.0
36447,153.0
36545,98.0
36565,20.0
36720,155.0
36897,177.0
36928,31.0
37092,164.0
37237,145.0
37405,168.0
37426,21.0
37590,164.0
37754,164.0
37898,144.0
38045,147.0
38216,171.0
38427,211.0
38659,232.0
38882,223.0
39088,206.0
39272,184.0
39439,167.0
39508,69.0
39693,185.0
39855,162.0
40021,166.0
40326,305.0
40682,356.0
41107,425.0
41271,164.0
41460,189.0
41742,282.0
41944,202.0
42152,208.0
42312,160.0
42437,125.0
42450,13.0
42610,160.0
42738,128.0
42891,153.0
43020,129.0
43152,132.0
43275,123.0
43382,107.0
43516,134.0
43630,114.0
43755,125.0
43892,137.0
44016,124.0
44144,128.0
44281,137.0
44431,150.0
44653,222.0
44841,188.0
45215,374.0
45331,116.0
45464,133.0
45792,328.0
45996,204.0
46204,208.0
46234,30.0
46253,19.0
46265,12.0
46392,127.0
46538,146.0
46691,153.0
46853,162.0
47017,164.0
47171,154.0
47312,141.0
47469,157.0
47612,143.0
47759,147.0
47913,154.0
48075,162.0
48268,193.0
48457,189.0
48651,194.0
48826,175.0
49035,209.0
49214,179.0
49375,161.0
49535,160.0
49687,152.0
49841,154.0
49981,140.0
50233,252.0
50548,315.0
50833,285.0
50993,160.0
51213,220.0
51365,152.0
51518,153.0
51683,165.0
51848,165.0
52062,214.0
52256,194.0
52373,117.0
52575,202.0
52795,220.0
52900,105.0
52931,31.0
53431,500.0
53588,157.0
53728,140.0
53890,162.0
54033,143.0
54168,135.0
54242,74.0
54254,12.0
54265,11.0
54276,11.0
54285,9.0
54295,10.0
54304,9.0
54314,10.0
54323,9.0
54334,11.0
54343,9.0
54352,9.0
54361,9.0
54369,8.0
54379,10.0
54388,9.0
54397,9.0
54406,9.0
54414,8.0
54424,10.0
54433,9.0
54443,10.0
54452,9.0
54460,8.0
54469,9.0
54480,11.0
54490,10.0
54503,13.0
54513,10.0
54523,10.0
54534,11.0
54543,9.0
54554,11.0
54564,10.0
54574,10.0
54586,12.0
54594,8.0
54605,11.0
54614,9.0
54623,9.0
54633,10.0
54642,9.0
54652,10.0
54662,10.0
54672,10.0
54685,13.0
54696,11.0
54705,9.0
54715,10.0
54725,10.0
54735,10.0
54745,10.0
54754,9.0
54763,9.0
54771,8.0
54779,8.0
54789,10.0
54801,12.0
54810,9.0
54819,9.0
54828,9.0
54838,10.0
54848,10.0
54858,10.0
54869,11.0
54878,9.0
54887,9.0
54896,9.0
54904,8.0
54914,10.0
54925,11.0
54935,10.0
54944,9.0
54954,10.0
54962,8.0
54971,9.0
54981,10.0
54991,10.0
55001,10.0
55009,8.0
55019,10.0
55028,9.0
55036,8.0
55045,9.0
55055,10.0
55065,10.0
55074,9.0
55083,9.0
55093,10.0
55103,10.0
55112,9.0
55121,9.0
55131,10.0
55141,10.0
55151,10.0
55159,8.0
55169,10.0
55178,9.0
55187,9.0
55197,10.0
55207,10.0
55216,9.0
55226,10.0
55235,9.0
55244,9.0
55252,8.0
55260,8.0
55269,9.0
55279,10.0
55288,9.0
55297,9.0
55306,9.0
55315,9.0
55324,9.0
55334,10.0
55344,10.0
55354,10.0
55367,13.0
55377,10.0
55386,9.0
55396,10.0
55405,9.0
55419,14.0
55430,11.0
55440,10.0
55449,9.0
55461,12.0
55472,11.0
55480,8.0
55488,8.0
55498,10.0
55506,8.0
55514,8.0
55524,10.0
55533,9.0
55543,10.0
55551,8.0
55561,10.0
55571,10.0
55581,10.0
55590,9.0
55600,10.0
55609,9.0
55618,9.0
55627,9.0
55638,11.0
55648,10.0
55657,9.0
55667,10.0
55678,11.0
55689,11.0
55700,11.0
55845,145.0
55967,122.0
56093,126.0
56218,125.0
56318,100.0
56413,95.0
56503,90.0
56590,87.0
56678,88.0
56775,97.0
56875,100.0
56964,89.0
57055,91.0
57161,106.0
57261,100.0
57356,95.0
57445,89.0
57542,97.0
57633,91.0
57727,94.0
57820,93.0
57834,14.0
57844,10.0
57853,9.0
57863,10.0
57874,11.0
57883,9.0
57891,8.0
57901,10.0
57910,9.0
57921,11.0
57934,13.0
57944,10.0
57954,10.0
57966,12.0
57978,12.0
58108,130.0
58121,13.0
58134,13.0
58145,11.0
58156,11.0
58169,13.0
58179,10.0
58189,10.0
58199,10.0
58209,10.0
58220,11.0
58231,11.0
58243,12.0
58254,11.0
58265,11.0
58378,113.0
58492,114.0
58598,106.0
58707,109.0
58825,118.0
58934,109.0
59046,112.0
59153,107.0
59369,216.0
59503,134.0
59696,193.0
59868,172.0
59890,22.0
59906,16.0
59921,15.0
59934,13.0
59949,15.0
60103,154.0
60233,130.0
60342,109.0
60452,110.0
60564,112.0
60676,112.0
60783,107.0
60889,106.0
61002,113.0
61114,112.0
61221,107.0
61325,104.0
61439,114.0
61564,125.0
61695,131.0
61842,147.0
61856,14.0
62021,165.0
62034,13.0
62045,11.0
62054,9.0
62063,9.0
62073,10.0
62083,10.0
62093,10.0
62102,9.0
62111,9.0
62119,8.0
62129,10.0
62138,9.0
62147,9.0
62158,11.0
62168,10.0
62177,9.0
62187,10.0
62197,10.0
62206,9.0
62218,12.0
62229,11.0
62239,10.0
62248,9.0
62257,9.0
62267,10.0
62277,10.0
62286,9.0
62295,9.0
62307,12.0
62319,12.0
62453,134.0
62615,162.0
62800,185.0
63007,207.0
63507,500.0
64007,500.0
64143,136.0
64500,357.0
64630,130.0
64805,175.0
65282,477.0
65292,10.0
65302,10.0
65312,10.0
65323,11.0
65332,9.0
65341,9.0
65350,9.0
65360,10.0
65370,10.0
65382,12.0
65393,11.0
65404,11.0
65414,10.0
65424,10.0
65433,9.0
65442,9.0
65451,9.0
65462,11.0
65471,9.0
65480,9.0
65490,10.0
65500,10.0
65510,10.0
65519,9.0
65529,10.0
65537,8.0
65546,9.0
65556,10.0
65566,10.0
65577,11.0
65586,9.0
65596,10.0
65605,9.0
65613,8.0
65623,10.0
65632,9.0
65640,8.0
65649,9.0
65658,9.0
65666,8.0
65675,9.0
65683,8.0
65692,9.0
65702,10.0
65712,10.0
65720,8.0
65728,8.0
65736,8.0
65745,9.0
65755,10.0
65764,9.0
65775,11.0
65785,10.0
65793,8.0
65801,8.0
65811,10.0
65820,9.0
65830,10.0
65838,8.0
65848,10.0
65861,13.0
65871,10.0
65881,10.0
65890,9.0
65900,10.0
65911,11.0
65921,10.0
65931,10.0
65942,11.0
65952,10.0
65962,10.0
65971,9.0
65980,9.0
65990,10.0
65999,9.0
66008,9.0
66018,10.0
66028,10.0
66036,8.0
66045,9.0
66054,9.0
66065,11.0
66075,10.0
66084,9.0
66094,10.0
66104,10.0
66113,9.0
66123,10.0
66132,9.0
66142,10.0
66153,11.0
66162,9.0
66171,9.0
66181,10.0
66191,10.0
66200,9.0
66208,8.0
66216,8.0
66225,9.0
66235,10.0
66245,10.0
66255,10.0
66265,10.0
66275,10.0
66284,9.0
66293,9.0
66301,8.0
66309,8.0
66319,10.0
66330,11.0
66340,10.0
66350,10.0
66360,10.0
66370,10.0
66379,9.0
66388,9.0
66397,9.0
66407,10.0
66417,10.0
66426,9.0
66434,8.0
66444,10.0
66454,10.0
66464,10.0
66473,9.0
66483,10.0
66493,10.0
66502,9.0
66510,8.0
66518,8.0
66527,9.0
66537,10.0
66547,10.0
66557,10.0
66566,9.0
66575,9.0
66586,11.0
66595,9.0
66608,13.0
66618,10.0
66628,10.0
66637,9.0
66646,9.0
66655,9.0
66665,10.0
66675,10.0
66684,9.0
66693,9.0
66703,10.0
66713,10.0
66722,9.0
66732,10.0
66742,10.0
66752,10.0
66761,9.0
66772,11.0
66781,9.0
66791,10.0
66801,10.0
66811,10.0
66820,9.0
66830,10.0
66840,10.0
66848,8.0
66857,9.0
66865,8.0
66875,10.0
66885,10.0
66894,9.0
66902,8.0
66910,8.0
66919,9.0
66931,12.0
66942,11.0
66951,9.0
66961,10.0
66972,11.0
66980,8.0
66992,12.0
67000,8.0
67009,9.0
67019,10.0
67030,11.0
67039,9.0
67048,9.0
67056,8.0
67066,10.0
67076,10.0
67086,10.0
67095,9.0
67104,9.0
67113,9.0
67123,10.0
67133,10.0
67142,9.0
67152,10.0
67161,9.0
67170,9.0
67183,13.0
67192,9.0
67201,9.0
67211,10.0
67222,11.0
67233,11.0
67244,11.0
67253,9.0
67263,10.0
67275,12.0
67286,11.0
67297,11.0
67401,104.0
67507,106.0
67613,106.0
67717,104.0
67824,107.0
67937,113.0
68041,104.0
68145,104.0
68241,96.0
68337,96.0
68441,104.0
68537,96.0
68639,102.0
68743,104.0
68849,106.0
68947,98.0
69045,98.0
69131,86.0
69225,94.0
69327,102.0
69425,98.0
69524,99.0
69630,106.0
69725,95.0
69829,104.0
69919,90.0
70013,94.0
70117,104.0
70228,111.0
70345,117.0
70450,105.0
70554,104.0
70669,115.0
70790,121.0
70907,117.0
71035,128.0
71171,136.0
71307,136.0
71423,116.0
71552,129.0
71680,128.0
71808,128.0
71953,145.0
72087,134.0
72247,160.0
72393,146.0
72543,150.0
72691,148.0
72826,135.0
73102,276.0
73311,209.0
73504,193.0
73671,167.0
73810,139.0
74047,237.0
74165,118.0
74305,140.0
74424,119.0
74532,108.0
74542,10.0
74552,10.0
74560,8.0
74568,8.0
74579,11.0
74588,9.0
74597,9.0
74607,10.0
74616,9.0
74625,9.0
74635,10.0
74644,9.0
74653,9.0
74663,10.0
74671,8.0
74681,10.0
74690,9.0
74700,10.0
74708,8.0
74718,10.0
74726,8.0
74735,9.0
74744,9.0
74755,11.0
74765,10.0
74775,10.0
74783,8.0
74791,8.0
74801,10.0
74810,9.0
74821,11.0
74830,9.0
74839,9.0
74849,10.0
74859,10.0
74870,11.0
74880,10.0
74890,10.0
74900,10.0
74908,8.0
74918,10.0
74928,10.0
74938,10.0
74947,9.0
74956,9.0
74967,11.0
74977,10.0
74987,10.0
74997,10.0
75007,10.0
75018,11.0
75028,10.0
75038,10.0
75047,9.0
75057,10.0
75067,10.0
75077,10.0
75087,10.0
75096,9.0
75106,10.0
75117,11.0
75126,9.0
75135,9.0
75145,10.0
75155,10.0
75165,10.0
75175,10.0
75184,9.0
75193,9.0
75202,9.0
75211,9.0
75220,9.0
75232,12.0
75245,13.0
75257,12.0
75392,135.0
75545,153.0
75711,166.0
75874,163.0
76048,174.0
76253,205.0
76445,192.0
76632,187.0
76815,183.0
77008,193.0
77231,223.0
77500,269.0
77704,204.0
77851,147.0
78019,168.0
78178,159.0
78189,11.0
78304,115.0
78436,132.0
78558,122.0
78680,122.0
78808,128.0
78922,114.0
79035,113.0
79150,115.0
79273,123.0
79389,116.0
79519,130.0
79651,132.0
79789,138.0
79912,123.0
80039,127.0
80161,122.0
80275,114.0
80381,106.0
80494,113.0
80613,119.0
80721,108.0
80830,109.0
80945,115.0
81069,124.0
81156,87.0
81306,150.0
81652,346.0
81942,290.0
82061,119.0
82201,140.0
82355,154.0
82553,198.0
82727,174.0
82903,176.0
83083,180.0
83321,238.0
83441,120.0
83496,55.0
83506,10.0
83516,10.0
83525,9.0
83534,9.0
83542,8.0
83552,10.0
83562,10.0
83571,9.0
83584,13.0
83592,8.0
83601,9.0
83609,8.0
83618,9.0
83628,10.0
83638,10.0
83648,10.0
83658,10.0
83666,8.0
83677,11.0
83687,10.0
83697,10.0
83708,11.0
83717,9.0
83727,10.0
83736,9.0
83745,9.0
83756,11.0
83765,9.0
83774,9.0
83784,10.0
83794,10.0
83804,10.0
83814,10.0
83823,9.0
83833,10.0
83842,9.0
83852,10.0
83861,9.0
83870,9.0
83880,10.0
83891,11.0
83901,10.0
83911,10.0
83922,11.0
83931,9.0
83941,10.0
83951,10.0
83961,10.0
83971,10.0
83981,10.0
83991,10.0
84001,10.0
84011,10.0
84021,10.0
84029,8.0
84038,9.0
84048,10.0
84058,10.0
84067,9.0
84077,10.0
84086,9.0
84094,8.0
84105,11.0
84115,10.0
84125,10.0
84135,10.0
84145,10.0
84153,8.0
84162,9.0
84172,10.0
84181,9.0
84191,10.0
84201,10.0
84210,9.0
84219,9.0
84230,11.0
84239,9.0
84250,11.0
84258,8.0
84267,9.0
84278,11.0
84288,10.0
84298,10.0
84308,10.0
84317,9.0
84327,10.0
84335,8.0
84344,9.0
84353,9.0
84362,9.0
84372,10.0
84382,10.0
84392,10.0
84402,10.0
84412,10.0
84421,9.0
84432,11.0
84441,9.0
84451,10.0
84461,10.0
84471,10.0
84482,11.0
84493,11.0
84502,9.0
84512,10.0
84520,8.0
84529,9.0
84538,9.0
84548,10.0
84558,10.0
84567,9.0
84577,10.0
84586,9.0
84594,8.0
84603,9.0
84613,10.0
84623,10.0
84632,9.0
84641,9.0
84650,9.0
84660,10.0
84671,11.0
84682,11.0
84692,10.0
84703,11.0
84713,10.0
84724,11.0
84736,12.0
84747,11.0
84758,11.0
84768,10.0
84778,10.0
84789,11.0
84800,11.0
84809,9.0
84820,11.0
84831,11.0
84841,10.0
84852,11.0
84864,12.0
84875,11.0
84887,12.0
84896,9.0
84907,11.0
84918,11.0
84932,14.0
85010,78.0
85109,99.0
85198,89.0
85293,95.0
85391,98.0
85489,98.0
85589,100.0
85688,99.0
85792,104.0
85896,104.0
86002,106.0
86110,108.0
86205,95.0
86311,106.0
86422,111.0
86534,112.0
86636,102.0
86743,107.0
86848,105.0
86951,103.0
87058,107.0
87175,117.0
87282,107.0
87390,108.0
87505,115.0
87617,112.0
87729,112.0
87847,118.0
87955,108.0
88069,114.0
88196,127.0
88313,117.0
88441,128.0
88560,119.0
88689,129.0
88812,123.0
88940,128.0
89070,130.0
89193,123.0
89313,120.0
89426,113.0
89545,119.0
89665,120.0
89783,118.0
89905,122.0
89920,15.0
90005,85.0
90016,11.0
90027,11.0
90037,10.0
90046,9.0
90055,9.0
90065,10.0
90075,10.0
90083,8.0
90094,11.0
90105,11.0
90115,10.0
90125,10.0
90136,11.0
90147,11.0
90156,9.0
90167,11.0
90176,9.0
90186,10.0
90196,10.0
90206,10.0
90215,9.0
90225,10.0
90234,9.0
90243,9.0
90253,10.0
90263,10.0
90272,9.0
90281,9.0
90290,9.0
90299,9.0
90310,11.0
90319,9.0
90328,9.0
90338,10.0
90348,10.0
90358,10.0
90368,10.0
90377,9.0
90385,8.0
90395,10.0
90405,10.0
90414,9.0
90424,10.0
90433,9.0
90442,9.0
90451,9.0
90460,9.0
90470,10.0
90480,10.0
90488,8.0
90497,9.0
90507,10.0
90516,9.0
90524,8.0
90534,10.0
90542,8.0
90552,10.0
90562,10.0
90571,9.0
90582,11.0
90590,8.0
90599,9.0
90609,10.0
90619,10.0
90629,10.0
90639,10.0
90650,11.0
90662,12.0
90672,10.0
90682,10.0
90692,10.0
90701,9.0
90710,9.0
90719,9.0
90729,10.0
90738,9.0
90748,10.0
90756,8.0
90767,11.0
90777,10.0
90785,8.0
90794,9.0
90802,8.0
90810,8.0
90820,10.0
90830,10.0
90843,13.0
90852,9.0
90862,10.0
90871,9.0
90881,10.0
90890,9.0
90900,10.0
90909,9.0
90918,9.0
90927,9.0
90937,10.0
90947,10.0
90956,9.0
90965,9.0
90974,9.0
90984,10.0
90994,10.0
91003,9.0
91012,9.0
91021,9.0
91031,10.0
91041,10.0
91050,9.0
91060,10.0
91070,10.0
91079,9.0
91088,9.0
91099,11.0
91109,10.0
91118,9.0
91128,10.0
91138,10.0
91150,12.0
91159,9.0
91170,11.0
91183,13.0
91197,14.0
91207,10.0
91291,84.0
91400,109.0
91493,93.0
91586,93.0
91682,96.0
91779,97.0
91896,117.0
92003,107.0
92015,12.0
92127,112.0
92241,114.0
92361,120.0
92489,128.0
92612,123.0
92737,125.0
92866,129.0
92998,132.0
93134,136.0
93270,136.0
93396,126.0
93535,139.0
93676,141.0
93838,162.0
93989,151.0
94167,178.0
94359,192.0
94543,184.0
94709,166.0
94876,167.0
95057,181.0
95243,186.0
95429,186.0
95606,177.0
95820,214.0
96024,204.0
96204,180.0
96389,185.0
96587,198.0
96829,242.0
97026,197.0
97233,207.0
97443,210.0
97695,252.0
97907,212.0
98164,257.0
98422,258.0
98648,226.0
98811,163.0
98975,164.0
99159,184.0
99317,158.0
99483,166.0
99664,181.0
99829,165.0
99976,147.0
100149,173.0
100301,152.0
100439,138.0
100588,149.0
100721,133.0
100871,150.0
101010,139.0
101179,169.0
101295,116.0
101423,128.0
101437,14.0
101446,9.0
101455,9.0
101463,8.0
101472,9.0
101481,9.0
101491,10.0
101500,9.0
101509,9.0
101518,9.0
101527,9.0
101536,9.0
101546,10.0
101555,9.0
101565,10.0
101574,9.0
101583,9.0
101593,10.0
101603,10.0
101613,10.0
101622,9.0
101630,8.0
101640,10.0
101650,10.0
101665,15.0
101675,10.0
101685,10.0
101695,10.0
101704,9.0
101714,10.0
101724,10.0
101732,8.0
101742,10.0
101751,9.0
101760,9.0
101768,8.0
101776,8.0
101787,11.0
101796,9.0
101805,9.0
101815,10.0
101824,9.0
101833,9.0
101843,10.0
101852,9.0
101860,8.0
101869,9.0
101879,10.0
101888,9.0
101898,10.0
101908,10.0
101917,9.0
101927,10.0
101937,10.0
101946,9.0
101958,12.0
101967,9.0
101977,10.0
101989,12.0
101998,9.0
102007,9.0
102016,9.0
102024,8.0
102033,9.0
102043,10.0
102053,10.0
102062,9.0
102073,11.0
102083,10.0
102091,8.0
102101,10.0
102111,10.0
102120,9.0
102129,9.0
102140,11.0
102149,9.0
102158,9.0
102168,10.0
102178,10.0
102189,11.0
102199,10.0
102208,9.0
102218,10.0
102228,10.0
102237,9.0
102246,9.0
102255,9.0
102266,11.0
102277,11.0
102288,11.0
102296,8.0
102305,9.0
102315,10.0
102326,11.0
102336,10.0
102345,9.0
102355,10.0
102365,10.0
102373,8.0
102382,9.0
102391,9.0
102404,13.0
102413,9.0
102425,12.0
102435,10.0
102445,10.0
102455,10.0
102465,10.0
102477,12.0
102487,10.0
102498,11.0
102509,11.0
102520,11.0
102534,14.0
102546,12.0
102556,10.0
102567,11.0
102580,13.0
102593,13.0
102605,12.0
102728,123.0
102933,205.0
103161,228.0
103346,185.0
103577,231.0
103722,145.0
103846,124.0
103971,125.0
104089,118.0
104194,105.0
104296,102.0
104394,98.0
104489,95.0
104584,95.0
104681,97.0
104796,115.0
104899,103.0
105000,101.0
105137,137.0
105266,129.0
105406,140.0
105528,122.0
105634,106.0
105752,118.0
105872,120.0
105994,122.0
106096,102.0
106195,99.0
106320,125.0
106427,107.0
106556,129.0
106665,109.0
106791,126.0
106903,112.0
107036,133.0
107154,118.0
107282,128.0
107406,124.0
107515,109.0
107600,85.0
107711,111.0
107900,189.0
108040,140.0
108147,107.0
108254,107.0
108371,117.0
108519,148.0
108653,134.0
108836,183.0
108967,131.0
109093,126.0
109509,416.0
109611,102.0
109737,126.0
110167,430.0
110268,101.0
110359,91.0
110455,96.0
110542,87.0
110657,115.0
110847,190.0
111038,191.0
111181,143.0
111374,193.0
111532,158.0
111660,128.0
111842,182.0
112026,184.0
112132,106.0
112231,99.0
112349,118.0
112476,127.0
112584,108.0
112767,183.0
112989,222.0
113088,99.0
113181,93.0
113268,87.0
113362,94.0
113444,82.0
113534,90.0
113626,92.0
113722,96.0
113809,87.0
113896,87.0
114006,110.0
114100,94.0
114180,80.0
114193,13.0
114205,12.0
114214,9.0
114225,11.0
114234,9.0
114244,10.0
114254,10.0
114264,10.0
114273,9.0
114282,9.0
114291,9.0
114301,10.0
114312,11.0
114321,9.0
114330,9.0
114339,9.0
114350,11.0
114360,10.0
114370,10.0
114379,9.0
114388,9.0
114398,10.0
114407,9.0
114416,9.0
114428,12.0
114439,11.0
114449,10.0
114460,11.0
114471,11.0
114481,10.0
114492,11.0
114504,12.0
114516,12.0
114595,79.0
114671,76.0
114758,87.0
114836,78.0
114930,94.0
115020,90.0
115104,84.0
115178,74.0
115259,81.0
115345,86.0
115424,79.0
115498,74.0
115575,77.0
115660,85.0
115745,85.0
115825,80.0
115899,74.0
115972,73.0
116050,78.0
116127,77.0
116138,11.0
116148,10.0
116158,10.0
116168,10.0
116177,9.0
116187,10.0
116196,9.0
116206,10.0
116214,8.0
116224,10.0
116233,9.0
116242,9.0
116251,9.0
116261,10.0
116270,9.0
116280,10.0
116288,8.0
116297,9.0
116307,10.0
116317,10.0
116325,8.0
116335,10.0
116345,10.0
116355,10.0
116365,10.0
116375,10.0
116385,10.0
116395,10.0
116405,10.0
116414,9.0
116423,9.0
116433,10.0
116442,9.0
116450,8.0
116459,9.0
116469,10.0
116480,11.0
116489,9.0
116499,10.0
116509,10.0
116517,8.0
116528,11.0
116538,10.0
116547,9.0
116557,10.0
116567,10.0
116577,10.0
116586,9.0
116596,10.0
116605,9.0
116613,8.0
116622,9.0
116632,10.0
116642,10.0
116651,9.0
116659,8.0
116669,10.0
116679,10.0
116687,8.0
116695,8.0
116705,10.0
116715,10.0
116724,9.0
116734,10.0
116744,10.0
116753,9.0
116762,9.0
116773,11.0
116782,9.0
116792,10.0
116802,10.0
116810,8.0
116818,8.0
116827,9.0
116835,8.0
116844,9.0
116853,9.0
116861,8.0
116870,9.0
116879,9.0
116891,12.0
116902,11.0
116910,8.0
116919,9.0
116928,9.0
116937,9.0
116946,9.0
116955,9.0
116964,9.0
116973,9.0
116982,9.0
116992,10.0
117002,10.0
117012,10.0
117022,10.0
117032,10.0
117042,10.0
117051,9.0
117060,9.0
117070,10.0
117078,8.0
117088,10.0
117097,9.0
117107,10.0
117117,10.0
117127,10.0
117137,10.0
117146,9.0
117155,9.0
117164,9.0
117173,9.0
117184,11.0
117196,12.0
117205,9.0
117215,10.0
117224,9.0
117236,12.0
117317,81.0
117406,89.0
117418,12.0
117519,101.0
117618,99.0
117721,103.0
117816,95.0
117917,101.0
118023,106.0
118114,91.0
118209,95.0
118299,90.0
118392,93.0
118488,96.0
118588,100.0
118688,100.0
118794,106.0
118892,98.0
118988,96.0
119085,97.0
119181,96.0
119287,106.0
119378,91.0
119470,92.0
119577,107.0
119675,98.0
119787,112.0
119888,101.0
119995,107.0
120115,120.0
120231,116.0
120341,110.0
120456,115.0
120575,119.0
120696,121.0
120807,111.0
120932,125.0
121063,131.0
121173,110.0
121287,114.0
121409,122.0
121523,114.0
121635,112.0
121766,131.0
121878,112.0
122002,124.0
122132,130.0
122254,122.0
122369,115.0
122483,114.0
122623,140.0
122759,136.0
122881,122.0
123004,123.0
123158,154.0
123288,130.0
123443,155.0
123583,140.0
123729,146.0
123947,218.0
124097,150.0
124350,253.0
124560,210.0
124681,121.0
124935,254.0
125054,119.0
125065,11.0
125075,10.0
125085,10.0
125094,9.0
125104,10.0
125116,12.0
125125,9.0
125134,9.0
125144,10.0
125154,10.0
125164,10.0
125176,12.0
125185,9.0
125195,10.0
125205,10.0
125214,9.0
125224,10.0
125234,10.0
125243,9.0
125253,10.0
125263,10.0
125271,8.0
125280,9.0
125289,9.0
125298,9.0
125309,11.0
125320,11.0
125331,11.0
125340,9.0
125349,9.0
125359,10.0
125367,8.0
125376,9.0
125385,9.0
125394,9.0
125402,8.0
125411,9.0
125420,9.0
125430,10.0
125440,10.0
125449,9.0
125459,10.0
125468,9.0
125477,9.0
125489,12.0
125499,10.0
125509,10.0
125518,9.0
125527,9.0
125535,8.0
125543,8.0
125552,9.0
125563,11.0
125573,10.0
125581,8.0
125593,12.0
125603,10.0
125612,9.0
125620,8.0
125630,10.0
125640,10.0
125650,10.0
125659,9.0
125671,12.0
125681,10.0
125691,10.0
125699,8.0
125709,10.0
125723,14.0
125734,11.0
125742,8.0
125751,9.0
125760,9.0
125772,12.0
125780,8.0
125789,9.0
125798,9.0
125808,10.0
125816,8.0
125825,9.0
125835,10.0
125844,9.0
125854,10.0
125862,8.0
125872,10.0
125881,9.0
125890,9.0
125899,9.0
125909,10.0
125920,11.0
125932,12.0
125942,10.0
125952,10.0
125961,9.0
125970,9.0
125980,10.0
125990,10.0
125999,9.0
126008,9.0
126017,9.0
126027,10.0
126036,9.0
126045,9.0
126056,11.0
126064,8.0
126074,10.0
126083,9.0
126092,9.0
126104,12.0
126114,10.0
126123,9.0
126133,10.0
126143,10.0
126153,10.0
126162,9.0
126172,10.0
126181,9.0
126191,10.0
126200,9.0
126210,10.0
126220,10.0
126230,10.0
126239,9.0
126249,10.0
126257,8.0
126266,9.0
126277,11.0
126285,8.0
126295,10.0
126305,10.0
126314,9.0
126324,10.0
126336,12.0
126345,9.0
126354,9.0
126364,10.0
126374,10.0
126383,9.0
126395,12.0
126404,9.0
126413,9.0
126423,10.0
126433,10.0
126443,10.0
126454,11.0
126463,9.0
126472,9.0
126481,9.0
126491,10.0
126502,11.0
126511,9.0
126553,42.0
126563,10.0
126572,9.0
126582,10.0
126592,10.0
126604,12.0
126614,10.0
126624,10.0
126633,9.0
126643,10.0
126654,11.0
126664,10.0
126673,9.0
126682,9.0
126693,11.0
126704,11.0
126788,84.0
126798,10.0
126869,71.0
126879,10.0
126889,10.0
126899,10.0
126908,9.0
126918,10.0
126927,9.0
126936,9.0
126947,11.0
126957,10.0
126969,12.0
126978,9.0
126987,9.0
126997,10.0
127006,9.0
127084,78.0
127165,81.0
127242,77.0
127252,10.0
127263,11.0
127274,11.0
127286,12.0
127296,10.0
127307,11.0
127317,10.0
127328,11.0
127405,77.0
127415,10.0
127499,84.0
127587,88.0
127668,81.0
127749,81.0
127842,93.0
127927,85.0
128011,84.0
128025,14.0
128130,105.0
128252,122.0
128354,102.0
128458,104.0
128561,103.0
128668,107.0
128773,105.0
128882,109.0
128994,112.0
129112,118.0
129236,124.0
129369,133.0
129494,125.0
129618,124.0
129743,125.0
129856,113.0
129981,125.0
130113,132.0
130246,133.0
130390,144.0
130530,140.0
130706,176.0
130877,171.0
131039,162.0
131410,371.0
131420,10.0
131430,10.0
131439,9.0
131450,11.0
131460,10.0
131585,125.0
131722,137.0
131847,125.0
132096,249.0
132206,110.0
132312,106.0
132417,105.0
132523,106.0
132632,109.0
132736,104.0
132837,101.0
132951,114.0
133052,101.0
133156,104.0
133167,11.0
133176,9.0
133186,10.0
133197,11.0
133207,10.0
133217,10.0
133229,12.0
133241,12.0
133336,95.0
133438,102.0
133557,119.0
133665,108.0
133769,104.0
133877,108.0
133977,100.0
134067,90.0
134160,93.0
134256,96.0
134333,77.0
134417,84.0
134508,91.0
134603,95.0
134681,78.0
134755,74.0
134845,90.0
134955,110.0
135043,88.0
135121,78.0
135218,97.0
135320,102.0
135424,104.0
135519,95.0
135620,101.0
135719,99.0
135817,98.0
135927,110.0
136045,118.0
136163,118.0
136278,115.0
136383,105.0
136493,110.0
136606,113.0
136742,136.0
136981,239.0
137127,146.0
137237,110.0
137353,116.0
137465,112.0
137573,108.0
137590,17.0
137691,101.0
137822,131.0
137990,168.0
138113,123.0
138257,144.0
138396,139.0
138528,132.0
138694,166.0
138823,129.0
138944,121.0
139099,155.0
139232,133.0
139345,113.0
139469,124.0
139585,116.0
139702,117.0
139814,112.0
139929,115.0
140041,112.0
140165,124.0
140179,14.0
140289,110.0
140402,113.0
140549,147.0
140685,136.0
140809,124.0
140926,117.0
141050,124.0
141167,117.0
141186,19.0
141291,105.0
141410,119.0
141547,137.0
141672,125.0
141789,117.0
141907,118.0
142022,115.0
142127,105.0
142236,109.0
142343,107.0
142469,126.0
142598,129.0
142721,123.0
142832,111.0
142946,114.0
143073,127.0
143085,12.0
143097,12.0
143106,9.0
143116,10.0
143128,12.0
143138,10.0
143149,11.0
143159,10.0
143168,9.0
143179,11.0
143188,9.0
143292,104.0
143418,126.0
143537,119.0
143662,125.0
143772,110.0
143882,110.0
143989,107.0
144105,116.0
144225,120.0
144350,125.0
144487,137.0
144607,120.0
144726,119.0
144848,122.0
144972,124.0
145102,130.0
145236,134.0
145372,136.0
145495,123.0
145507,12.0
145519,12.0
145648,129.0
145817,169.0
145974,157.0
146131,157.0
146318,187.0
146483,165.0
146668,185.0
146845,177.0
147000,155.0
147187,187.0
147448,261.0
147696,248.0
147854,158.0
148010,156.0
148304,294.0
148315,11.0
148550,235.0
148689,139.0
148819,130.0
148959,140.0
149106,147.0
149214,108.0
149323,109.0
149437,114.0
149536,99.0
149639,103.0
149750,111.0
149865,115.0
149971,106.0
149986,15.0
150103,117.0
150231,128.0
150361,130.0
150494,133.0
150625,131.0
150754,129.0
150873,119.0
151012,139.0
151153,141.0
151285,132.0
151404,119.0
151550,146.0
151700,150.0
151822,122.0
151981,159.0
152094,113.0
152205,111.0
152304,99.0
152439,135.0
152538,99.0
152655,117.0
152774,119.0
152900,126.0
153011,111.0
153119,108.0
153208,89.0
153430,222.0
153517,87.0
153591,74.0
153603,12.0
153613,10.0
153622,9.0
153631,9.0
153643,12.0
153652,9.0
153662,10.0
153671,9.0
153681,10.0
153693,12.0
153706,13.0
153716,10.0
153728,12.0
153738,10.0
153748,10.0
153829,81.0
153912,83.0
153990,78.0
154076,86.0
154152,76.0
154220,68.0
154303,83.0
154371,68.0
154440,69.0
154500,60.0
154575,75.0
154639,64.0
154708,69.0
154772,64.0
154847,75.0
154920,73.0
155000,80.0
155071,71.0
155086,15.0
155156,70.0
155238,82.0
155325,87.0
155427,102.0
155522,95.0
155605,83.0
155688,83.0
155779,91.0
155861,82.0
155947,86.0
156031,84.0
156113,82.0
156203,90.0
156294,91.0
156393,99.0
156501,108.0
156606,105.0
156719,113.0
156831,112.0
156845,14.0
156946,101.0
157080,134.0
157215,135.0
157327,112.0
157438,111.0
157549,111.0
157676,127.0
157800,124.0
157909,109.0
158022,113.0
158129,107.0
158231,102.0
158346,115.0
158454,108.0
158583,129.0
158707,124.0
158838,131.0
158961,123.0
159080,119.0
159206,126.0
159314,108.0
159409,95.0
159509,100.0
159635,126.0
159761,126.0
159872,111.0
159978,106.0
160079,101.0
160178,99.0
160277,99.0
160370,93.0
160460,90.0
160554,94.0
160658,104.0
160759,101.0
160859,100.0
160960,101.0
161055,95.0
161174,119.0
161315,141.0
161488,173.0
161674,186.0
161869,195.0
162025,156.0
162139,114.0
162271,132.0
162393,122.0
162512,119.0
162701,189.0
162892,191.0
163085,193.0
163187,102.0
163298,111.0
163387,89.0
163476,89.0
163570,94.0
163582,12.0
163660,78.0
163756,96.0
163872,116.0
163982,110.0
164080,98.0
164180,100.0
164283,103.0
164382,99.0
164489,107.0
164585,96.0
164710,125.0
164830,120.0
164965,135.0
165120,155.0
165217,97.0
165307,90.0
165401,94.0
165501,100.0
165593,92.0
165704,111.0
165819,115.0
165916,97.0
166014,98.0
166103,89.0
166205,102.0
166304,99.0
166397,93.0
166491,94.0
166596,105.0
166709,113.0
166817,108.0
166935,118.0
167068,133.0
167176,108.0
167266,90.0
167357,91.0
167462,105.0
167555,93.0
167659,104.0
167756,97.0
167771,15.0
167783,12.0
167794,11.0
167804,10.0
167815,11.0
167825,10.0
167836,11.0
167845,9.0
167854,9.0
167864,10.0
167874,10.0
167884,10.0
167895,11.0
167906,11.0
167984,78.0
168076,92.0
168162,86.0
168244,82.0
168324,80.0
168410,86.0
168498,88.0
168584,86.0
168661,77.0
168672,11.0
168759,87.0
168852,93.0
168864,12.0
168947,83.0
169042,95.0
169138,96.0
169226,88.0
169317,91.0
169406,89.0
169500,94.0
169597,97.0
169690,93.0
169785,95.0
169880,95.0
169968,88.0
170068,100.0
170175,107.0
170272,97.0
170381,109.0
170488,107.0
170597,109.0
170702,105.0
170830,128.0
170980,150.0
171149,169.0
171263,114.0
171275,12.0
171355,80.0
171457,102.0
171596,139.0
171717,121.0
171884,167.0
172072,188.0
172271,199.0
172504,233.0
172677,173.0
172853,176.0
173057,204.0
173313,256.0
173555,242.0
173848,293.0
174128,280.0
174399,271.0
174625,226.0
174858,233.0
175053,195.0
175387,334.0
175554,167.0
175661,107.0
175937,276.0
176325,388.0
176445,120.0
176545,100.0
176717,172.0
176855,138.0
176994,139.0
177115,121.0
177130,15.0
177277,147.0
177490,213.0
177690,200.0
177806,116.0
177907,101.0
178072,165.0
178082,10.0
178152,70.0
178163,11.0
178239,76.0
178251,12.0
178323,72.0
178399,76.0
178475,76.0
178551,76.0
178628,77.0
178637,9.0
178721,84.0
178804,83.0
178876,72.0
178955,79.0
179027,72.0
179107,80.0
179190,83.0
179274,84.0
179361,87.0
179375,14.0
179469,94.0
179563,94.0
179658,95.0
179765,107.0
179860,95.0
179965,105.0
180059,94.0
180167,108.0
180289,122.0
180398,109.0
180515,117.0
180624,109.0
180746,122.0
180867,121.0
180983,116.0
181100,117.0
181234,134.0
181354,120.0
181483,129.0
181612,129.0
181735,123.0
181879,144.0
182026,147.0
182177,151.0
182323,146.0
182504,181.0
182659,155.0
182828,169.0
182988,160.0
183152,164.0
183282,130.0
183405,123.0
183520,115.0
183696,176.0
183939,243.0
184122,183.0
184467,345.0
184967,500.0
184979,12.0
184989,10.0
184999,10.0
185010,11.0
185021,11.0
185189,168.0
185202,13.0
185561,359.0
185761,200.0
185903,142.0
185915,12.0
185927,12.0
185936,9.0
186052,116.0
186160,108.0
186171,11.0
186257,86.0
186269,12.0
186348,79.0
186424,76.0
186500,76.0
186570,70.0
186637,67.0
186700,63.0
186767,67.0
186834,67.0
186898,64.0
186967,69.0
187037,70.0
187120,83.0
187198,78.0
187289,91.0
187368,79.0
187460,92.0
187535,75.0
187607,72.0
187695,88.0
187769,74.0
187851,82.0
187929,78.0
188006,77.0
188092,86.0
188190,98.0
188306,116.0
188549,243.0
188709,160.0
188913,204.0
189088,175.0
189211,123.0
189373,162.0
189518,145.0
189665,147.0
189855,190.0
190009,154.0
190138,129.0
190309,171.0
190478,169.0
190675,197.0
190789,114.0
190928,139.0
191136,208.0
191301,165.0
191418,117.0
191542,124.0
191674,132.0
191785,111.0
191902,117.0
192093,191.0
192229,136.0
192341,112.0
192462,121.0
192624,162.0
192732,108.0
192827,95.0
192912,85.0
193047,135.0
193147,100.0
193262,115.0
193411,149.0
193576,165.0
193721,145.0
193864,143.0
193997,133.0
194123,126.0
194254,131.0
194390,136.0
194548,158.0
194727,179.0
194910,183.0
195071,161.0
195276,205.0
195471,195.0
195650,179.0
195808,158.0
196012,204.0
196512,500.0
196641,129.0
196807,166.0
197025,218.0
197202,177.0
197422,220.0
197647,225.0
197850,203.0
198036,186.0
198239,203.0
198421,182.0
198629,208.0
198800,171.0
199023,223.0
199226,203.0
199429,203.0
199589,160.0
199725,136.0
199859,134.0
200001,142.0
200294,293.0
200429,135.0
200642,213.0
200975,333.0
201183,208.0
201448,265.0
201629,181.0
201848,219.0
202348,500.0
202460,112.0
202591,131.0
202851,260.0
203172,321.0
203304,132.0
203340,36.0
203445,105.0
203607,162.0
203735,128.0
203846,111.0
203998,152.0
204115,117.0
204224,109.0
204302,78.0
204412,110.0
204538,126.0
204622,84.0
204635,13.0
204708,73.0
204719,11.0
204731,12.0
204740,9.0
204749,9.0
204760,11.0
204770,10.0
204780,10.0
204791,11.0
204802,11.0
204812,10.0
204821,9.0
204832,11.0
204844,12.0
204853,9.0
204862,9.0
204874,12.0
204886,12.0
204896,10.0
204907,11.0
204917,10.0
204929,12.0
204940,11.0
204952,12.0
204963,11.0
204973,10.0
204984,11.0
205062,78.0
205150,88.0
205162,12.0
205241,79.0
205329,88.0
205342,13.0
205429,87.0
205511,82.0
205604,93.0
205689,85.0
205701,12.0
205712,11.0
205723,11.0
205735,12.0
205813,78.0
205898,85.0
205987,89.0
206073,86.0
206085,12.0
206154,69.0
206165,11.0
206261,96.0
206370,109.0
206475,105.0
206598,123.0
206719,121.0
206835,116.0
206963,128.0
207075,112.0
207202,127.0
207321,119.0
207444,123.0
207575,131.0
207710,135.0
207722,12.0
207845,123.0
207857,12.0
208006,149.0
208228,222.0
208432,204.0
208587,155.0
208744,157.0
208896,152.0
209108,212.0
209279,171.0
209475,196.0
209645,170.0
209757,112.0
209912,155.0
210058,146.0
210245,187.0
210426,181.0
210602,176.0
210811,209.0
211003,192.0
211238,235.0
211372,134.0
211493,121.0
211504,11.0
211598,94.0
211696,98.0
211798,102.0
211919,121.0
212039,120.0
212150,111.0
212250,100.0
212336,86.0
212434,98.0
212519,85.0
212609,90.0
212737,128.0
212944,207.0
213128,184.0
213272,144.0
213350,78.0
213445,95.0
213536,91.0
213747,211.0
213950,203.0
214197,247.0
214289,92.0
214357,68.0
214423,66.0
214495,72.0
214571,76.0
214636,65.0
214713,77.0
214788,75.0
214863,75.0
214933,70.0
214994,61.0
215060,66.0
215125,65.0
215134,9.0
215148,14.0
215157,9.0
215166,9.0
215176,10.0
215184,8.0
215193,9.0
215203,10.0
215212,9.0
215222,10.0
215230,8.0
215239,9.0
215249,10.0
215258,9.0
215267,9.0
215275,8.0
215284,9.0
215294,10.0
215304,10.0
215314,10.0
215325,11.0
215334,9.0
215343,9.0
215352,9.0
215361,9.0
215370,9.0
215384,14.0
215393,9.0
215402,9.0
215411,9.0
215422,11.0
215432,10.0
215441,9.0
215451,10.0
215459,8.0
215469,10.0
215478,9.0
215490,12.0
215500,10.0
215509,9.0
215519,10.0
215529,10.0
215539,10.0
215549,10.0
215560,11.0
215569,9.0
215579,10.0
215588,9.0
215598,10.0
215609,11.0
215618,9.0
215629,11.0
215641,12.0
215650,9.0
215660,10.0
215671,11.0
215680,9.0
215692,12.0
215702,10.0
215711,9.0
215722,11.0
215732,10.0
215742,10.0
215752,10.0
215761,9.0
215771,10.0
215780,9.0
215790,10.0
215800,10.0
215810,10.0
215819,9.0
215828,9.0
215838,10.0
215848,10.0
215857,9.0
215866,9.0
215876,10.0
215885,9.0
215897,12.0
215906,9.0
215914,8.0
215923,9.0
215933,10.0
215942,9.0
215952,10.0
215961,9.0
215972,11.0
215982,10.0
215994,12.0
216003,9.0
216012,9.0
216023,11.0
216035,12.0
216043,8.0
216052,9.0
216062,10.0
216072,10.0
216080,8.0
216091,11.0
216102,11.0
216111,9.0
216121,10.0
216132,11.0
216142,10.0
216152,10.0
216161,9.0
216171,10.0
216181,10.0
216193,12.0
216206,13.0
216215,9.0
216224,9.0
216234,10.0
216244,10.0
216253,9.0
216262,9.0
216272,10.0
216283,11.0
216292,9.0
216302,10.0
216311,9.0
216319,8.0
216329,10.0
216338,9.0
216348,10.0
216357,9.0
216366,9.0
216376,10.0
216385,9.0
216395,10.0
216406,11.0
216414,8.0
216423,9.0
216432,9.0
216440,8.0
216449,9.0
216458,9.0
216468,10.0
216477,9.0
216486,9.0
216495,9.0
216504,9.0
216513,9.0
216521,8.0
216532,11.0
216543,11.0
216555,12.0
216565,10.0
216575,10.0
216584,9.0
216594,10.0
216603,9.0
216613,10.0
216623,10.0
216633,10.0
216641,8.0
216651,10.0
216662,11.0
216672,10.0
216683,11.0
216692,9.0
216701,9.0
216710,9.0
216720,10.0
216730,10.0
216739,9.0
216750,11.0
216761,11.0
216770,9.0
216780,10.0
216790,10.0
216799,9.0
216808,9.0
216818,10.0
216829,11.0
216840,11.0
216850,10.0
216861,11.0
216870,9.0
216880,10.0
216890,10.0
216900,10.0
216911,11.0
216920,9.0
216929,9.0
216939,10.0
216948,9.0
216958,10.0
216967,9.0
216976,9.0
216986,10.0
216998,12.0
217007,9.0
217017,10.0
217028,11.0
217039,11.0
217050,11.0
217061,11.0
217073,12.0
217083,10.0
217145,62.0
217239,94.0
217328,89.0
217415,87.0
217513,98.0
217607,94.0
217698,91.0
217797,99.0
217893,96.0
217995,102.0
218094,99.0
218190,96.0
218204,14.0
218213,9.0
218226,13.0
218236,10.0
218247,11.0
218258,11.0
218269,11.0
218278,9.0
218288,10.0
218300,12.0
218312,12.0
218424,112.0
218542,118.0
218669,127.0
218795,126.0
218806,11.0
218935,129.0
219073,138.0
219215,142.0
219356,141.0
219502,146.0
219648,146.0
219798,150.0
219945,147.0
220103,158.0
220252,149.0
220387,135.0
220516,129.0
220652,136.0
220800,148.0
220937,137.0
221078,141.0
221233,155.0
221381,148.0
221544,163.0
221687,143.0
221832,145.0
221980,148.0
222142,162.0
222309,167.0
222491,182.0
222711,220.0
222924,213.0
223121,197.0
223323,202.0
223452,129.0
223684,232.0
223967,283.0
224151,184.0
224301,150.0
224463,162.0
224636,173.0
224826,190.0
224835,9.0
224845,10.0
224854,9.0
224863,9.0
224872,9.0
224881,9.0
224890,9.0
224900,10.0
224910,10.0
224921,11.0
224930,9.0
224940,10.0
224950,10.0
224961,11.0
225069,108.0
225081,12.0
225165,84.0
225176,11.0
225255,79.0
225267,12.0
225345,78.0
225411,66.0
225424,13.0
225498,74.0
225511,13.0
225586,75.0
225659,73.0
225734,75.0
225745,11.0
225818,73.0
225897,79.0
225970,73.0
226050,80.0
226130,80.0
226214,84.0
226292,78.0
226304,12.0
226315,11.0
226324,9.0
226335,11.0
226346,11.0
226358,12.0
226369,11.0
226379,10.0
226388,9.0
226464,76.0
226545,81.0
226635,90.0
226729,94.0
226808,79.0
226896,88.0
226983,87.0
227104,121.0
227205,101.0
227309,104.0
227408,99.0
227523,115.0
227639,116.0
227747,108.0
227865,118.0
227980,115.0
228112,132.0
228225,113.0
228333,108.0
228444,111.0
228573,129.0
228695,122.0
228824,129.0
228937,113.0
229064,127.0
229193,129.0
229325,132.0
229447,122.0
229576,129.0
229588,12.0
229702,114.0
229835,133.0
230007,172.0
230192,185.0
230285,93.0
230390,105.0
230496,106.0
230597,101.0
230716,119.0
230832,116.0
230937,105.0
231053,116.0
231149,96.0
231224,75.0
231234,10.0
231244,10.0
231255,11.0
231264,9.0
231273,9.0
231282,9.0
231290,8.0
231299,9.0
231310,11.0
231319,9.0
231328,9.0
231338,10.0
231348,10.0
231357,9.0
231367,10.0
231377,10.0
231390,13.0
231400,10.0
231409,9.0
231419,10.0
231428,9.0
231438,10.0
231447,9.0
231456,9.0
231466,10.0
231475,9.0
231485,10.0
231493,8.0
231504,11.0
231514,10.0
231523,9.0
231531,8.0
231539,8.0
231548,9.0
231558,10.0
231567,9.0
231578,11.0
231588,10.0
231598,10.0
231608,10.0
231617,9.0
231627,10.0
231637,10.0
231647,10.0
231655,8.0
231664,9.0
231672,8.0
231682,10.0
231693,11.0
231703,10.0
231713,10.0
231723,10.0
231733,10.0
231742,9.0
231752,10.0
231762,10.0
231772,10.0
231781,9.0
231790,9.0
231799,9.0
231807,8.0
231816,9.0
231826,10.0
231836,10.0
231846,10.0
231857,11.0
231867,10.0
231877,10.0
231886,9.0
231896,10.0
231904,8.0
231913,9.0
231922,9.0
231934,12.0
231942,8.0
231952,10.0
231962,10.0
231971,9.0
231980,9.0
231990,10.0
232001,11.0
232010,9.0
232020,10.0
232028,8.0
232038,10.0
232046,8.0
232055,9.0
232065,10.0
232074,9.0
232084,10.0
232094,10.0
232102,8.0
232111,9.0
232122,11.0
232132,10.0
232140,8.0
232150,10.0
232160,10.0
232170,10.0
232179,9.0
232189,10.0
232198,9.0
232206,8.0
232215,9.0
232226,11.0
232235,9.0
232244,9.0
232253,9.0
232264,11.0
232273,9.0
232283,10.0
232293,10.0
232302,9.0
232312,10.0
232321,9.0
232332,11.0
232342,10.0
232351,9.0
232360,9.0
232369,9.0
232379,10.0
232388,9.0
232397,9.0
232408,11.0
232419,11.0
232429,10.0
232439,10.0
232450,11.0
232463,13.0
232473,10.0
232483,10.0
232494,11.0
232505,11.0
232515,10.0
232529,14.0
232539,10.0
232607,68.0
232699,92.0
232780,81.0
232861,81.0
232949,88.0
233035,86.0
233117,82.0
233195,78.0
233275,80.0
233354,79.0
233433,79.0
233510,77.0
233594,84.0
233674,80.0
233754,80.0
233830,76.0
233905,75.0
233983,78.0
234057,74.0
234135,78.0
234224,89.0
234312,88.0
234404,92.0
234484,80.0
234571,87.0
234654,83.0
234751,97.0
234839,88.0
234927,88.0
235017,90.0
235119,102.0
235237,118.0
235340,103.0
235439,99.0
235567,128.0
235695,128.0
235839,144.0
235976,137.0
236129,153.0
236284,155.0
236436,152.0
236621,185.0
236794,173.0
237045,251.0
237224,179.0
237334,110.0
237444,110.0
237551,107.0
237659,108.0
237757,98.0
237861,104.0
237968,107.0
238115,147.0
238231,116.0
238366,135.0
238556,190.0
238762,206.0
238948,186.0
239114,166.0
239124,10.0
239269,145.0
239417,148.0
239532,115.0
239641,109.0
239761,120.0
239873,112.0
239995,122.0
240131,136.0
240321,190.0
240544,223.0
240838,294.0
241180,342.0
241450,270.0
241658,208.0
241865,207.0
242037,172.0
242237,200.0
242479,242.0
242709,230.0
242914,205.0
243101,187.0
243390,289.0
243682,292.0
244009,327.0
244211,202.0
244388,177.0
244548,160.0
244682,134.0
244813,131.0
244951,138.0
245063,112.0
245235,172.0
245368,133.0
245379,11.0
245390,11.0
245398,8.0
245409,11.0
245419,10.0
245428,9.0
245439,11.0
245449,10.0
245458,9.0
245470,12.0
245481,11.0
245492,11.0
245502,10.0
245512,10.0
245523,11.0
245533,10.0
245544,11.0
245554,10.0
245565,11.0
245683,118.0
245816,133.0
245975,159.0
246114,139.0
246266,152.0
246410,144.0
246551,141.0
246691,140.0
246834,143.0
246988,154.0
247131,143.0
247271,140.0
247411,140.0
247542,131.0
247554,12.0
247698,144.0
247711,13.0
247847,136.0
248047,200.0
248248,201.0
248471,223.0
248691,220.0
248891,200.0
249102,211.0
249328,226.0
249475,147.0
249642,167.0
249808,166.0
249956,148.0
250106,150.0
250255,149.0
250266,11.0
250434,168.0
250600,166.0
250759,159.0
250920,161.0
251098,178.0
251259,161.0
251454,195.0
251626,172.0
251762,136.0
251889,127.0
252068,179.0
252231,163.0
252243,12.0
252254,11.0
252264,10.0
252274,10.0
252283,9.0
252292,9.0
252301,9.0
252310,9.0
252318,8.0
252328,10.0
252338,10.0
252347,9.0
252357,10.0
252368,11.0
252378,10.0
252386,8.0
252396,10.0
252406,10.0
252415,9.0
252424,9.0
252434,10.0
252446,12.0
252457,11.0
252467,10.0
252476,9.0
252486,10.0
252496,10.0
252505,9.0
252516,11.0
252526,10.0
252536,10.0
252547,11.0
252561,14.0
252667,106.0
252796,129.0
252902,106.0
253020,118.0
253154,134.0
253258,104.0
253357,99.0
253466,109.0
253564,98.0
253669,105.0
253778,109.0
253890,112.0
254007,117.0
254143,136.0
254323,180.0
254482,159.0
254682,200.0
254887,205.0
255069,182.0
255280,211.0
255498,218.0
255640,142.0
255795,155.0
255947,152.0
256108,161.0
256272,164.0
256425,153.0
256640,215.0
256871,231.0
257069,198.0
257251,182.0
257411,160.0
257767,356.0
257910,143.0
258041,131.0
258153,112.0
258263,110.0
258276,13.0
258286,10.0
258296,10.0
258305,9.0
258316,11.0
258325,9.0
258334,9.0
258343,9.0
258354,11.0
258364,10.0
258375,11.0
258385,10.0
258395,10.0
258406,11.0
258416,10.0
258426,10.0
258435,9.0
258447,12.0
258458,11.0
258470,12.0
258481,11.0
258603,122.0
258726,123.0
258857,131.0
259021,164.0
259183,162.0
259355,172.0
259730,375.0
259891,161.0
260063,172.0
260233,170.0
260442,209.0
260671,229.0
260897,226.0
261037,140.0
261184,147.0
261321,137.0
261447,126.0
261564,117.0
261683,119.0
261811,128.0
261935,124.0
262149,214.0
262312,163.0
262451,139.0
262665,214.0
262775,110.0
262896,121.0
262992,96.0
263111,119.0
263256,145.0
263383,127.0
263524,141.0
263663,139.0
263792,129.0
263931,139.0
264055,124.0
264202,147.0
264321,119.0
264438,117.0
264557,119.0
264568,11.0
264581,13.0
264593,12.0
264603,10.0
264719,116.0
264844,125.0
265004,160.0
265153,149.0
265313,160.0
265434,121.0
265549,115.0
265660,111.0
265766,106.0
265881,115.0
265990,109.0
266100,110.0
266232,132.0
266384,152.0
266535,151.0
266690,155.0
266865,175.0
267076,211.0
267276,200.0
267443,167.0
267578,135.0
267752,174.0
267894,142.0
268046,152.0
268310,264.0
268426,116.0
268437,11.0
268447,10.0
268460,13.0
268470,10.0
268479,9.0
268489,10.0
268499,10.0
268509,10.0
268521,12.0
268531,10.0
268644,113.0
268757,113.0
268868,111.0
268987,119.0
269100,113.0
269216,116.0
269330,114.0
269438,108.0
269550,112.0
269563,13.0
269573,10.0
269584,11.0
269593,9.0
269604,11.0
269614,10.0
269625,11.0
269634,9.0
269645,11.0
269657,12.0
269667,10.0
269777,110.0
269900,123.0
270024,124.0
270142,118.0
270266,124.0
270399,133.0
270519,120.0
270643,124.0
270764,121.0
270888,124.0
271001,113.0
271133,132.0
271259,126.0
271378,119.0
271496,118.0
271613,117.0
271735,122.0
271851,116.0
271974,123.0
272096,122.0
272215,119.0
272338,123.0
272466,128.0
272589,123.0
272722,133.0
272851,129.0
272984,133.0
273124,140.0
273269,145.0
273433,164.0
273620,187.0
273808,188.0
273997,189.0
274156,159.0
274369,213.0
274573,204.0
274717,144.0
274857,140.0
275001,144.0
275140,139.0
275324,184.0
275521,197.0
275717,196.0
275939,222.0
276081,142.0
276231,150.0
276362,131.0
276374,12.0
276386,12.0
276395,9.0
276406,11.0
276416,10.0
276427,11.0
276436,9.0
276446,10.0
276457,11.0
276467,10.0
276479,12.0
276490,11.0
276499,9.0
276509,10.0
276519,10.0
276529,10.0
276538,9.0
276549,11.0
276559,10.0
276570,11.0
276705,135.0
276894,189.0
277123,229.0
277439,316.0
277690,251.0
278190,500.0
278502,312.0
279002,500.0
279198,196.0
279209,11.0
279219,10.0
279229,10.0
279239,10.0
279248,9.0
279258,10.0
279266,8.0
279275,9.0
279284,9.0
279294,10.0
279303,9.0
279313,10.0
279323,10.0
279333,10.0
279341,8.0
279350,9.0
279360,10.0
279370,10.0
279382,12.0
279391,9.0
279400,9.0
279409,9.0
279417,8.0
279428,11.0
279436,8.0
279444,8.0
279453,9.0
279463,10.0
279472,9.0
279481,9.0
279491,10.0
279501,10.0
279511,10.0
279522,11.0
279531,9.0
279541,10.0
279550,9.0
279559,9.0
279569,10.0
279580,11.0
279592,12.0
279601,9.0
279611,10.0
279620,9.0
279629,9.0
279638,9.0
279647,9.0
279658,11.0
279669,11.0
279680,11.0
279690,10.0
279699,9.0
279708,9.0
279717,9.0
279726,9.0
279735,9.0
279745,10.0
279755,10.0
279765,10.0
279778,13.0
279787,9.0
279797,10.0
279807,10.0
279817,10.0
279825,8.0
279834,9.0
279843,9.0
279851,8.0
279860,9.0
279868,8.0
279877,9.0
279885,8.0
279894,9.0
279903,9.0
279913,10.0
279924,11.0
279933,9.0
279943,10.0
279953,10.0
279961,8.0
279969,8.0
279981,12.0
279991,10.0
279999,8.0
280009,10.0
280018,9.0
280027,9.0
280037,10.0
280046,9.0
280056,10.0
280066,10.0
280075,9.0
280084,9.0
280093,9.0
280103,10.0
280113,10.0
280126,13.0
280136,10.0
280147,11.0
280157,10.0
280167,10.0
280176,9.0
280186,10.0
280195,9.0
280203,8.0
280211,8.0
280225,14.0
280235,10.0
280245,10.0
280256,11.0
280265,9.0
280275,10.0
280285,10.0
280294,9.0
280304,10.0
280315,11.0
280326,11.0
280336,10.0
280346,10.0
280355,9.0
280364,9.0
280374,10.0
280384,10.0
280393,9.0
280403,10.0
280411,8.0
280422,11.0
280432,10.0
280442,10.0
280452,10.0
280462,10.0
280473,11.0
280482,9.0
280491,9.0
280501,10.0
280511,10.0
280522,11.0
280532,10.0
280541,9.0
280550,9.0
280561,11.0
280570,9.0
280581,11.0
280592,11.0
280603,11.0
280615,12.0
280627,12.0
280638,11.0
280649,11.0
280659,10.0
280669,10.0
280678,9.0
280689,11.0
280699,10.0
280709,10.0
280723,14.0
280754,31.0
280983,229.0
281144,161.0
281247,103.0
281256,9.0
281265,9.0
281274,9.0
281284,10.0
281294,10.0
281304,10.0
281313,9.0
281322,9.0
281331,9.0
281341,10.0
281351,10.0
281362,11.0
281372,10.0
281381,9.0
281391,10.0
281401,10.0
281412,11.0
281425,13.0
281437,12.0
281448,11.0
281459,11.0
281470,11.0
281481,11.0
281491,10.0
281502,11.0
281511,9.0
281522,11.0
281533,11.0
281543,10.0
281553,10.0
281564,11.0
281576,12.0
281586,10.0
281597,11.0
281610,13.0
281708,98.0
281822,114.0
281923,101.0
282013,90.0
282100,87.0
282184,84.0
282275,91.0
282360,85.0
282447,87.0
282524,77.0
282609,85.0
282699,90.0
282800,101.0
282900,100.0
283003,103.0
283111,108.0
283237,126.0
283347,110.0
283459,112.0
283577,118.0
283702,125.0
283842,140.0
283965,123.0
284104,139.0
284268,164.0
284471,203.0
284708,237.0
284947,239.0
285242,295.0
285528,286.0
285746,218.0
285758,12.0
285875,117.0
286081,206.0
286205,124.0
286328,123.0
286425,97.0
286437,12.0
286447,10.0
286456,9.0
286467,11.0
286477,10.0
286581,104.0
286693,112.0
286809,116.0
286923,114.0
287035,112.0
287165,130.0
287320,155.0
287476,156.0
287643,167.0
287788,145.0
287901,113.0
287911,10.0
288015,104.0
288099,84.0
288110,11.0
288120,10.0
288129,9.0
288138,9.0
288148,10.0
288157,9.0
288168,11.0
288178,10.0
288190,12.0
288200,10.0
288210,10.0
288220,10.0
288230,10.0
288244,14.0
288255,11.0
288323,68.0
288386,63.0
288454,68.0
288509,55.0
288568,59.0
288637,69.0
288695,58.0
288755,60.0
288821,66.0
288879,58.0
288933,54.0
288984,51.0
289036,52.0
289096,60.0
289164,68.0
289253,89.0
289355,102.0
289468,113.0
289597,129.0
289731,134.0
289850,119.0
289981,131.0
290108,127.0
290254,146.0
290447,193.0
290673,226.0
290895,222.0
291104,209.0
291412,308.0
291752,340.0
292153,401.0
292653,500.0
292850,197.0
293350,500.0
293471,121.0
293483,12.0
293613,130.0
293755,142.0
293955,200.0
294455,500.0
294668,213.0
294898,230.0
295211,313.0
295353,142.0
295493,140.0
295620,127.0
295779,159.0
295919,140.0
296067,148.0
296270,203.0
296585,315.0
297085,500.0
297240,155.0
297377,137.0
297534,157.0
297759,225.0
297906,147.0
298274,368.0
298511,237.0
298796,285.0
299030,234.0
299204,174.0
299341,137.0
299470,129.0
299623,153.0
299766,143.0
299778,12.0
299897,119.0
299909,12.0
300024,115.0
300035,11.0
300047,12.0
300058,11.0
300068,10.0
300079,11.0
300088,9.0
300097,9.0
300106,9.0
300117,11.0
300129,12.0
300142,13.0
300152,10.0
300262,110.0
300273,11.0
300397,124.0
300409,12.0
300542,133.0
300668,126.0
300789,121.0
300913,124.0
301047,134.0
301060,13.0
301181,121.0
301316,135.0
301434,118.0
301452,18.0
301574,122.0
301706,132.0
301827,121.0
301946,119.0
302065,119.0
302179,114.0
302297,118.0
302313,16.0
302438,125.0
302551,113.0
302672,121.0
302803,131.0
302921,118.0
303032,111.0
303157,125.0
303277,120.0
303415,138.0
303541,126.0
303661,120.0
303785,124.0
303930,145.0
304070,140.0
304215,145.0
304362,147.0
304528,166.0
304678,150.0
304816,138.0
304949,133.0
305112,163.0
305256,144.0
305395,139.0
305521,126.0
305651,130.0
305788,137.0
305917,129.0
306083,166.0
306264,181.0
306441,177.0
306579,138.0
306588,9.0
306597,9.0
306606,9.0
306616,10.0
306625,9.0
306634,9.0
306644,10.0
306655,11.0
306663,8.0
306673,10.0
306681,8.0
306691,10.0
306703,12.0
306713,10.0
306721,8.0
306731,10.0
306739,8.0
306749,10.0
306760,11.0
306768,8.0
306779,11.0
306787,8.0
306797,10.0
306808,11.0
306817,9.0
306825,8.0
306834,9.0
306844,10.0
306852,8.0
306861,9.0
306873,12.0
306882,9.0
306892,10.0
306902,10.0
306913,11.0
306922,9.0
306932,10.0
306947,15.0
306959,12.0
306969,10.0
306983,14.0
307001,18.0
307058,57.0
307121,63.0
307188,67.0
307259,71.0
307340,81.0
307414,74.0
307481,67.0
307555,74.0
307631,76.0
307709,78.0
307789,80.0
307863,74.0
307936,73.0
308014,78.0
308093,79.0
308187,94.0
308289,102.0
308405,116.0
308533,128.0
308658,125.0
308778,120.0
308911,133.0
309066,155.0
309354,288.0
309485,131.0
309623,138.0
309791,168.0
309938,147.0
310061,123.0
310173,112.0
310288,115.0
310402,114.0
310511,109.0
310624,113.0
310745,121.0
310757,12.0
310863,106.0
310979,116.0
311104,125.0
311216,112.0
311333,117.0
311466,133.0
311597,131.0
311722,125.0
311841,119.0
311968,127.0
312127,159.0
312250,123.0
312383,133.0
312507,124.0
312651,144.0
312795,144.0
312951,156.0
313091,140.0
313212,121.0
313321,109.0
313438,117.0
313554,116.0
313678,124.0
313797,119.0
313908,111.0
314020,112.0
314133,113.0
314244,111.0
314353,109.0
314487,134.0
314687,200.0
314812,125.0
314912,100.0
315018,106.0
315117,99.0
315131,14.0
315142,11.0
315154,12.0
315256,102.0
315360,104.0
315453,93.0
315554,101.0
315654,100.0
315666,12.0
315760,94.0
315855,95.0
315957,102.0
315968,11.0
316068,100.0
316184,116.0
316338,154.0
316497,159.0
316647,150.0
316808,161.0
317037,229.0
317359,322.0
317540,181.0
317716,176.0
317906,190.0
318126,220.0
318303,177.0
318488,185.0
318687,199.0
318982,295.0
319110,128.0
319230,120.0
319339,109.0
319470,131.0
319578,108.0
319693,115.0
319813,120.0
319937,124.0
320057,120.0
320193,136.0
320372,179.0
320523,151.0
320657,134.0
320827,170.0
320978,151.0
321147,169.0
321359,212.0
321571,212.0
321584,13.0
321695,111.0
321703,8.0
321713,10.0
321724,11.0
321735,11.0
321745,10.0
321756,11.0
321766,10.0
321777,11.0
321786,9.0
321797,11.0
321806,9.0
321816,10.0
321825,9.0
321835,10.0
321845,10.0
321855,10.0
321867,12.0
321879,12.0
321888,9.0
321897,9.0
321907,10.0
321917,10.0
322043,126.0
322197,154.0
322337,140.0
322464,127.0
322474,10.0
322485,11.0
322497,12.0
322507,10.0
322517,10.0
322526,9.0
322536,10.0
322546,10.0
322558,12.0
322569,11.0
322581,12.0
322591,10.0
322603,12.0
322614,11.0
322739,125.0
322872,133.0
323002,130.0
323120,118.0
323216,96.0
323227,11.0
323328,101.0
323341,13.0
323455,114.0
323565,110.0
323672,107.0
323767,95.0
323849,82.0
323933,84.0
324019,86.0
324101,82.0
324185,84.0
324261,76.0
324343,82.0
324354,11.0
324367,13.0
324447,80.0
324458,11.0
324531,73.0
324596,65.0
324667,71.0
324744,77.0
324824,80.0
324834,10.0
324933,99.0
325094,161.0
325367,273.0
325658,291.0
326082,424.0
326401,319.0
326652,251.0
326866,214.0
327077,211.0
327577,500.0
327687,110.0
327705,18.0
327837,132.0
328030,193.0
328308,278.0
328660,352.0
328849,189.0
329029,180.0
329255,226.0
329483,228.0
329708,225.0
329934,226.0
330151,217.0
330607,456.0
330726,119.0
330830,104.0
330933,103.0
331286,353.0
331786,500.0
331890,104.0
331904,14.0
331998,94.0
332125,127.0
332413,288.0
332569,156.0
332701,132.0
332855,154.0
332978,123.0
333121,143.0
333312,191.0
333559,247.0
333812,253.0
334200,388.0
334370,170.0
334488,118.0
334610,122.0
334730,120.0
334834,104.0
334945,111.0
335049,104.0
335175,126.0
335299,124.0
335437,138.0
335583,146.0
335691,108.0
335794,103.0
335905,111.0
336010,105.0
336021,11.0
336116,95.0
336219,103.0
336322,103.0
336421,99.0
336525,104.0
336536,11.0
336648,112.0
336762,114.0
336866,104.0
336976,110.0
337088,112.0
337202,114.0
337312,110.0
337432,120.0
337548,116.0
337677,129.0
337792,115.0
337922,130.0
338045,123.0
338187,142.0
338350,163.0
338519,169.0
338689,170.0
338885,196.0
339070,185.0
339198,128.0
339323,125.0
339471,148.0
339599,128.0
339715,116.0
339830,115.0
339963,133.0
340089,126.0
340232,143.0
340431,199.0
340701,270.0
340887,186.0
341017,130.0
341241,224.0
341727,486.0
342189,462.0
342297,108.0
342522,225.0
342533,11.0
342667,134.0
342893,226.0
343168,275.0
343668,500.0
343983,315.0
344483,500.0
344765,282.0
345015,250.0
345316,301.0
345816,500.0
345944,128.0
345956,12.0
346093,137.0
346275,182.0
346450,175.0
346599,149.0
346769,170.0
346919,150.0
347149,230.0
347304,155.0
347469,165.0
347664,195.0
347812,148.0
347943,131.0
348106,163.0
348240,134.0
348252,12.0
348443,191.0
348701,258.0
348841,140.0
348977,136.0
349087,110.0
349191,104.0
349290,99.0
349386,96.0
349490,104.0
349589,99.0
349689,100.0
349798,109.0
349902,104.0
350003,101.0
350098,95.0
350221,123.0
350328,107.0
350442,114.0
350570,128.0
350678,108.0
350777,99.0
350877,100.0
350984,107.0
351072,88.0
351164,92.0
351249,85.0
351336,87.0
351433,97.0
351518,85.0
351609,91.0
351702,93.0
351784,82.0
351868,84.0
351947,79.0
352036,89.0
352051,15.0
352062,11.0
352074,12.0
352085,11.0
352097,12.0
352109,12.0
352120,11.0
352132,12.0
352141,9.0
352152,11.0
352163,11.0
352177,14.0
352190,13.0
352274,84.0
352361,87.0
352442,81.0
352524,82.0
352616,92.0
352702,86.0
352782,80.0
352874,92.0
352960,86.0
353046,86.0
353071,25.0
353164,93.0
353244,80.0
353331,87.0
353413,82.0
353499,86.0
353589,90.0
353675,86.0
353760,85.0
353848,88.0
353931,83.0
354015,84.0
354104,89.0
354206,102.0
354306,100.0
354405,99.0
354512,107.0
354623,111.0
354762,139.0
354900,138.0
355033,133.0
355143,110.0
355255,112.0
355360,105.0
355463,103.0
355572,109.0
355686,114.0
355795,109.0
355900,105.0
356010,110.0
356118,108.0
356221,103.0
356331,110.0
356434,103.0
356536,102.0
356644,108.0
356740,96.0
356849,109.0
356960,111.0
357067,107.0
357186,119.0
357398,212.0
357554,156.0
357698,144.0
358145,447.0
358367,222.0
358517,150.0
358658,141.0
359093,435.0
359338,245.0
359536,198.0
360036,500.0
360193,157.0
360320,127.0
360518,198.0
360711,193.0
361197,486.0
361591,394.0
361742,151.0
361752,10.0
361762,10.0
361771,9.0
361780,9.0
361793,13.0
361802,9.0
361810,8.0
361820,10.0
361830,10.0
361840,10.0
361850,10.0
361860,10.0
361869,9.0
361880,11.0
361889,9.0
361898,9.0
361908,10.0
361917,9.0
361927,10.0
361936,9.0
361945,9.0
361956,11.0
361965,9.0
361975,10.0
361985,10.0
361994,9.0
362005,11.0
362016,11.0
362027,11.0
362037,10.0
362047,10.0
362055,8.0
362066,11.0
362077,11.0
362087,10.0
362097,10.0
362107,10.0
362117,10.0
362129,12.0
362139,10.0
362148,9.0
362161,13.0
362171,10.0
362182,11.0
362192,10.0
362202,10.0
362212,10.0
362223,11.0
362233,10.0
362244,11.0
362254,10.0
362264,10.0
362274,10.0
362286,12.0
362297,11.0
362449,152.0
362649,200.0
362859,210.0
363096,237.0
363308,212.0
363521,213.0
363705,184.0
363891,186.0
364090,199.0
364327,237.0
364698,371.0
365198,500.0
365374,176.0
365501,127.0
365642,141.0
365746,104.0
365853,107.0
365864,11.0
365874,10.0
365885,11.0
365896,11.0
365905,9.0
365914,9.0
365924,10.0
365935,11.0
365945,10.0
365954,9.0
365964,10.0
365976,12.0
365986,10.0
365997,11.0
366008,11.0
366023,15.0
366037,14.0
366121,84.0
366209,88.0
366300,91.0
366394,94.0
366489,95.0
366589,100.0
366686,97.0
366783,97.0
366882,99.0
366982,100.0
367101,119.0
367211,110.0
367326,115.0
367335,9.0
367464,129.0
367607,143.0
367756,149.0
367886,130.0
368019,133.0
368152,133.0
368272,120.0
368357,85.0
368446,89.0
368542,96.0
368636,94.0
368732,96.0
368822,90.0
368901,79.0
368989,88.0
369064,75.0
369133,69.0
369212,79.0
369291,79.0
369378,87.0
369450,72.0
369521,71.0
369585,64.0
369656,71.0
369735,79.0
369807,72.0
369884,77.0
369958,74.0
370035,77.0
370120,85.0
370227,107.0
370372,145.0
370543,171.0
370701,158.0
370857,156.0
371009,152.0
371169,160.0
371323,154.0
371436,113.0
371550,114.0
371680,130.0
371795,115.0
371916,121.0
372030,114.0
372200,170.0
372485,285.0
372647,162.0
372801,154.0
372972,171.0
373166,194.0
373666,500.0
373773,107.0
373881,108.0
374281,400.0
374476,195.0
374619,143.0
374754,135.0
374943,189.0
375072,129.0
375144,72.0
375253,109.0
375753,500.0
376069,316.0
376262,193.0
376633,371.0
376850,217.0
377031,181.0
377196,165.0
377304,108.0
377320,16.0
377333,13.0
377345,12.0
377354,9.0
377363,9.0
377372,9.0
377382,10.0
377391,9.0
377403,12.0
377412,9.0
377422,10.0
377433,11.0
377444,11.0
377453,9.0
377463,10.0
377474,11.0
377485,11.0
377495,10.0
377509,14.0
377521,12.0
377604,83.0
377708,104.0
377803,95.0
377896,93.0
377974,78.0
378061,87.0
378144,83.0
378228,84.0
378324,96.0
378418,94.0
378519,101.0
378626,107.0
378744,118.0
378858,114.0
378984,126.0
379107,123.0
379209,102.0
379314,105.0
379413,99.0
379510,97.0
379604,94.0
379701,97.0
379796,95.0
379887,91.0
379981,94.0
380084,103.0
380184,100.0
380195,11.0
380207,12.0
380220,13.0
380232,12.0
380242,10.0
380252,10.0
380261,9.0
380272,11.0
380281,9.0
380293,12.0
380304,11.0
380313,9.0
380323,10.0
380333,10.0
380343,10.0
380432,89.0
380547,115.0
380662,115.0
380775,113.0
380909,134.0
381037,128.0
381169,132.0
381288,119.0
381395,107.0
381485,90.0
381582,97.0
381694,112.0
381799,105.0
381907,108.0
382003,96.0
382112,109.0
382238,126.0
382363,125.0
382378,15.0
382505,127.0
382638,133.0
382809,171.0
383002,193.0
383173,171.0
383260,87.0
383340,80.0
383428,88.0
383527,99.0
383649,122.0
383766,117.0
383880,114.0
383972,92.0
384105,133.0
384203,98.0
384285,82.0
384383,98.0
384504,121.0
384641,137.0
384757,116.0
384879,122.0
384990,111.0
385107,117.0
385223,116.0
385342,119.0
385468,126.0
385595,127.0
385725,130.0
385899,174.0
386056,157.0
386207,151.0
386343,136.0
386458,115.0
386588,130.0
386712,124.0
386859,147.0
387252,393.0
387382,130.0
387505,123.0
387658,153.0
387806,148.0
388033,227.0
388274,241.0
388414,140.0
388625,211.0
388794,169.0
388967,173.0
389133,166.0
389320,187.0
389432,112.0
389538,106.0
389647,109.0
389755,108.0
389846,91.0
389950,104.0
390050,100.0
390175,125.0
390441,266.0
390582,141.0
390965,383.0
391178,213.0
391311,133.0
391447,136.0
391567,120.0
391698,131.0
392076,378.0
392246,170.0
392380,134.0
392390,10.0
392400,10.0
392411,11.0
392421,10.0
392433,12.0
392444,11.0
392455,11.0
392467,12.0
392478,11.0
392489,11.0
392578,89.0
392673,95.0
392769,96.0
392783,14.0
392877,94.0
392970,93.0
393073,103.0
393188,115.0
393201,13.0
393307,106.0
393412,105.0
393522,110.0
393634,112.0
393751,117.0
393856,105.0
393967,111.0
394067,100.0
394079,12.0
394191,112.0
394205,14.0
394314,109.0
394418,104.0
394527,109.0
394633,106.0
394734,101.0
394835,101.0
394939,104.0
395053,114.0
395184,131.0
395317,133.0
395454,137.0
395589,135.0
395714,125.0
395848,134.0
395983,135.0
396140,157.0
396355,215.0
396729,374.0
396741,12.0
396752,11.0
396763,11.0
396773,10.0
396782,9.0
396794,12.0
396805,11.0
396817,12.0
396929,112.0
397044,115.0
397162,118.0
397287,125.0
397408,121.0
397537,129.0
397664,127.0
397795,131.0
397931,136.0
398056,125.0
398191,135.0
398204,13.0
398339,135.0
398483,144.0
398626,143.0
398778,152.0
398914,136.0
399055,141.0
399184,129.0
399196,12.0
399339,143.0
399464,125.0
399589,125.0
399712,123.0
399836,124.0
399945,109.0
400061,116.0
400212,151.0
400385,173.0
400577,192.0
400751,174.0
400942,191.0
401123,181.0
401286,163.0
401444,158.0
401595,151.0
401745,150.0
401927,182.0
402063,136.0
402455,392.0
402618,163.0
402795,177.0
403007,212.0
403226,219.0
403383,157.0
403535,152.0
403777,242.0
403919,142.0
404088,169.0
404230,142.0
404393,163.0
404550,157.0
404699,149.0
404858,159.0
405016,158.0
405145,129.0
405157,12.0
405170,13.0
405181,11.0
405194,13.0
405280,86.0
405378,98.0
405474,96.0
405575,101.0
405668,93.0
405770,102.0
405873,103.0
405978,105.0
406089,111.0
406213,124.0
406332,119.0
406346,14.0
406357,11.0
406365,8.0
406376,11.0
406387,11.0
406396,9.0
406408,12.0
406420,12.0
406430,10.0
406441,11.0
406452,11.0
406464,12.0
406475,11.0
406486,11.0
406497,11.0
406610,113.0
406622,12.0
406771,149.0
406934,163.0
407140,206.0
407449,309.0
407949,500.0
408449,500.0
408570,121.0
408676,106.0
408801,125.0
408918,117.0
409038,120.0
409157,119.0
409280,123.0
409780,500.0
410280,500.0
410401,121.0
410546,145.0
410671,125.0
410816,145.0
410944,128.0
411096,152.0
411243,147.0
411399,156.0
411551,152.0
411700,149.0
411849,149.0
412005,156.0
412173,168.0
412406,233.0
412508,102.0
412635,127.0
412749,114.0
412846,97.0
412856,10.0
412976,120.0
413098,122.0
413269,171.0
413769,500.0
414269,500.0
414397,128.0
414528,131.0
414663,135.0
414800,137.0
414933,133.0
415073,140.0
415217,144.0
415370,153.0
415528,158.0
415720,192.0
415885,165.0
416385,500.0
416524,139.0
416662,138.0
416781,119.0
416902,121.0
417006,104.0
417129,123.0
417375,246.0
417489,114.0
417662,173.0
417770,108.0
417782,12.0
417869,87.0
417953,84.0
418047,94.0
418138,91.0
418151,13.0
418252,101.0
418347,95.0
418458,111.0
418567,109.0
418675,108.0
418780,105.0
418880,100.0
418993,113.0
419115,122.0
419279,164.0
419479,200.0
419681,202.0
419897,216.0
420095,198.0
420223,128.0
420350,127.0
420484,134.0
420616,132.0
420764,148.0
420880,116.0
421016,136.0
421155,139.0
421286,131.0
421396,110.0
421726,330.0
421866,140.0
422001,135.0
422168,167.0
422275,107.0
422398,123.0
422510,112.0
422614,104.0
422742,128.0
422884,142.0
423034,150.0
423158,124.0
423359,201.0
423459,100.0
423550,91.0
423654,104.0
423834,180.0
423974,140.0
424137,163.0
424269,132.0
424405,136.0
424539,134.0
424686,147.0
424851,165.0
425001,150.0
425138,137.0
425263,125.0
425391,128.0
425519,128.0
425647,128.0
425778,131.0
425900,122.0
426025,125.0
426135,110.0
426240,105.0
426387,147.0
426595,208.0
426734,139.0
426858,124.0
426960,102.0
427051,91.0
427150,99.0
427243,93.0
427255,12.0
427269,14.0
427284,15.0
427370,86.0
427470,100.0
427572,102.0
427686,114.0
427788,102.0
427898,110.0
428008,110.0
428142,134.0
428319,177.0
428519,200.0
428803,284.0
429058,255.0
429068,10.0
429078,10.0
429088,10.0
429098,10.0
429107,9.0
429116,9.0
429126,10.0
429136,10.0
429145,9.0
429155,10.0
429163,8.0
429172,9.0
429182,10.0
429191,9.0
429202,11.0
429211,9.0
429223,12.0
429235,12.0
429243,8.0
429252,9.0
429262,10.0
429272,10.0
429284,12.0
429294,10.0
429303,9.0
429312,9.0
429322,10.0
429332,10.0
429341,9.0
429352,11.0
429362,10.0
429374,12.0
429384,10.0
429394,10.0
429405,11.0
429417,12.0
429476,59.0
429486,10.0
429580,94.0
429714,134.0
429794,80.0
429871,77.0
429938,67.0
430031,93.0
430145,114.0
430267,122.0
430395,128.0
430541,146.0
430696,155.0
430866,170.0
431021,155.0
431169,148.0
431304,135.0
431315,11.0
431326,11.0
431336,10.0
431345,9.0
431355,10.0
431365,10.0
431375,10.0
431384,9.0
431393,9.0
431403,10.0
431413,10.0
431423,10.0
431434,11.0
431445,11.0
431456,11.0
431465,9.0
431475,10.0
431486,11.0
431614,128.0
431625,11.0
431636,11.0
431765,129.0
431895,130.0
432019,124.0
432145,126.0
432266,121.0
432377,111.0
432491,114.0
432640,149.0
432798,158.0
432960,162.0
433126,166.0
433142,16.0
433315,173.0
433490,175.0
433669,179.0
433898,229.0
434093,195.0
434313,220.0
434608,295.0
434798,190.0
435139,341.0
435339,200.0
435509,170.0
435737,228.0
435922,185.0
436067,145.0
436076,9.0
436087,11.0
436096,9.0
436229,133.0
436240,11.0
436373,133.0
436510,137.0
436635,125.0
436744,109.0
436872,128.0
436989,117.0
437096,107.0
437193,97.0
437314,121.0
437437,123.0
437563,126.0
437695,132.0
437814,119.0
437926,112.0
438060,134.0
438202,142.0
438364,162.0
438561,197.0
438771,210.0
438955,184.0
439145,190.0
439320,175.0
439486,166.0
439677,191.0
439843,166.0
440003,160.0
440231,228.0
440731,500.0
441231,500.0
441345,114.0
441459,114.0
441628,169.0
441714,86.0
441826,112.0
441923,97.0
442044,121.0
442135,91.0
442517,382.0
442706,189.0
442955,249.0
443203,248.0
443620,417.0
444120,500.0
444620,500.0
445006,386.0
445123,117.0
445195,72.0
445269,74.0
445282,13.0
445294,12.0
445304,10.0
445313,9.0
445324,11.0
445332,8.0
445341,9.0
445349,8.0
445359,10.0
445369,10.0
445378,9.0
445386,8.0
445394,8.0
445404,10.0
445412,8.0
445421,9.0
445431,10.0
445441,10.0
445451,10.0
445460,9.0
445469,9.0
445478,9.0
445489,11.0
445498,9.0
445509,11.0
445518,9.0
445528,10.0
445538,10.0
445548,10.0
445558,10.0
445568,10.0
445578,10.0
445589,11.0
445598,9.0
445607,9.0
445616,9.0
445626,10.0
445635,9.0
445645,10.0
445653,8.0
445662,9.0
445671,9.0
445681,10.0
445691,10.0
445700,9.0
445709,9.0
445718,9.0
445726,8.0
445736,10.0
445745,9.0
445756,11.0
445765,9.0
445775,10.0
445786,11.0
445795,9.0
445803,8.0
445813,10.0
445822,9.0
445832,10.0
445842,10.0
445850,8.0
445861,11.0
445869,8.0
445880,11.0
445891,11.0
445899,8.0
445908,9.0
445916,8.0
445927,11.0
445938,11.0
445947,9.0
445957,10.0
445965,8.0
445975,10.0
445983,8.0
445993,10.0
446001,8.0
446009,8.0
446018,9.0
446026,8.0
446035,9.0
446045,10.0
446055,10.0
446065,10.0
446074,9.0
446084,10.0
446093,9.0
446103,10.0
446113,10.0
446125,12.0
446134,9.0
446144,10.0
446154,10.0
446164,10.0
446174,10.0
446182,8.0
446191,9.0
446201,10.0
446211,10.0
446220,9.0
446231,11.0
446240,9.0
446249,9.0
446258,9.0
446268,10.0
446278,10.0
446290,12.0
446301,11.0
446312,11.0
446322,10.0
446333,11.0
446343,10.0
446352,9.0
446362,10.0
446372,10.0
446383,11.0
446394,11.0
446404,10.0
446414,10.0
446425,11.0
446436,11.0
446445,9.0
446454,9.0
446464,10.0
446476,12.0
446487,11.0
446499,12.0
446509,10.0
446519,10.0
446528,9.0
446538,10.0
446549,11.0
446561,12.0
446570,9.0
446580,10.0
446593,13.0
446603,10.0
446613,10.0
446625,12.0
446637,12.0
446647,10.0
446658,11.0
446670,12.0
446684,14.0
446697,13.0
446708,11.0
446720,12.0
446733,13.0
446747,14.0
446761,14.0
446777,16.0
446790,13.0
446805,15.0
446822,17.0
446838,16.0
446854,16.0
446869,15.0
446884,15.0
446903,19.0
446922,19.0
446935,13.0
446953,18.0
446991,38.0
447030,39.0
447113,83.0
447218,105.0
447326,108.0
447450,124.0
447577,127.0
447710,133.0
447839,129.0
447961,122.0
448091,130.0
448235,144.0
448396,161.0
448591,195.0
448816,225.0
449056,240.0
449556,500.0
449867,311.0
450367,500.0
450576,209.0
450694,118.0
450874,180.0
451013,139.0
451178,165.0
451362,184.0
451505,143.0
451674,169.0
451831,157.0
452023,192.0
452208,185.0
452383,175.0
452539,156.0
452689,150.0
452835,146.0
452987,152.0
453139,152.0
453317,178.0
453479,162.0
453655,176.0
453831,176.0
454004,173.0
454164,160.0
454175,11.0
454184,9.0
454194,10.0
454203,9.0
454213,10.0
454223,10.0
454234,11.0
454244,10.0
454258,14.0
454268,10.0
454280,12.0
454291,11.0
454301,10.0
454451,150.0
454463,12.0
454606,143.0
454750,144.0
454889,139.0
455031,142.0
455179,148.0
455322,143.0
455333,11.0
455477,144.0
455627,150.0
455784,157.0
455942,158.0
456110,168.0
456126,16.0
456312,186.0
456326,14.0
456549,223.0
456762,213.0
456959,197.0
457149,190.0
457330,181.0
457506,176.0
457678,172.0
457849,171.0
457861,12.0
458042,181.0
458242,200.0
458455,213.0
458666,211.0
458881,215.0
459116,235.0
459326,210.0
459521,195.0
459723,202.0
459922,199.0
460099,177.0
460311,212.0
460576,265.0
460808,232.0
461006,198.0
461212,206.0
461712,500.0
462212,500.0
462712,500.0
463212,500.0
463712,500.0
464212,500.0
464223,11.0
464461,238.0
464881,420.0
465381,500.0
465791,410.0
466291,500.0
466483,192.0
466698,215.0
466985,287.0
467210,225.0
467222,12.0
467362,140.0
467372,10.0
467382,10.0
467392,10.0
467402,10.0
467411,9.0
467419,8.0
467428,9.0
467440,12.0
467450,10.0
467459,9.0
467469,10.0
467479,10.0
467487,8.0
467496,9.0
467504,8.0
467514,10.0
467523,9.0
467532,9.0
467542,10.0
467552,10.0
467562,10.0
467572,10.0
467583,11.0
467591,8.0
467600,9.0
467610,10.0
467620,10.0
467630,10.0
467638,8.0
467647,9.0
467657,10.0
467667,10.0
467675,8.0
467683,8.0
467693,10.0
467702,9.0
467711,9.0
467721,10.0
467731,10.0
467743,12.0
467753,10.0
467763,10.0
467773,10.0
467781,8.0
467791,10.0
467802,11.0
467811,9.0
467819,8.0
467828,9.0
467839,11.0
467849,10.0
467857,8.0
467865,8.0
467874,9.0
467886,12.0
467897,11.0
467907,10.0
467915,8.0
467925,10.0
467934,9.0
467944,10.0
467953,9.0
467962,9.0
467972,10.0
467982,10.0
467991,9.0
468000,9.0
468009,9.0
468019,10.0
468029,10.0
468039,10.0
468049,10.0
468059,10.0
468068,9.0
468078,10.0
468087,9.0
468096,9.0
468106,10.0
468116,10.0
468126,10.0
468136,10.0
468145,9.0
468155,10.0
468165,10.0
468174,9.0
468183,9.0
468195,12.0
468203,8.0
468212,9.0
468223,11.0
468232,9.0
468242,10.0
468251,9.0
468261,10.0
468270,9.0
468279,9.0
468291,12.0
468302,11.0
468311,9.0
468322,11.0
468530,208.0
468864,334.0
469364,500.0
469864,500.0
470364,500.0
470864,500.0
471364,500.0
471864,500.0
472364,500.0
472536,172.0
472753,217.0
473061,308.0
473315,254.0
473541,226.0
473734,193.0
473931,197.0
474119,188.0
474311,192.0
474494,183.0
474649,155.0
474817,168.0
474986,169.0
475144,158.0
475284,140.0
475431,147.0
475568,137.0
475691,123.0
475825,134.0
475980,155.0
476116,136.0
476235,119.0
476348,113.0
476461,113.0
476578,117.0
476689,111.0
476701,12.0
476715,14.0
476724,9.0
476735,11.0
476847,112.0
476963,116.0
477099,136.0
477243,144.0
477395,152.0
477539,144.0
477688,149.0
477836,148.0
477983,147.0
478125,142.0
478281,156.0
478430,149.0
478587,157.0
478740,153.0
478896,156.0
479075,179.0
479273,198.0
479459,186.0
479650,191.0
479843,193.0
480048,205.0
480256,208.0
480457,201.0
480648,191.0
480835,187.0
481027,192.0
481258,231.0
481534,276.0
481772,238.0
482003,231.0
482272,269.0
482772,500.0
483272,500.0
483499,227.0
483663,164.0
483819,156.0
483985,166.0
484149,164.0
484324,175.0
484534,210.0
484738,204.0
484936,198.0
485197,261.0
485697,500.0
485708,11.0
485719,11.0
485728,9.0
485738,10.0
485747,9.0
485758,11.0
485766,8.0
485775,9.0
485785,10.0
485795,10.0
485804,9.0
485815,11.0
485824,9.0
485833,9.0
485842,9.0
485850,8.0
485859,9.0
485870,11.0
485881,11.0
485891,10.0
485899,8.0
485908,9.0
485918,10.0
485927,9.0
485937,10.0
485947,10.0
485959,12.0
485969,10.0
485979,10.0
485988,9.0
485998,10.0
486008,10.0
486018,10.0
486027,9.0
486038,11.0
486048,10.0
486057,9.0
486067,10.0
486077,10.0
486087,10.0
486098,11.0
486108,10.0
486118,10.0
486128,10.0
486138,10.0
486148,10.0
486158,10.0
486170,12.0
486180,10.0
486191,11.0
486206,15.0
486216,10.0
486648,432.0
487023,375.0
487523,500.0
488023,500.0
488523,500.0
489023,500.0
489340,317.0
489545,205.0
489789,244.0
489991,202.0
490161,170.0
490338,177.0
490521,183.0
490689,168.0
490859,170.0
491012,153.0
491205,193.0
491705,500.0
492205,500.0
492705,500.0
492756,51.0
492765,9.0
493134,369.0
493147,13.0
493386,239.0
493397,11.0
493410,13.0
493421,11.0
493431,10.0
493440,9.0
493448,8.0
493458,10.0
493467,9.0
493477,10.0
493487,10.0
493495,8.0
493504,9.0
493513,9.0
493523,10.0
493532,9.0
493542,10.0
493550,8.0
493560,10.0
493569,9.0
493577,8.0
493587,10.0
493597,10.0
493606,9.0
493616,10.0
493627,11.0
493636,9.0
493646,10.0
493656,10.0
493666,10.0
493678,12.0
493689,11.0
493700,11.0
493708,8.0
493717,9.0
493726,9.0
493736,10.0
493746,10.0
493755,9.0
493766,11.0
493776,10.0
493785,9.0
493795,10.0
493804,9.0
493813,9.0
493823,10.0
493833,10.0
493843,10.0
493853,10.0
493865,12.0
493875,10.0
493887,12.0
493898,11.0
493910,12.0
493920,10.0
493932,12.0
493949,17.0
494111,162.0
494221,110.0
494234,13.0
494247,13.0
494257,10.0
494266,9.0
494276,10.0
494286,10.0
494296,10.0
494308,12.0
494319,11.0
494331,12.0
494342,11.0
494351,9.0
494361,10.0
494372,11.0
494384,12.0
494400,16.0
494500,100.0
494593,93.0
494677,84.0
494690,13.0
494779,89.0
494866,87.0
494959,93.0
495053,94.0
495147,94.0
495250,103.0
495372,122.0
495503,131.0
495652,149.0
495855,203.0
496063,208.0
496563,500.0
497063,500.0
497563,500.0
498001,438.0
498119,118.0
498445,326.0
498620,175.0
498798,178.0
498971,173.0
499155,184.0
499308,153.0
499452,144.0
499590,138.0
499730,140.0
499870,140.0
500065,195.0
500272,207.0
500450,178.0
500631,181.0
500809,178.0
500992,183.0
501184,192.0
501330,146.0
501470,140.0
501613,143.0
501739,126.0
501868,129.0
501977,109.0
502093,116.0
502104,11.0
502115,11.0
502125,10.0
502136,11.0
502146,10.0
502156,10.0
502168,12.0
502179,11.0
502189,10.0
502199,10.0
502210,11.0
502221,11.0
502232,11.0
502243,11.0
502253,10.0
502264,11.0
502274,10.0
502285,11.0
502297,12.0
502308,11.0
502318,10.0
502409,91.0
502497,88.0
502569,72.0
502644,75.0
502723,79.0
502823,100.0
502927,104.0
503021,94.0
503131,110.0
503234,103.0
503339,105.0
503431,92.0
503528,97.0
503541,13.0
503556,15.0
503566,10.0
503576,10.0
503586,10.0
503596,10.0
503606,10.0
503616,10.0
503626,10.0
503636,10.0
503647,11.0
503659,12.0
503668,9.0
503678,10.0
503688,10.0
503700,12.0
503711,11.0
503721,10.0
503730,9.0
503741,11.0
503752,11.0
503768,16.0
503778,10.0
503790,12.0
503799,9.0
503901,102.0
503996,95.0
504097,101.0
504197,100.0
504298,101.0
504397,99.0
504415,18.0
504516,101.0
504528,12.0
504541,13.0
504634,93.0
504644,10.0
504741,97.0
504839,98.0
504940,101.0
505033,93.0
505132,99.0
505239,107.0
505336,97.0
505432,96.0
505531,99.0
505544,13.0
505644,100.0
505657,13.0
505766,109.0
505870,104.0
505982,112.0
506095,113.0
506219,124.0
506351,132.0
506510,159.0
506676,166.0
506846,170.0
507007,161.0
507196,189.0
507696,500.0
507895,199.0
508161,266.0
508450,289.0
508950,500.0
508961,11.0
508974,13.0
508984,10.0
508994,10.0
509003,9.0
509013,10.0
509023,10.0
509035,12.0
509045,10.0
509057,12.0
509068,11.0
509079,11.0
509093,14.0
509105,12.0
509116,11.0
509130,14.0
509630,500.0
510130,500.0
510630,500.0
511130,500.0
511630,500.0
512130,500.0
512630,500.0
513130,500.0
513630,500.0
514130,500.0
514630,500.0
515130,500.0
515385,255.0
515555,170.0
515670,115.0
515792,122.0
515937,145.0
516066,129.0
516203,137.0
516370,167.0
516618,248.0
517008,390.0
517125,117.0
517136,11.0
517148,12.0
517158,10.0
517168,10.0
517178,10.0
517188,10.0
517197,9.0
517208,11.0
517217,9.0
517226,9.0
517235,9.0
517244,9.0
517254,10.0
517265,11.0
517274,9.0
517284,10.0
517292,8.0
517301,9.0
517311,10.0
517319,8.0
517329,10.0
517338,9.0
517349,11.0
517358,9.0
517366,8.0
517376,10.0
517386,10.0
517395,9.0
517404,9.0
517414,10.0
517425,11.0
517437,12.0
517447,10.0
517455,8.0
517465,10.0
517475,10.0
517485,10.0
517494,9.0
517503,9.0
517513,10.0
517521,8.0
517530,9.0
517538,8.0
517549,11.0
517558,9.0
517567,9.0
517575,8.0
517585,10.0
517595,10.0
517604,9.0
517613,9.0
517622,9.0
517631,9.0
517641,10.0
517651,10.0
517660,9.0
517670,10.0
517680,10.0
517689,9.0
517699,10.0
517709,10.0
517719,10.0
517730,11.0
517738,8.0
517747,9.0
517757,10.0
517767,10.0
517776,9.0
517785,9.0
517796,11.0
517806,10.0
517816,10.0
517828,12.0
517838,10.0
517847,9.0
517857,10.0
517866,9.0
517874,8.0
517882,8.0
517891,9.0
517902,11.0
517912,10.0
517921,9.0
517931,10.0
517940,9.0
517950,10.0
517960,10.0
517970,10.0
517979,9.0
517988,9.0
517997,9.0
518007,10.0
518015,8.0
518025,10.0
518035,10.0
518044,9.0
518053,9.0
518063,10.0
518072,9.0
518082,10.0
518092,10.0
518101,9.0
518112,11.0
518123,11.0
518134,11.0
518144,10.0
518154,10.0
518165,11.0
518175,10.0
518185,10.0
518195,10.0
518205,10.0
518215,10.0
518225,10.0
518234,9.0
518243,9.0
518253,10.0
518262,9.0
518272,10.0
518281,9.0
518295,14.0
518304,9.0
518313,9.0
518323,10.0
518333,10.0
518342,9.0
518352,10.0
518362,10.0
518372,10.0
518381,9.0
518392,11.0
518403,11.0
518414,11.0
518424,10.0
518435,11.0
518445,10.0
518454,9.0
518464,10.0
518476,12.0
518487,11.0
518499,12.0
518511,12.0
518522,11.0
518656,134.0
518806,150.0
518944,138.0
519086,142.0
519243,157.0
519386,143.0
519504,118.0
519600,96.0
519694,94.0
519789,95.0
519886,97.0
519987,101.0
520080,93.0
520173,93.0
520268,95.0
520374,106.0
520483,109.0
520615,132.0
520755,140.0
520942,187.0
521116,174.0
521268,152.0
521390,122.0
521513,123.0
521635,122.0
521750,115.0
521868,118.0
521989,121.0
522130,141.0
522362,232.0
522728,366.0
523228,500.0
523405,177.0
523548,143.0
523676,128.0
523786,110.0
523909,123.0
524080,171.0
524402,322.0
524634,232.0
524846,212.0
525049,203.0
525288,239.0
525622,334.0
525861,239.0
526115,254.0
526615,500.0
526744,129.0
526866,122.0
527023,157.0
527164,141.0
527341,177.0
527662,321.0
527874,212.0
528045,171.0
528222,177.0
528419,197.0
528572,153.0
528583,11.0
528594,11.0
528604,10.0
528615,11.0
528625,10.0
528635,10.0
528645,10.0
528815,170.0
529035,220.0
529402,367.0
529602,200.0
529712,110.0
529816,104.0
529929,113.0
530035,106.0
530146,111.0
530276,130.0
530289,13.0
530411,122.0
530536,125.0
530661,125.0
530794,133.0
530918,124.0
531060,142.0
531203,143.0
531340,137.0
531475,135.0
531621,146.0
531752,131.0
531885,133.0
532024,139.0
532164,140.0
532664,500.0
532898,234.0
533285,387.0
533785,500.0
533929,144.0
534103,174.0
534603,500.0
535103,500.0
535268,165.0
535492,224.0
535992,500.0
536332,340.0
536347,15.0
536508,161.0
536679,171.0
536839,160.0
536988,149.0
537147,159.0
537347,200.0
537531,184.0
537731,200.0
537967,236.0
538156,189.0
538305,149.0
538453,148.0
538598,145.0
538754,156.0
538900,146.0
539037,137.0
539194,157.0
539337,143.0
539490,153.0
539649,159.0
539806,157.0
539964,158.0
540123,159.0
540359,236.0
540554,195.0
540791,237.0
541026,235.0
541373,347.0
541565,192.0
541717,152.0
541889,172.0
542050,161.0
542209,159.0
542459,250.0
542944,485.0
543444,500.0
543623,179.0
544123,500.0
544623,500.0
544822,199.0
545004,182.0
545367,363.0
545378,11.0
545518,140.0
545709,191.0
545887,178.0
546052,165.0
546185,133.0
546314,129.0
546432,118.0
546551,119.0
546676,125.0
546811,135.0
546953,142.0
547110,157.0
547288,178.0
547405,117.0
547531,126.0
547662,131.0
547797,135.0
547927,130.0
548151,224.0
548286,135.0
548415,129.0
548533,118.0
548677,144.0
548791,114.0
548902,111.0
549042,140.0
549175,133.0
549318,143.0
549449,131.0
549584,135.0
549829,245.0
550329,500.0
550727,398.0
550845,118.0
550958,113.0
551072,114.0
551194,122.0
551312,118.0
551440,128.0
551595,155.0
551730,135.0
551856,126.0
551997,141.0
552135,138.0
552345,210.0
552556,211.0
552718,162.0
552897,179.0
553077,180.0
553215,138.0
553353,138.0
553509,156.0
553655,146.0
553804,149.0
553941,137.0
554072,131.0
554084,12.0
554200,116.0
554329,129.0
554461,132.0
554591,130.0
554719,128.0
554859,140.0
554990,131.0
555127,137.0
555286,159.0
555442,156.0
555600,158.0
555761,161.0
555945,184.0
556134,189.0
556266,132.0
556415,149.0
556561,146.0
556690,129.0
556829,139.0
557007,178.0
557143,136.0
557278,135.0
557398,120.0
557546,148.0
557665,119.0
557810,145.0
557960,150.0
558100,140.0
558246,146.0
558441,195.0
558587,146.0
558832,245.0
559038,206.0
559187,149.0
559344,157.0
559488,144.0
559634,146.0
559764,130.0
559916,152.0
560148,232.0
560317,169.0
560468,151.0
560700,232.0
560873,173.0
561074,201.0
561284,210.0
561443,159.0
561577,134.0
561733,156.0
561951,218.0
562095,144.0
562215,120.0
562344,129.0
562467,123.0
562580,113.0
562703,123.0
562838,135.0
562953,115.0
563063,110.0
563165,102.0
563264,99.0
563277,13.0
563378,101.0
563489,111.0
563604,115.0
563716,112.0
563835,119.0
563949,114.0
564060,111.0
564161,101.0
564277,116.0
564383,106.0
564491,108.0
564601,110.0
564712,111.0
564812,100.0
564919,107.0
565021,102.0
565137,116.0
565265,128.0
565405,140.0
565545,140.0
565689,144.0
565835,146.0
565970,135.0
566144,174.0
566378,234.0
566616,238.0
566819,203.0
567019,200.0
567235,216.0
567414,179.0
567587,173.0
567736,149.0
567901,165.0
568085,184.0
568250,165.0
568393,143.0
568577,184.0
568707,130.0
568839,132.0
569130,291.0
569243,113.0
569381,138.0
569490,109.0
569616,126.0
570043,427.0
570232,189.0
570732,500.0
570869,137.0
571011,142.0
571152,141.0
571264,112.0
571370,106.0
571486,116.0
571597,111.0
571712,115.0
571816,104.0
571930,114.0
572038,108.0
572146,108.0
572252,106.0
572368,116.0
572502,134.0
572632,130.0
572750,118.0
572856,106.0
572965,109.0
573079,114.0
573250,171.0
573472,222.0
573687,215.0
573922,235.0
574146,224.0
574162,16.0
574317,155.0
574505,188.0
575005,500.0
575150,145.0
575292,142.0
575464,172.0
575632,168.0
575788,156.0
575986,198.0
576155,169.0
576311,156.0
576486,175.0
576654,168.0
576824,170.0
576962,138.0
577116,154.0
577257,141.0
577386,129.0
577505,119.0
577642,137.0
577793,151.0
577941,148.0
578078,137.0
578203,125.0
578327,124.0
578442,115.0
578545,103.0
578642,97.0
578750,108.0
578864,114.0
578965,101.0
579045,80.0
579058,13.0
579146,88.0
579244,98.0
579340,96.0
579384,44.0
579396,12.0
579406,10.0
579415,9.0
579426,11.0
579437,11.0
579449,12.0
579536,87.0
579634,98.0
579737,103.0
579828,91.0
579840,12.0
579931,91.0
580021,90.0
580114,93.0
580214,100.0
580318,104.0
580409,91.0
580503,94.0
580600,97.0
580695,95.0
580793,98.0
580896,103.0
580998,102.0
581095,97.0
581199,104.0
581297,98.0
581393,96.0
581477,84.0
581554,77.0
581628,74.0
581702,74.0
581772,70.0
581847,75.0
581930,83.0
582008,78.0
582084,76.0
582157,73.0
582225,68.0
582288,63.0
582362,74.0
582435,73.0
582488,53.0
582589,101.0
582666,77.0
582771,105.0
582872,101.0
582970,98.0
583065,95.0
583171,106.0
583271,100.0
583377,106.0
583477,100.0
583581,104.0
583682,101.0
583796,114.0
583908,112.0
584011,103.0
584129,118.0
584262,133.0
584407,145.0
584545,138.0
584684,139.0
584834,150.0
584978,144.0
585156,178.0
585317,161.0
585465,148.0
585641,176.0
586141,500.0
586294,153.0
586436,142.0
586561,125.0
586680,119.0
586812,132.0
586934,122.0
587062,128.0
587189,127.0
587328,139.0
587461,133.0
587604,143.0
587743,139.0
587865,122.0
587986,121.0
588086,100.0
588180,94.0
588318,138.0
588444,126.0
588545,101.0
588645,100.0
588727,82.0
588866,139.0
589000,134.0
589104,104.0
589604,500.0
590104,500.0
590604,500.0
590618,14.0
591118,500.0
591128,10.0
591138,10.0
591148,10.0
591158,10.0
591167,9.0
591177,10.0
591185,8.0
591194,9.0
591205,11.0
591215,10.0
591224,9.0
591234,10.0
591244,10.0
591256,12.0
591267,11.0
591276,9.0
591287,11.0
591297,10.0
591306,9.0
591316,10.0
591326,10.0
591337,11.0
591347,10.0
591359,12.0
591368,9.0
591380,12.0
591389,9.0
591398,9.0
591408,10.0
591418,10.0
591432,14.0
591441,9.0
591451,10.0
591462,11.0
591472,10.0
591482,10.0
591495,13.0
591507,12.0
591519,12.0
591530,11.0
591540,10.0
591550,10.0
591559,9.0
592059,500.0
592069,10.0
592080,11.0
592093,13.0
592102,9.0
592113,11.0
592124,11.0
592133,9.0
592146,13.0
592157,11.0
592167,10.0
592178,11.0
592192,14.0
592203,11.0
592214,11.0
592225,11.0
592235,10.0
592245,10.0
592255,10.0
592266,11.0
592277,11.0
592288,11.0
592297,9.0
592307,10.0
592318,11.0
592329,11.0
592340,11.0
592350,10.0
592362,12.0
592374,12.0
592384,10.0
592398,14.0
592410,12.0
592420,10.0
592431,11.0
592442,11.0
592905,463.0
593086,181.0
593226,140.0
593341,115.0
593352,11.0
593362,10.0
593373,11.0
593384,11.0
593394,10.0
593405,11.0
593416,11.0
593427,11.0
593438,11.0
593449,11.0
593461,12.0
593471,10.0
593582,111.0
593594,12.0
593706,112.0
593717,11.0
593729,12.0
593842,113.0
593952,110.0
594066,114.0
594177,111.0
594288,111.0
594386,98.0
594489,103.0
594588,99.0
594688,100.0
594788,100.0
594800,12.0
594901,101.0
594998,97.0
595009,11.0
595116,107.0
595128,12.0
595227,99.0
595332,105.0
595342,10.0
595458,116.0
595572,114.0
595695,123.0
595706,11.0
595842,136.0
595978,136.0
595989,11.0
596124,135.0
596138,14.0
596312,174.0
596513,201.0
596735,222.0
596951,216.0
597153,202.0
597342,189.0
597512,170.0
597683,171.0
597853,170.0
598010,157.0
598182,172.0
598365,183.0
598558,193.0
598735,177.0
598920,185.0
599126,206.0
599333,207.0
599525,192.0
599709,184.0
599885,176.0
600062,177.0
600277,215.0
600514,237.0
600733,219.0
600936,203.0
601124,188.0
601287,163.0
601441,154.0
601627,186.0
601833,206.0
602076,243.0
602310,234.0
602810,500.0
603291,481.0
603424,133.0
603754,330.0
604000,246.0
604444,444.0
604572,128.0
604742,170.0
604881,139.0
605381,500.0
605525,144.0
605731,206.0
606067,336.0
606160,93.0
606243,83.0
606326,83.0
606405,79.0
606905,500.0
607405,500.0
607905,500.0
608405,500.0
608512,107.0
608624,112.0
608777,153.0
608915,138.0
609048,133.0
609165,117.0
609305,140.0
609457,152.0
609617,160.0
609783,166.0
609956,173.0
610105,149.0
610243,138.0
610377,134.0
610519,142.0
610682,163.0
611182,500.0
611646,464.0
611773,127.0
611897,124.0
612028,131.0
612176,148.0
612309,133.0
612420,111.0
612544,124.0
612659,115.0
612778,119.0
612881,103.0
612973,92.0
613079,106.0
613188,109.0
613318,130.0
613441,123.0
613604,163.0
613771,167.0
614089,318.0
614226,137.0
614341,115.0
614457,116.0
614575,118.0
614691,116.0
614815,124.0
614918,103.0
615026,108.0
615128,102.0
615233,105.0
615242,9.0
615334,92.0
615349,15.0
615441,92.0
615537,96.0
615621,84.0
615686,65.0
615773,87.0
615856,83.0
615945,89.0
616034,89.0
616122,88.0
616206,84.0
616287,81.0
616373,86.0
616473,100.0
616558,85.0
616646,88.0
616733,87.0
616833,100.0
616920,87.0
617008,88.0
617097,89.0
617189,92.0
617282,93.0
617298,16.0
617389,91.0
617478,89.0
617493,15.0
617508,15.0
617610,102.0
617704,94.0
617793,89.0
617805,12.0
617892,87.0
617993,101.0
618097,104.0
618115,18.0
618225,110.0
618350,125.0
618452,102.0
618571,119.0
618680,109.0
618793,113.0
618807,14.0
618913,106.0
619032,119.0
619139,107.0
619254,115.0
619368,114.0
619481,113.0
619601,120.0
619714,113.0
619832,118.0
619948,116.0
620060,112.0
620194,134.0
620313,119.0
620435,122.0
620550,115.0
620675,125.0
620797,122.0
620925,128.0
621052,127.0
621185,133.0
621327,142.0
621456,129.0
621568,112.0
621690,122.0
621811,121.0
621954,143.0
622454,500.0
622954,500.0
623454,500.0
623769,315.0
623909,140.0
623920,11.0
624058,138.0
624172,114.0
624182,10.0
624194,12.0
624205,11.0
624215,10.0
624224,9.0
624234,10.0
624244,10.0
624255,11.0
624265,10.0
624276,11.0
624287,11.0
624298,11.0
624397,99.0
624408,11.0
624528,120.0
624543,15.0
624657,114.0
624777,120.0
624788,11.0
624798,10.0
624809,11.0
624820,11.0
624830,10.0
624841,11.0
624949,108.0
624961,12.0
624973,12.0
625100,127.0
625231,131.0
625375,144.0
625527,152.0
625538,11.0
625550,12.0
625561,11.0
625572,11.0
625584,12.0
625733,149.0
625743,10.0
625906,163.0
625918,12.0
625930,12.0
626107,177.0
626298,191.0
626491,193.0
626680,189.0
626870,190.0
627061,191.0
627073,12.0
627361,288.0
627458,97.0
627582,124.0
627682,100.0
627816,134.0
627956,140.0
628086,130.0
628229,143.0
628385,156.0
628520,135.0
628664,144.0
628777,113.0
628895,118.0
629035,140.0
629177,142.0
629351,174.0
629520,169.0
629706,186.0
630206,500.0
630408,202.0
630572,164.0
630707,135.0
630838,131.0
630976,138.0
631111,135.0
631241,130.0
631370,129.0
631502,132.0
631632,130.0
631775,143.0
631918,143.0
632049,131.0
632437,388.0
632657,220.0
632828,171.0
633025,197.0
633187,162.0
633337,150.0
633475,138.0
633633,158.0
633786,153.0
633929,143.0
634109,180.0
634426,317.0
634558,132.0
634688,130.0
634824,136.0
635202,378.0
635332,130.0
635447,115.0
635569,122.0
635710,141.0
635830,120.0
635954,124.0
636076,122.0
636201,125.0
636339,138.0
636839,500.0
637085,246.0
637585,500.0
637735,150.0
637904,169.0
638052,148.0
638352,300.0
638852,500.0
639352,500.0
639852,500.0
640022,170.0
640517,495.0
640633,116.0
640748,115.0
640859,111.0
640983,124.0
641093,110.0
641104,11.0
641117,13.0
641127,10.0
641137,10.0
641146,9.0
641156,10.0
641166,10.0
641176,10.0
641185,9.0
641195,10.0
641206,11.0
641215,9.0
641226,11.0
641236,10.0
641246,10.0
641256,10.0
641267,11.0
641278,11.0
641290,12.0
641302,12.0
641314,12.0
641419,105.0
641530,111.0
641644,114.0
641756,112.0
641870,114.0
641999,129.0
642145,146.0
642327,182.0
642541,214.0
642799,258.0
643168,369.0
643441,273.0
643746,305.0
643884,138.0
644006,122.0
644137,131.0
644253,116.0
644377,124.0
644502,125.0
644606,104.0
644719,113.0
644837,118.0
644948,111.0
645077,129.0
645188,111.0
645305,117.0
645427,122.0
645561,134.0
645685,124.0
645812,127.0
645930,118.0
646050,120.0
646173,123.0
646291,118.0
646426,135.0
646567,141.0
646694,127.0
646815,121.0
646968,153.0
647097,129.0
647200,103.0
647326,126.0
647460,134.0
647470,10.0
647581,111.0
647713,132.0
647855,142.0
648014,159.0
648175,161.0
648359,184.0
648523,164.0
648692,169.0
648862,170.0
649025,163.0
649196,171.0
649341,145.0
649503,162.0
649632,129.0
649791,159.0
649936,145.0
650080,144.0
650211,131.0
650353,142.0
650481,128.0
650618,137.0
650747,129.0
650883,136.0
651005,122.0
651121,116.0
651224,103.0
651324,100.0
651410,86.0
651503,93.0
651605,102.0
651735,130.0
652021,286.0
652250,229.0
652358,108.0
652456,98.0
652559,103.0
652664,105.0
652887,223.0
653020,133.0
653121,101.0
653230,109.0
653242,12.0
653340,98.0
653445,105.0
653543,98.0
653664,121.0
653783,119.0
653902,119.0
654040,138.0
654173,133.0
654316,143.0
654327,11.0
654337,10.0
654349,12.0
654360,11.0
654372,12.0
654382,10.0
654393,11.0
654405,12.0
654418,13.0
654430,12.0
654552,122.0
654561,9.0
654573,12.0
654712,139.0
654726,14.0
654865,139.0
655013,148.0
655152,139.0
655289,137.0
655418,129.0
655555,137.0
655685,130.0
655814,129.0
655939,125.0
655952,13.0
655965,13.0
655976,11.0
656096,120.0
656110,14.0
656234,124.0
656357,123.0
656368,11.0
656379,11.0
656499,120.0
656616,117.0
656731,115.0
656742,11.0
656859,117.0
656970,111.0
656979,9.0
657107,128.0
657228,121.0
657358,130.0
657483,125.0
657621,138.0
657761,140.0
657906,145.0
658058,152.0
658202,144.0
658337,135.0
658464,127.0
658590,126.0
658727,137.0
658867,140.0
659008,141.0
659144,136.0
659300,156.0
659451,151.0
659618,167.0
659813,195.0
660059,246.0
660299,240.0
660781,482.0
660956,175.0
661456,500.0
661956,500.0
662456,500.0
662466,10.0
662475,9.0
662485,10.0
662495,10.0
662503,8.0
662511,8.0
662521,10.0
662529,8.0
662537,8.0
662547,10.0
662559,12.0
662569,10.0
662579,10.0
662589,10.0
662599,10.0
662608,9.0
662618,10.0
662629,11.0
662639,10.0
662648,9.0
662658,10.0
662668,10.0
662680,12.0
662689,9.0
662698,9.0
662708,10.0
662717,9.0
662726,9.0
662736,10.0
662746,10.0
662756,10.0
662766,10.0
662776,10.0
662786,10.0
662795,9.0
662804,9.0
662814,10.0
662824,10.0
662836,12.0
662846,10.0
662856,10.0
662866,10.0
662875,9.0
662885,10.0
662894,9.0
662903,9.0
662915,12.0
662924,9.0
662934,10.0
662943,9.0
662951,8.0
662961,10.0
662971,10.0
662981,10.0
662993,12.0
663002,9.0
663011,9.0
663021,10.0
663031,10.0
663041,10.0
663049,8.0
663059,10.0
663069,10.0
663078,9.0
663088,10.0
663097,9.0
663106,9.0
663117,11.0
663127,10.0
663140,13.0
663149,9.0
663158,9.0
663168,10.0
663177,9.0
663185,8.0
663194,9.0
663203,9.0
663212,9.0
663221,9.0
663229,8.0
663239,10.0
663249,10.0
663259,10.0
663270,11.0
663279,9.0
663287,8.0
663296,9.0
663306,10.0
663314,8.0
663323,9.0
663333,10.0
663343,10.0
663352,9.0
663362,10.0
663371,9.0
663383,12.0
663394,11.0
663403,9.0
663414,11.0
663424,10.0
663434,10.0
663444,10.0
663452,8.0
663462,10.0
663473,11.0
663483,10.0
663493,10.0
663503,10.0
663512,9.0
663522,10.0
663532,10.0
663541,9.0
663551,10.0
663561,10.0
663570,9.0
663581,11.0
663592,11.0
663601,9.0
663611,10.0
663620,9.0
663630,10.0
663641,11.0
663652,11.0
663663,11.0
663674,11.0
663685,11.0
663696,11.0
663707,11.0
663718,11.0
663732,14.0
663743,11.0
663754,11.0
663766,12.0
664266,500.0
664766,500.0
664778,12.0
664788,10.0
664799,11.0
664809,10.0
664819,10.0
664828,9.0
665032,204.0
665043,11.0
665056,13.0
665244,188.0
665256,12.0
665268,12.0
665451,183.0
665689,238.0
665892,203.0
666119,227.0
666619,500.0
667119,500.0
667498,379.0
667593,95.0
667729,136.0
667842,113.0
667957,115.0
668078,121.0
668189,111.0
668303,114.0
668391,88.0
668479,88.0
668555,76.0
668642,87.0
668711,69.0
668790,79.0
668865,75.0
668949,84.0
669040,91.0
669127,87.0
669627,500.0
669790,163.0
670290,500.0
670541,251.0
670667,126.0
670825,158.0
671023,198.0
671190,167.0
671337,147.0
671474,137.0
671632,158.0
671774,142.0
671912,138.0
672036,124.0
672327,291.0
672337,10.0
672474,137.0
672484,10.0
672499,15.0
672629,130.0
672756,127.0
672880,124.0
672893,13.0
672904,11.0
673025,121.0
673038,13.0
673183,145.0
673321,138.0
673460,139.0
673607,147.0
673742,135.0
673881,139.0
673893,12.0
673904,11.0
674043,139.0
674190,147.0
674332,142.0
674476,144.0
674614,138.0
674753,139.0
674897,144.0
675042,145.0
675204,162.0
675375,171.0
675560,185.0
675732,172.0
675909,177.0
676100,191.0
676275,175.0
676441,166.0
676629,188.0
676798,169.0
676991,193.0
677181,190.0
677388,207.0
677611,223.0
677837,226.0
678051,214.0
678551,500.0
678569,18.0
678781,212.0
679033,252.0
679533,500.0
680033,500.0
680533,500.0
681033,500.0
681327,294.0
681409,82.0
681492,83.0
681637,145.0
681771,134.0
681894,123.0
682015,121.0
682173,158.0
682673,500.0
683173,500.0
683186,13.0
683580,394.0
684080,500.0
684535,455.0
684996,461.0
685496,500.0
685759,263.0
685771,12.0
686108,337.0
686296,188.0
686415,119.0
686533,118.0
686646,113.0
686778,132.0
686885,107.0
686994,109.0
687094,100.0
687209,115.0
687319,110.0
687431,112.0
687541,110.0
687649,108.0
687659,10.0
687770,111.0
687882,112.0
687983,101.0
688095,112.0
688199,104.0
688326,127.0
688449,123.0
688573,124.0
688694,121.0
688826,132.0
688974,148.0
689115,141.0
689260,145.0
689413,153.0
689580,167.0
689758,178.0
689986,228.0
690215,229.0
690377,162.0
690550,173.0
690711,161.0
690898,187.0
691073,175.0
691285,212.0
691472,187.0
691747,275.0
691926,179.0
692127,201.0
692436,309.0
692660,224.0
692870,210.0
693153,283.0
693373,220.0
693599,226.0
693803,204.0
694002,199.0
694201,199.0
694345,144.0
694542,197.0
694712,170.0
694723,11.0
694733,10.0
694743,10.0
694753,10.0
694762,9.0
694771,9.0
694780,9.0
694790,10.0
694801,11.0
694811,10.0
694820,9.0
694830,10.0
694841,11.0
694852,11.0
694860,8.0
694870,10.0
694880,10.0
694888,8.0
694898,10.0
694907,9.0
694919,12.0
694929,10.0
694940,11.0
694950,10.0
694961,11.0
694973,12.0
694983,10.0
694992,9.0
695001,9.0
695011,10.0
695023,12.0
695197,174.0
695378,181.0
695390,12.0
695587,197.0
695988,401.0
696263,275.0
696650,387.0
697150,500.0
697287,137.0
697423,136.0
697622,199.0
697777,155.0
698114,337.0
698614,500.0
699091,477.0
699562,471.0
699727,165.0
700227,500.0
700408,181.0
700702,294.0
700840,138.0
701001,161.0
701261,260.0
701454,193.0
701646,192.0
701656,10.0
701666,10.0
701924,258.0
702123,199.0
702316,193.0
702549,233.0
703049,500.0
703246,197.0
703746,500.0
704246,500.0
704424,178.0
704569,145.0
704719,150.0
704865,146.0
705012,147.0
705206,194.0
705419,213.0
705606,187.0
705815,209.0
706013,198.0
706513,500.0
706669,156.0
706845,176.0
707054,209.0
707264,210.0
707440,176.0
707612,172.0
707785,173.0
707933,148.0
708090,157.0
708250,160.0
708587,337.0
708725,138.0
708866,141.0
709020,154.0
709190,170.0
709307,117.0
709442,135.0
709544,102.0
709645,101.0
709736,91.0
709825,89.0
709923,98.0
710021,98.0
710123,102.0
710259,136.0
710448,189.0
710948,500.0
711139,191.0
711334,195.0
711450,116.0
711587,137.0
711718,131.0
711845,127.0
711961,116.0
711971,10.0
711981,10.0
711989,8.0
711998,9.0
712009,11.0
712019,10.0
712032,13.0
712042,10.0
712051,9.0
712060,9.0
712071,11.0
712081,10.0
712091,10.0
712100,9.0
712110,10.0
712120,10.0
712130,10.0
712140,10.0
712150,10.0
712160,10.0
712169,9.0
712183,14.0
712195,12.0
712206,11.0
712219,13.0
712231,12.0
712243,12.0
712254,11.0
712266,12.0
712277,11.0
712289,12.0
712300,11.0
712419,119.0
712582,163.0
713082,500.0
713582,500.0
714082,500.0
714582,500.0
715082,500.0
715582,500.0
715839,257.0
716025,186.0
716204,179.0
716402,198.0
716630,228.0
717130,500.0
717630,500.0
717862,232.0
718105,243.0
718413,308.0
718913,500.0
718925,12.0
718936,11.0
718947,11.0
718959,12.0
718970,11.0
718981,11.0
718991,10.0
719137,146.0
719148,11.0
719421,273.0
719683,262.0
719946,263.0
720204,258.0
720477,273.0
720766,289.0
721082,316.0
721582,500.0
721718,136.0
721876,158.0
722020,144.0
722165,145.0
722346,181.0
722506,160.0
722684,178.0
722898,214.0
723063,165.0
723274,211.0
723551,277.0
723862,311.0
724041,179.0
724327,286.0
724509,182.0
725009,500.0
725253,244.0
725465,212.0
725655,190.0
725857,202.0
726332,475.0
726832,500.0
727095,263.0
727595,500.0
728095,500.0
728595,500.0
728607,12.0
729107,500.0
729607,500.0
730107,500.0
730607,500.0
730787,180.0
730936,149.0
731155,219.0
731289,134.0
731426,137.0
731554,128.0
731686,132.0
731811,125.0
732007,196.0
732145,138.0
732277,132.0
732403,126.0
732525,122.0
732650,125.0
732797,147.0
732954,157.0
733117,163.0
733349,232.0
733500,151.0
733641,141.0
733825,184.0
734011,186.0
734156,145.0
734323,167.0
734466,143.0
734614,148.0
734770,156.0
734921,151.0
735083,162.0
735232,149.0
735377,145.0
735502,125.0
735640,138.0
735767,127.0
735906,139.0
736043,137.0
736167,124.0
736297,130.0
736422,125.0
736435,13.0
736450,15.0
736572,122.0
736691,119.0
736811,120.0
736934,123.0
737069,135.0
737210,141.0
737332,122.0
737459,127.0
737578,119.0
737698,120.0
737815,117.0
737931,116.0
737944,13.0
738066,122.0
738079,13.0
738206,127.0
738351,145.0
738487,136.0
738631,144.0
738766,135.0
738903,137.0
739048,145.0
739197,149.0
739346,149.0
739548,202.0
739814,266.0
739869,55.0
739922,53.0
739995,73.0
740115,120.0
740241,126.0
740484,243.0
740497,13.0
740623,126.0
740744,121.0
740756,12.0
740881,125.0
740993,112.0
741116,123.0
741225,109.0
741333,108.0
741441,108.0
741552,111.0
741664,112.0
741771,107.0
741883,112.0
741988,105.0
742092,104.0
742194,102.0
742298,104.0
742404,106.0
742504,100.0
742609,105.0
742715,106.0
742809,94.0
742919,110.0
743049,130.0
743170,121.0
743298,128.0
743423,125.0
743535,112.0
743653,118.0
743766,113.0
743882,116.0
744008,126.0
744146,138.0
744331,185.0
744554,223.0
744753,199.0
744904,151.0
745033,129.0
745211,178.0
745543,332.0
745707,164.0
745862,155.0
746002,140.0
746118,116.0
746220,102.0
746319,99.0
746419,100.0
746519,100.0
746620,101.0
746720,100.0
746831,111.0
746929,98.0
747031,102.0
747127,96.0
747233,106.0
747331,98.0
747347,16.0
747359,12.0
747371,12.0
747383,12.0
747393,10.0
747405,12.0
747417,12.0
747428,11.0
747441,13.0
747536,95.0
747635,99.0
747740,105.0
747828,88.0
747930,102.0
748033,103.0
748132,99.0
748233,101.0
748326,93.0
748420,94.0
748519,99.0
748620,101.0
748721,101.0
748822,101.0
748910,88.0
748921,11.0
748935,14.0
749037,102.0
749135,98.0
749230,95.0
749332,102.0
749435,103.0
749535,100.0
749636,101.0
749733,97.0
749829,96.0
749925,96.0
750023,98.0
750037,14.0
750134,97.0
750233,99.0
750335,102.0
750436,101.0
750540,104.0
750644,104.0
750751,107.0
750856,105.0
750965,109.0
751076,111.0
751186,110.0
751292,106.0
751400,108.0
751508,108.0
751615,107.0
751698,83.0
751795,97.0
751896,101.0
751999,103.0
752094,95.0
752110,16.0
752125,15.0
752140,15.0
752152,12.0
752240,88.0
752329,89.0
752421,92.0
752510,89.0
752599,89.0
752683,84.0
752772,89.0
752787,15.0
752880,93.0
752897,17.0
752994,97.0
753079,85.0
753092,13.0
753180,88.0
753266,86.0
753349,83.0
753430,81.0
753517,87.0
753600,83.0
753679,79.0
753761,82.0
753851,90.0
753936,85.0
754024,88.0
754035,11.0
754109,74.0
754207,98.0
754218,11.0
754327,109.0
754436,109.0
754544,108.0
754655,111.0
754766,111.0
754870,104.0
754977,107.0
755080,103.0
755185,105.0
755286,101.0
755384,98.0
755483,99.0
755581,98.0
755590,9.0
755697,107.0
755822,125.0
755934,112.0
756054,120.0
756167,113.0
756272,105.0
756372,100.0
756451,79.0
756536,85.0
756619,83.0
756677,58.0
756754,77.0
756849,95.0
756954,105.0
757028,74.0
757170,142.0
757379,209.0
757493,114.0
757627,134.0
757793,166.0
757913,120.0
758053,140.0
758229,176.0
758366,137.0
758496,130.0
758636,140.0
758772,136.0
758910,138.0
759055,145.0
759225,170.0
759492,267.0
759641,149.0
759824,183.0
759984,160.0
760213,229.0
760343,130.0
760476,133.0
760592,116.0
760712,120.0
760827,115.0
760928,101.0
761034,106.0
761141,107.0
761264,123.0
761387,123.0
761504,117.0
761614,110.0
761729,115.0
761841,112.0
761981,140.0
762095,114.0
762198,103.0
762312,114.0
762418,106.0
762520,102.0
762615,95.0
762633,18.0
762728,95.0
762821,93.0
762915,94.0
763008,93.0
763084,76.0
763175,91.0
763276,101.0
763385,109.0
763495,110.0
763618,123.0
763734,116.0
763862,128.0
763995,133.0
764161,166.0
764320,159.0
764476,156.0
764632,156.0
764762,130.0
764889,127.0
765016,127.0
765180,164.0
765415,235.0
765428,13.0
765436,8.0
765448,12.0
765458,10.0
765468,10.0
765478,10.0
765487,9.0
765496,9.0
765506,10.0
765515,9.0
765525,10.0
765535,10.0
765545,10.0
765554,9.0
765564,10.0
765573,9.0
765583,10.0
765592,9.0
765602,10.0
765613,11.0
765622,9.0
765631,9.0
765641,10.0
765650,9.0
765659,9.0
765668,9.0
765676,8.0
765685,9.0
765695,10.0
765705,10.0
765713,8.0
765726,13.0
765735,9.0
765744,9.0
765756,12.0
765766,10.0
765778,12.0
765787,9.0
765797,10.0
765808,11.0
765816,8.0
765826,10.0
765835,9.0
765845,10.0
765854,9.0
765864,10.0
765874,10.0
765883,9.0
765893,10.0
765903,10.0
765912,9.0
765921,9.0
765932,11.0
765943,11.0
765952,9.0
765961,9.0
765970,9.0
765979,9.0
765988,9.0
765998,10.0
766006,8.0
766015,9.0
766028,13.0
766038,10.0
766047,9.0
766056,9.0
766066,10.0
766075,9.0
766085,10.0
766095,10.0
766107,12.0
766117,10.0
766127,10.0
766137,10.0
766146,9.0
766155,9.0
766166,11.0
766181,15.0
766189,8.0
766199,10.0
766209,10.0
766218,9.0
766227,9.0
766237,10.0
766246,9.0
766255,9.0
766264,9.0
766274,10.0
766285,11.0
766296,11.0
766305,9.0
766315,10.0
766326,11.0
766335,9.0
766346,11.0
766355,9.0
766366,11.0
766375,9.0
766386,11.0
766395,9.0
766406,11.0
766417,11.0
766427,10.0
766440,13.0
766451,11.0
766461,10.0
766470,9.0
766479,9.0
766488,9.0
766499,11.0
766510,11.0
766520,10.0
766530,10.0
766541,11.0
766552,11.0
766563,11.0
766574,11.0
766585,11.0
766597,12.0
766607,10.0
766616,9.0
766627,11.0
766641,14.0
766652,11.0
766759,107.0
766772,13.0
766882,110.0
766987,105.0
767093,106.0
767104,11.0
767117,13.0
767225,108.0
767337,112.0
767442,105.0
767544,102.0
767657,113.0
767759,102.0
767859,100.0
767963,104.0
768067,104.0
768168,101.0
768270,102.0
768378,108.0
768493,115.0
768607,114.0
768727,120.0
768850,123.0
768971,121.0
769088,117.0
769238,150.0
769446,208.0
769946,500.0
770079,133.0
770579,500.0
771079,500.0
771480,401.0
771496,16.0
771689,193.0
771703,14.0
771943,240.0
772443,500.0
772943,500.0
773405,462.0
773530,125.0
773657,127.0
773796,139.0
773919,123.0
774093,174.0
774215,122.0
774330,115.0
774437,107.0
774507,70.0
774614,107.0
774727,113.0
774809,82.0
774896,87.0
774980,84.0
774992,12.0
775093,101.0
775232,139.0
775401,169.0
775687,286.0
776133,446.0
776633,500.0
777133,500.0
777380,247.0
777670,290.0
777845,175.0
778034,189.0
778534,500.0
778689,155.0
779055,366.0
779555,500.0
780055,500.0
780555,500.0
781055,500.0
781323,268.0
781466,143.0
781599,133.0
781759,160.0
781910,151.0
782062,152.0
782289,227.0
782789,500.0
783289,500.0
783789,500.0
783921,132.0
784023,102.0
784038,15.0
784051,13.0
784062,11.0
784075,13.0
784087,12.0
784099,12.0
784110,11.0
784121,11.0
784133,12.0
784146,13.0
784157,11.0
784167,10.0
784180,13.0
784193,13.0
784205,12.0
784218,13.0
784230,12.0
784243,13.0
784255,12.0
784265,10.0
784278,13.0
784290,12.0
784302,12.0
784313,11.0
784325,12.0
784336,11.0
784349,13.0
784363,14.0
784374,11.0
784389,15.0
784401,12.0
784412,11.0
784424,12.0
784435,11.0
784449,14.0
784462,13.0
784477,15.0
784492,15.0
784508,16.0
784522,14.0
784536,14.0
784549,13.0
784561,12.0
784574,13.0
784590,16.0
784606,16.0
784619,13.0
784635,16.0
784649,14.0
784663,14.0
784678,15.0
784691,13.0
784702,11.0
784714,12.0
784725,11.0
784737,12.0
784747,10.0
784760,13.0
784773,13.0
784786,13.0
784799,13.0
784812,13.0
784826,14.0
784842,16.0
784858,16.0
784874,16.0
784886,12.0
784899,13.0
784913,14.0
784929,16.0
784945,16.0
784961,16.0
784976,15.0
784993,17.0
785009,16.0
785028,19.0
785044,16.0
785066,22.0
785086,20.0
785104,18.0
785123,19.0
785219,96.0
785308,89.0
785395,87.0
785467,72.0
785537,70.0
785610,73.0
785680,70.0
785761,81.0
785851,90.0
785932,81.0
786007,75.0
786081,74.0
786155,74.0
786229,74.0
786297,68.0
786373,76.0
786453,80.0
786533,80.0
786609,76.0
786686,77.0
786762,76.0
786844,82.0
786919,75.0
787005,86.0
787094,89.0
787187,93.0
787285,98.0
787397,112.0
787513,116.0
787634,121.0
787753,119.0
787876,123.0
787995,119.0
788116,121.0
788131,15.0
788242,111.0
788349,107.0
788364,15.0
788375,11.0
788389,14.0
788404,15.0
788513,109.0
788630,117.0
788750,120.0
788871,121.0
788986,115.0
789105,119.0
789232,127.0
789358,126.0
789487,129.0
789616,129.0
789757,141.0
789901,144.0
790060,159.0
790320,260.0
790534,214.0
790653,119.0
790769,116.0
790882,113.0
790991,109.0
791098,107.0
791200,102.0
791212,12.0
791311,99.0
791415,104.0
791528,113.0
791627,99.0
791731,104.0
791835,104.0
791938,103.0
792042,104.0
792149,107.0
792256,107.0
792359,103.0
792373,14.0
792481,108.0
792598,117.0
792717,119.0
792732,15.0
792857,125.0
792987,130.0
793116,129.0
793243,127.0
793375,132.0
793512,137.0
793654,142.0
793805,151.0
793944,139.0
794089,145.0
794238,149.0
794397,159.0
794552,155.0
794716,164.0
794861,145.0
795029,168.0
795225,196.0
795420,195.0
795622,202.0
795818,196.0
796014,196.0
796514,500.0
797014,500.0
797186,172.0
797303,117.0
797803,500.0
798303,500.0
798803,500.0
799303,500.0
799803,500.0
800303,500.0
800539,236.0
800726,187.0
800922,196.0
801102,180.0
801241,139.0
801381,140.0
801395,14.0
801522,127.0
801674,152.0
801814,140.0
801979,165.0
802147,168.0
802450,303.0
802950,500.0
803450,500.0
803917,467.0
803973,56.0
804013,40.0
804513,500.0
804838,325.0
804899,61.0
804976,77.0
805066,90.0
805078,12.0
805173,95.0
805189,16.0
805275,86.0
805351,76.0
805415,64.0
805490,75.0
805573,83.0
805649,76.0
805719,70.0
805799,80.0
805872,73.0
805952,80.0
806031,79.0
806115,84.0
806191,76.0
806273,82.0
806351,78.0
806434,83.0
806514,80.0
806588,74.0
806668,80.0
806750,82.0
806829,79.0
806913,84.0
806993,80.0
807073,80.0
807153,80.0
807242,89.0
807343,101.0
807570,227.0
807820,250.0
808071,251.0
808206,135.0
808706,500.0
808816,110.0
808971,155.0
809141,170.0
809228,87.0
809321,93.0
809403,82.0
809491,88.0
809564,73.0
809656,92.0
809752,96.0
809838,86.0
809924,86.0
810034,110.0
810114,80.0
810199,85.0
810289,90.0
810375,86.0
810484,109.0
810747,263.0
810917,170.0
811098,181.0
811598,500.0
811680,82.0
811804,124.0
811925,121.0
812022,97.0
812137,115.0
812285,148.0
812440,155.0
812749,309.0
812891,142.0
813058,167.0
813232,174.0
813346,114.0
813528,182.0
813729,201.0
813941,212.0
814128,187.0
814324,196.0
814535,211.0
814792,257.0
815042,250.0
815183,141.0
815286,103.0
815401,115.0
815508,107.0
815604,96.0
815714,110.0
815826,112.0
815925,99.0
816025,100.0
816127,102.0
816230,103.0
816244,14.0
816344,100.0
816354,10.0
816365,11.0
816375,10.0
816386,11.0
816397,11.0
816410,13.0
816419,9.0
816429,10.0
816440,11.0
816452,12.0
816464,12.0
816474,10.0
816487,13.0
816497,10.0
816598,101.0
816698,100.0
816802,104.0
816900,98.0
816912,12.0
817010,98.0
817113,103.0
817221,108.0
817334,113.0
817460,126.0
817600,140.0
817731,131.0
817860,129.0
818015,155.0
818181,166.0
818336,155.0
818479,143.0
818626,147.0
818774,148.0
818917,143.0
819052,135.0
819191,139.0
819338,147.0
819481,143.0
819645,164.0
819864,219.0
820115,251.0
820256,141.0
820592,336.0
820900,308.0
821062,162.0
821279,217.0
821402,123.0
821582,180.0
821721,139.0
821874,153.0
822008,134.0
822161,153.0
822321,160.0
822493,172.0
822637,144.0
822785,148.0
822933,148.0
823126,193.0
823327,201.0
823575,248.0
823771,196.0
823942,171.0
824108,166.0
824273,165.0
824434,161.0
824586,152.0
824740,154.0
824914,174.0
825083,169.0
825253,170.0
825420,167.0
825562,142.0
825730,168.0
825881,151.0
825894,13.0
826037,143.0
826190,153.0
826339,149.0
826499,160.0
826661,162.0
826829,168.0
826997,168.0
827168,171.0
827354,186.0
827534,180.0
827733,199.0
827927,194.0
828123,196.0
828294,171.0
828444,150.0
828584,140.0
828718,134.0
828852,134.0
828981,129.0
829121,140.0
829295,174.0
829448,153.0
829606,158.0
829755,149.0
829881,126.0
830021,140.0
830177,156.0
830456,279.0
830669,213.0
830845,176.0
831023,178.0
831247,224.0
831485,238.0
831718,233.0
831953,235.0
832195,242.0
832364,169.0
832721,357.0
833144,423.0
833153,9.0
833163,10.0
833173,10.0
833182,9.0
833192,10.0
833202,10.0
833212,10.0
833225,13.0
833236,11.0
833246,10.0
833257,11.0
833268,11.0
833280,12.0
833352,72.0
833446,94.0
833571,125.0
833769,198.0
833910,141.0
833924,14.0
834009,85.0
834103,94.0
834260,157.0
834411,151.0
834493,82.0
834581,88.0
834756,175.0
835087,331.0
835166,79.0
835666,500.0
836166,500.0
836666,500.0
836798,132.0
836938,140.0
837076,138.0
837184,108.0
837347,163.0
837505,158.0
837516,11.0
837597,81.0
837764,167.0
837848,84.0
838024,176.0
838166,142.0
838307,141.0
838457,150.0
838601,144.0
838737,136.0
838866,129.0
839020,154.0
839157,137.0
839299,142.0
839353,54.0
839507,154.0
839648,141.0
839801,153.0
839957,156.0
840115,158.0
840285,170.0
840468,183.0
840709,241.0
840954,245.0
841210,256.0
841494,284.0
841653,159.0
841823,170.0
842162,339.0
842662,500.0
842786,124.0
842958,172.0
843458,500.0
843600,142.0
843805,205.0
844305,500.0
844475,170.0
844590,115.0
844603,13.0
844710,107.0
844833,123.0
844843,10.0
844972,129.0
844985,13.0
845110,125.0
845214,104.0
845714,500.0
845793,79.0
845858,65.0
845964,106.0
846081,117.0
846163,82.0
846242,79.0
846317,75.0
846393,76.0
846489,96.0
846582,93.0
846680,98.0
846772,92.0
846869,97.0
846937,68.0
847025,88.0
847116,91.0
847197,81.0
847253,56.0
847266,13.0
847351,85.0
847450,99.0
847551,101.0
847643,92.0
847735,92.0
847828,93.0
847927,99.0
848028,101.0
848125,97.0
848223,98.0
848327,104.0
848444,117.0
848561,117.0
848677,116.0
848798,121.0
848921,123.0
849035,114.0
849186,151.0
849448,262.0
849552,104.0
849736,184.0
849801,65.0
849903,102.0
849959,56.0
849969,10.0
850039,70.0
850539,500.0
850751,212.0
850976,225.0
851476,500.0
851976,500.0
852106,130.0
852443,337.0
852651,208.0
852818,167.0
852982,164.0
853064,82.0
853216,152.0
853365,149.0
853515,150.0
853678,163.0
853838,160.0
854006,168.0
854200,194.0
854423,223.0
854535,112.0
854754,219.0
854973,219.0
855163,190.0
855402,239.0
855902,500.0
856031,129.0
856189,158.0
856689,500.0
856860,171.0
857360,500.0
857860,500.0
857952,92.0
858146,194.0
858294,148.0
858455,161.0
858591,136.0
858745,154.0
858891,146.0
859032,141.0
859213,181.0
859401,188.0
859593,192.0
859700,107.0
859905,205.0
860124,219.0
860311,187.0
860486,175.0
860673,187.0
860999,326.0
861341,342.0
861464,123.0
861582,118.0
861708,126.0
861815,107.0
861945,130.0
862062,117.0
862204,142.0
862503,299.0
862773,270.0
863005,232.0
863115,110.0
863344,229.0
863482,138.0
863649,167.0
863784,135.0
863897,113.0
864018,121.0
864320,302.0
864430,110.0
864517,87.0
864585,68.0
864640,55.0
864787,147.0
864883,96.0
864955,72.0
865027,72.0
865381,354.0
865566,185.0
865803,237.0
865842,39.0
866150,308.0
866369,219.0
866595,226.0
866768,173.0
867060,292.0
867259,199.0
867432,173.0
867478,46.0
867684,206.0
867918,234.0
868132,214.0
868195,63.0
868261,66.0
868513,252.0
868589,76.0
868841,252.0
869121,280.0
869319,198.0
869505,186.0
869711,206.0
869901,190.0
870201,300.0
870425,224.0
870668,243.0
870896,228.0
871148,252.0
871567,419.0
871886,319.0
872194,308.0
872378,184.0
872606,228.0
872820,214.0
872989,169.0
873233,244.0
873585,352.0
874041,456.0
874541,500.0
874640,99.0
875140,500.0
875306,166.0
875412,106.0
875500,88.0
875586,86.0
875662,76.0
875756,94.0
875832,76.0
875908,76.0
875985,77.0
876056,71.0
876123,67.0
876197,74.0
876276,79.0
876310,34.0
876381,71.0
876450,69.0
876534,84.0
876615,81.0
876703,88.0
876783,80.0
876861,78.0
876904,43.0
876999,95.0
877106,107.0
877236,130.0
877471,235.0
877803,332.0
878303,500.0
878803,500.0
878815,12.0
878827,12.0
878837,10.0
878847,10.0
878861,14.0
878871,10.0
878881,10.0
878892,11.0
878902,10.0
878913,11.0
878922,9.0
878933,11.0
878943,10.0
878953,10.0
878967,14.0
878977,10.0
878988,11.0
879001,13.0
879153,152.0
879165,12.0
879177,12.0
879302,125.0
879315,13.0
879328,13.0
879449,121.0
879567,118.0
879578,11.0
879588,10.0
879692,104.0
879705,13.0
879716,11.0
879726,10.0
879736,10.0
879843,107.0
879854,11.0
879961,107.0
879973,12.0
880079,106.0
880091,12.0
880184,93.0
880287,103.0
880405,118.0
880417,12.0
880534,117.0
880659,125.0
880790,131.0
880938,148.0
880950,12.0
881094,144.0
881228,134.0
881353,125.0
881479,126.0
881493,14.0
881632,139.0
881765,133.0
881897,132.0
882029,132.0
882169,140.0
882330,161.0
882490,160.0
882648,158.0
882794,146.0
883072,278.0
883291,219.0
883541,250.0
883700,159.0
884200,500.0
884336,136.0
884481,145.0
884638,157.0
884801,163.0
884946,145.0
885069,123.0
885168,99.0
885261,93.0
885353,92.0
885434,81.0
885529,95.0
885644,115.0
885769,125.0
885915,146.0
886043,128.0
886160,117.0
886263,103.0
886362,99.0
886459,97.0
886547,88.0
886639,92.0
886728,89.0
886818,90.0
886904,86.0
886996,92.0
887102,106.0
887602,500.0
888102,500.0
888475,373.0
888488,13.0
888500,12.0
888647,147.0
888803,156.0
888966,163.0
889127,161.0
889337,210.0
889564,227.0
889660,96.0
889759,99.0
889849,90.0
889934,85.0
890019,85.0
890142,123.0
890642,500.0
890903,261.0
891403,500.0
891903,500.0
892403,500.0
892518,115.0
892633,115.0
892645,12.0
892658,13.0
892668,10.0
892679,11.0
892690,11.0
892700,10.0
892812,112.0
892932,120.0
892943,11.0
893070,127.0
893196,126.0
893208,12.0
893337,129.0
893483,146.0
893621,138.0
893766,145.0
893775,9.0
893953,178.0
894110,157.0
894328,218.0
894495,167.0
894698,203.0
894882,184.0
895382,500.0
895609,227.0
895748,139.0
895893,145.0
896046,153.0
896187,141.0
896330,143.0
896486,156.0
896986,500.0
897231,245.0
897388,157.0
897546,158.0
897704,158.0
897839,135.0
897956,117.0
898077,121.0
898197,120.0
898317,120.0
898433,116.0
898557,124.0
898685,128.0
898814,129.0
898929,115.0
899068,139.0
899220,152.0
899551,331.0
899734,183.0
899746,12.0
899899,153.0
900058,159.0
900201,143.0
900327,126.0
900438,111.0
900537,99.0
900620,83.0
900729,109.0
900840,111.0
900959,119.0
901057,98.0
901149,92.0
901235,86.0
901315,80.0
901396,81.0
901466,70.0
901533,67.0
901607,74.0
901674,67.0
901749,75.0
901820,71.0
901893,73.0
901967,74.0
902053,86.0
902140,87.0
902222,82.0
902305,83.0
902400,95.0
902487,87.0
902584,97.0
902671,87.0
902765,94.0
902855,90.0
902950,95.0
903041,91.0
903135,94.0
903248,113.0
903427,179.0
903927,500.0
904009,82.0
904115,106.0
904232,117.0
904373,141.0
904515,142.0
904662,147.0
904824,162.0
905022,198.0
905414,392.0
905768,354.0
906037,269.0
906240,203.0
906405,165.0
906416,11.0
906428,12.0
906560,132.0
906693,133.0
906825,132.0
906958,133.0
906972,14.0
906984,12.0
906994,10.0
907004,10.0
907015,11.0
907025,10.0
907151,126.0
907328,177.0
907576,248.0
908076,500.0
908263,187.0
908763,500.0
908980,217.0
909169,189.0
909408,239.0
909659,251.0
909991,332.0
910353,362.0
910853,500.0
911353,500.0
911853,500.0
912353,500.0
912853,500.0
913353,500.0
913605,252.0
913744,139.0
913883,139.0
914029,146.0
914180,151.0
914356,176.0
914792,436.0
914976,184.0
915476,500.0
915616,140.0
916046,430.0
916546,500.0
917046,500.0
917546,500.0
917556,10.0
917816,260.0
918118,302.0
918618,500.0
918743,125.0
919012,269.0
919402,390.0
919614,212.0
919765,151.0
919900,135.0
920032,132.0
920156,124.0
920270,114.0
920382,112.0
920504,122.0
920635,131.0
920903,268.0
921017,114.0
921137,120.0
921275,138.0
921488,213.0
921768,280.0
922057,289.0
922557,500.0
922700,143.0
922719,19.0
922823,104.0
922945,122.0
923054,109.0
923168,114.0
923281,113.0
923397,116.0
923526,129.0
923647,121.0
923776,129.0
923899,123.0
924029,130.0
924161,132.0
924322,161.0
924477,155.0
924669,192.0
924680,11.0
924764,84.0
924915,151.0
924928,13.0
925389,461.0
925510,121.0
925640,130.0
925747,107.0
925877,130.0
926012,135.0
926137,125.0
926263,126.0
926401,138.0
926585,184.0
926825,240.0
927008,183.0
927332,324.0
927459,127.0
927471,12.0
927482,11.0
927491,9.0
927501,10.0
927511,10.0
927627,116.0
927642,15.0
927769,127.0
927949,180.0
928183,234.0
928341,158.0
928497,156.0
928630,133.0
928755,125.0
928907,152.0
929132,225.0
929538,406.0
930038,500.0
930538,500.0
931038,500.0
931538,500.0
932038,500.0
932538,500.0
933038,500.0
933538,500.0
934038,500.0
934302,264.0
934483,181.0
934638,155.0
934778,140.0
934796,18.0
934921,125.0
935057,136.0
935216,159.0
935716,500.0
936216,500.0
936716,500.0
937216,500.0
937716,500.0
938216,500.0
938358,142.0
938486,128.0
938621,135.0
938749,128.0
938864,115.0
938986,122.0
939148,162.0
939648,500.0
940148,500.0
940648,500.0
941148,500.0
941648,500.0
941698,50.0
941735,37.0
941760,25.0
941788,28.0
941814,26.0
941836,22.0
941860,24.0
941876,16.0
941900,24.0
941931,31.0
941958,27.0
941998,40.0
942026,28.0
942051,25.0
942119,68.0
942157,38.0
942196,39.0
942259,63.0
942759,500.0
943254,495.0
943269,15.0
943402,133.0
943539,137.0
943686,147.0
943841,155.0
943852,11.0
944033,181.0
944378,345.0
944392,14.0
944466,74.0
944565,99.0
944671,106.0
944772,101.0
944875,103.0
944987,112.0
945076,89.0
945193,117.0
945346,153.0
945498,152.0
945671,173.0
945842,171.0
945997,155.0
946130,133.0
946276,146.0
946434,158.0
946764,330.0
946965,201.0
947128,163.0
947298,170.0
947440,142.0
947584,144.0
947744,160.0
947894,150.0
948029,135.0
948172,143.0
948329,157.0
948490,161.0
948990,500.0
949234,244.0
949418,184.0
949604,186.0
949775,171.0
949917,142.0
950054,137.0
950188,134.0
950348,160.0
950506,158.0
950801,295.0
950812,11.0
950923,111.0
951074,151.0
951202,128.0
951291,89.0
951380,89.0
951494,114.0
951611,117.0
951714,103.0
951799,85.0
951903,104.0
952013,110.0
952119,106.0
952133,14.0
952144,11.0
952157,13.0
952168,11.0
952178,10.0
952189,11.0
952200,11.0
952212,12.0
952222,10.0
952328,106.0
952340,12.0
952456,116.0
952583,127.0
952727,144.0
952894,167.0
953102,208.0
953335,233.0
953478,143.0
953619,141.0
953746,127.0
953890,144.0
954017,127.0
954132,115.0
954239,107.0
954349,110.0
954451,102.0
954554,103.0
954654,100.0
954753,99.0
954859,106.0
954957,98.0
955057,100.0
955166,109.0
955277,111.0
955392,115.0
955505,113.0
955627,122.0
955752,125.0
955907,155.0
956044,137.0
956055,11.0
956206,151.0
956360,154.0
956507,147.0
956652,145.0
956802,150.0
956961,159.0
957106,145.0
957357,251.0
957595,238.0
957712,117.0
957841,129.0
957853,12.0
957960,107.0
958092,132.0
958191,99.0
958301,110.0
958398,97.0
958503,105.0
958606,103.0
958705,99.0
958814,109.0
958920,106.0
959025,105.0
959140,115.0
959292,152.0
959681,389.0
959855,174.0
960219,364.0
960719,500.0
961219,500.0
961719,500.0
962219,500.0
962344,125.0
962466,122.0
962538,72.0
962633,95.0
962792,159.0
962899,107.0
963036,137.0
963164,128.0
963293,129.0
963793,500.0
964293,500.0
964793,500.0
964914,121.0
965031,117.0
965121,90.0
965214,93.0
965299,85.0
965383,84.0
965464,81.0
965563,99.0
965652,89.0
965753,101.0
965874,121.0
966008,134.0
966113,105.0
966197,84.0
966297,100.0
966387,90.0
966464,77.0
966543,79.0
966631,88.0
966718,87.0
966799,81.0
966880,81.0
966965,85.0
967053,88.0
967144,91.0
967236,92.0
967328,92.0
967419,91.0
967505,86.0
967592,87.0
967678,86.0
967766,88.0
967854,88.0
967937,83.0
968036,99.0
968140,104.0
968227,87.0
968307,80.0
968382,75.0
968462,80.0
968534,72.0
968560,26.0
968646,86.0
968725,79.0
968806,81.0
968886,80.0
968971,85.0
969054,83.0
969136,82.0
969166,30.0
969182,16.0
969203,21.0
969214,11.0
969226,12.0
969240,14.0
969252,12.0
969268,16.0
969280,12.0
969290,10.0
969301,11.0
969317,16.0
969330,13.0
969339,9.0
969354,15.0
969366,12.0
969449,83.0
969544,95.0
969651,107.0
969742,91.0
969844,102.0
969945,101.0
970048,103.0
970079,31.0
970098,19.0
970116,18.0
970136,20.0
970160,24.0
970173,13.0
970187,14.0
970280,93.0
970381,101.0
970482,101.0
970587,105.0
970684,97.0
970778,94.0
970875,97.0
970976,101.0
971080,104.0
971178,98.0
971270,92.0
971367,97.0
971456,89.0
971551,95.0
971642,91.0
971735,93.0
971749,14.0
971848,99.0
971860,12.0
971954,94.0
972049,95.0
972148,99.0
972250,102.0
972354,104.0
972458,104.0
972555,97.0
972652,97.0
972749,97.0
972844,95.0
972858,14.0
972953,95.0
973054,101.0
973147,93.0
973238,91.0
973337,99.0
973432,95.0
973535,103.0
973636,101.0
973734,98.0
973836,102.0
973940,104.0
974047,107.0
974146,99.0
974238,92.0
974334,96.0
974438,104.0
974546,108.0
974649,103.0
974757,108.0
974860,103.0
974966,106.0
975079,113.0
975199,120.0
975308,109.0
975429,121.0
975567,138.0
975811,244.0
975885,74.0
975973,88.0
976054,81.0
976156,102.0
976262,106.0
976386,124.0
976512,126.0
976633,121.0
976744,111.0
976856,112.0
976970,114.0
976981,11.0
977106,125.0
977320,214.0
977421,101.0
977527,106.0
977614,87.0
977714,100.0
977833,119.0
977938,105.0
978033,95.0
978126,93.0
978222,96.0
978320,98.0
978412,92.0
978501,89.0
978590,89.0
978682,92.0
978764,82.0
978851,87.0
978935,84.0
979020,85.0
979053,33.0
979150,97.0
979242,92.0
979339,97.0
979436,97.0
979449,13.0
979553,104.0
979654,101.0
979744,90.0
979840,96.0
979939,99.0
980022,83.0
980107,85.0
980196,89.0
980295,99.0
980386,91.0
980489,103.0
980584,95.0
980596,12.0
980705,109.0
980801,96.0
980903,102.0
980915,12.0
981024,109.0
981133,109.0
981238,105.0
981344,106.0
981459,115.0
981604,145.0
982104,500.0
982604,500.0
983104,500.0
983604,500.0
983719,115.0
983870,151.0
983989,119.0
984114,125.0
984126,12.0
984253,127.0
984371,118.0
984385,14.0
984505,120.0
984628,123.0
984748,120.0
984861,113.0
984975,114.0
985088,113.0
985199,111.0
985211,12.0
985324,113.0
985449,125.0
985583,134.0
985715,132.0
985839,124.0
985962,123.0
986074,112.0
986206,132.0
986350,144.0
986609,259.0
986756,147.0
986918,162.0
987048,130.0
987165,117.0
987277,112.0
987413,136.0
987525,112.0
987650,125.0
987767,117.0
987883,116.0
987999,116.0
988114,115.0
988265,151.0
988407,142.0
988575,168.0
988709,134.0
988859,150.0
988873,14.0
988999,126.0
989200,201.0
989486,286.0
989766,280.0
989873,107.0
989981,108.0
990067,86.0
990344,277.0
990490,146.0
990641,151.0
990793,152.0
990957,164.0
991115,158.0
991253,138.0
991368,115.0
991382,14.0
991392,10.0
991404,12.0
991414,10.0
991532,118.0
991660,128.0
991781,121.0
991898,117.0
992025,127.0
992143,118.0
992242,99.0
992336,94.0
992434,98.0
992545,111.0
992651,106.0
992738,87.0
992826,88.0
992988,162.0
993076,88.0
993208,132.0
993708,500.0
993870,162.0
994114,244.0
994245,131.0
994330,85.0
994416,86.0
994540,124.0
994661,121.0
994777,116.0
994902,125.0
994990,88.0
995108,118.0
995229,121.0
995362,133.0
995504,142.0
995633,129.0
995788,155.0
995957,169.0
996124,167.0
996285,161.0
996444,159.0
996606,162.0
996760,154.0
996840,80.0
996981,141.0
997143,162.0
997334,191.0
997468,134.0
997585,117.0
997702,117.0
997826,124.0
997943,117.0
998060,117.0
998201,141.0
998443,242.0
998712,269.0
998843,131.0
998920,77.0
999063,143.0
999274,211.0
999427,153.0
999437,10.0
999450,13.0
999463,13.0
999474,11.0
999489,15.0
999500,11.0
999513,13.0
999534,21.0
999630,96.0
999703,73.0
999804,101.0
999924,120.0
