env_step,episode_return
19,19.0
33,14.0
44,11.0
55,11.0
74,19.0
109,35.0
124,15.0
145,21.0
164,19.0
192,28.0
212,20.0
223,11.0
240,17.0
266,26.0
275,9.0
306,31.0
324,18.0
339,15.0
367,28.0
391,24.0
409,18.0
435,26.0
454,19.0
466,12.0
482,16.0
500,18.0
530,30.0
540,10.0
549,9.0
571,22.0
608,37.0
641,33.0
666,25.0
682,16.0
695,13.0
713,18.0
725,12.0
739,14.0
758,19.0
770,12.0
803,33.0
829,26.0
865,36.0
889,24.0
936,47.0
953,17.0
982,29.0
1007,25.0
1030,23.0
1049,19.0
1085,36.0
1111,26.0
1124,13.0
1144,20.0
1179,35.0
1280,101.0
1308,28.0
1343,35.0
1363,20.0
1373,10.0
1397,24.0
1433,36.0
1445,12.0
1457,12.0
1474,17.0
1525,51.0
1543,18.0
1569,26.0
1586,17.0
1605,19.0
1621,16.0
1648,27.0
1678,30.0
1712,34.0
1744,32.0
1760,16.0
1775,15.0
1794,19.0
1812,18.0
1845,33.0
1871,26.0
1886,15.0
1936,50.0
1949,13.0
1966,17.0
1978,12.0
1989,11.0
2012,23.0
2024,12.0
2038,14.0
2062,24.0
2081,19.0
2091,10.0
2114,23.0
2138,24.0
2153,15.0
2174,21.0
2191,17.0
2201,10.0
2227,26.0
2250,23.0
2274,24.0
2288,14.0
2299,11.0
2315,16.0
2338,23.0
2365,27.0
2381,16.0
2395,14.0
2423,28.0
2433,10.0
2470,37.0
2491,21.0
2504,13.0
2513,9.0
2523,10.0
2545,22.0
2581,36.0
2593,12.0
2606,13.0
2622,16.0
2636,14.0
2660,24.0
2707,47.0
2720,13.0
2737,17.0
2746,9.0
2784,38.0
2801,17.0
2822,21.0
2836,14.0
2847,11.0
2858,11.0
2871,13.0
2891,20.0
2907,16.0
2953,46.0
2969,16.0
2980,11.0
2991,11.0
3014,23.0
3039,25.0
3057,18.0
3083,26.0
3112,29.0
3130,18.0
3149,19.0
3182,33.0
3197,15.0
3215,18.0
3227,12.0
3258,31.0
3281,23.0
3350,69.0
3373,23.0
3403,30.0
3417,14.0
3434,17.0
3457,23.0
3477,20.0
3491,14.0
3507,16.0
3534,27.0
3559,25.0
3578,19.0
3599,21.0
3619,20.0
3647,28.0
3660,13.0
3688,28.0
3713,25.0
3753,40.0
3789,36.0
3801,12.0
3838,37.0
3862,24.0
3891,29.0
3908,17.0
3935,27.0
3955,20.0
3983,28.0
4012,29.0
4025,13.0
4062,37.0
4090,28.0
4102,12.0
4124,22.0
4147,23.0
4165,18.0
4174,9.0
4190,16.0
4218,28.0
4230,12.0
4255,25.0
4273,18.0
4295,22.0
4304,9.0
4333,29.0
4377,44.0
4390,13.0
4401,11.0
4426,25.0
4440,14.0
4457,17.0
4471,14.0
4485,14.0
4503,18.0
4517,14.0
4534,17.0
4545,11.0
4587,42.0
4614,27.0
4628,14.0
4662,34.0
4683,21.0
4707,24.0
4738,31.0
4760,22.0
4772,12.0
4786,14.0
4801,15.0
4823,22.0
4839,16.0
4853,14.0
4885,32.0
4904,19.0
4963,59.0
4998,35.0
5010,12.0
5031,21.0
5072,41.0
5092,20.0
5124,32.0
5186,62.0
5215,29.0
5271,56.0
5286,15.0
5361,75.0
5385,24.0
5417,32.0
5435,18.0
5459,24.0
5497,38.0
5528,31.0
5543,15.0
5556,13.0
5568,12.0
5587,19.0
5601,14.0
5618,17.0
5635,17.0
5661,26.0
5678,17.0
5714,36.0
5735,21.0
5761,26.0
5790,29.0
5805,15.0
5818,13.0
5831,13.0
5851,20.0
5867,16.0
5883,16.0
5910,27.0
5985,75.0
6021,36.0
6032,11.0
6058,26.0
6072,14.0
6087,15.0
6100,13.0
6133,33.0
6155,22.0
6186,31.0
6211,25.0
6255,44.0
6268,13.0
6302,34.0
6319,17.0
6332,13.0
6358,26.0
6370,12.0
6409,39.0
6429,20.0
6453,24.0
6475,22.0
6494,19.0
6523,29.0
6547,24.0
6560,13.0
6581,21.0
6629,48.0
6653,24.0
6682,29.0
6704,22.0
6718,14.0
6742,24.0
6757,15.0
6777,20.0
6792,15.0
6807,15.0
6839,32.0
6853,14.0
6885,32.0
6931,46.0
6947,16.0
7013,66.0
7048,35.0
7064,16.0
7076,12.0
7092,16.0
7122,30.0
7158,36.0
7179,21.0
7230,51.0
7257,27.0
7291,34.0
7311,20.0
7327,16.0
7337,10.0
7363,26.0
7429,66.0
7453,24.0
7482,29.0
7530,48.0
7571,41.0
7595,24.0
7640,45.0
7685,45.0
7721,36.0
7733,12.0
7758,25.0
7782,24.0
7798,16.0
7869,71.0
7889,20.0
7899,10.0
7933,34.0
7943,10.0
7969,26.0
7983,14.0
7999,16.0
8031,32.0
8048,17.0
8070,22.0
8086,16.0
8113,27.0
8125,12.0
8139,14.0
8159,20.0
8171,12.0
8196,25.0
8231,35.0
8266,35.0
8324,58.0
8348,24.0
8362,14.0
8428,66.0
8447,19.0
8477,30.0
8489,12.0
8504,15.0
8521,17.0
8541,20.0
8553,12.0
8581,28.0
8631,50.0
8678,47.0
8705,27.0
8759,54.0
8831,72.0
8853,22.0
8887,34.0
8919,32.0
8938,19.0
8956,18.0
8977,21.0
8998,21.0
9042,44.0
9073,31.0
9088,15.0
9100,12.0
9123,23.0
9137,14.0
9158,21.0
9230,72.0
9254,24.0
9322,68.0
9355,33.0
9371,16.0
9406,35.0
9460,54.0
9516,56.0
9556,40.0
9571,15.0
9593,22.0
9609,16.0
9626,17.0
9694,68.0
9708,14.0
9727,19.0
9763,36.0
9780,17.0
9810,30.0
9864,54.0
9900,36.0
9939,39.0
9985,46.0
10004,19.0
10032,28.0
10044,12.0
10075,31.0
10093,18.0
10170,77.0
10188,18.0
10199,11.0
10249,50.0
10288,39.0
10318,30.0
10461,143.0
10499,38.0
10517,18.0
10537,20.0
10546,9.0
10556,10.0
10571,15.0
10589,18.0
10612,23.0
10657,45.0
10732,75.0
10779,47.0
10798,19.0
10839,41.0
10917,78.0
10996,79.0
11035,39.0
11105,70.0
11131,26.0
11145,14.0
11159,14.0
11201,42.0
11216,15.0
11243,27.0
11258,15.0
11319,61.0
11335,16.0
11366,31.0
11426,60.0
11486,60.0
11531,45.0
11546,15.0
11576,30.0
11651,75.0
11682,31.0
11736,54.0
11817,81.0
11868,51.0
11966,98.0
11987,21.0
12025,38.0
12061,36.0
12075,14.0
12096,21.0
12122,26.0
12163,41.0
12208,45.0
12225,17.0
12274,49.0
12325,51.0
12396,71.0
12428,32.0
12452,24.0
12529,77.0
12592,63.0
12652,60.0
12695,43.0
12712,17.0
12735,23.0
12755,20.0
12779,24.0
12798,19.0
12821,23.0
12842,21.0
12881,39.0
12910,29.0
12923,13.0
12945,22.0
13022,77.0
13038,16.0
13076,38.0
13109,33.0
13150,41.0
13189,39.0
13207,18.0
13223,16.0
13311,88.0
13386,75.0
13401,15.0
13525,124.0
13561,36.0
13596,35.0
13611,15.0
13628,17.0
13655,27.0
13717,62.0
13744,27.0
13803,59.0
13837,34.0
13959,122.0
13970,11.0
14001,31.0
14042,41.0
14074,32.0
14110,36.0
14121,11.0
14142,21.0
14155,13.0
14170,15.0
14221,51.0
14250,29.0
14278,28.0
14303,25.0
14340,37.0
14353,13.0
14376,23.0
14507,131.0
14529,22.0
14549,20.0
14558,9.0
14582,24.0
14609,27.0
14678,69.0
14713,35.0
14733,20.0
14756,23.0
14825,69.0
14850,25.0
14862,12.0
14888,26.0
14997,109.0
15025,28.0
15042,17.0
15155,113.0
15173,18.0
15194,21.0
15235,41.0
15281,46.0
15294,13.0
15326,32.0
15379,53.0
15397,18.0
15466,69.0
15489,23.0
15552,63.0
15566,14.0
15589,23.0
15636,47.0
15653,17.0
15665,12.0
15689,24.0
15754,65.0
15820,66.0
15848,28.0
15879,31.0
15925,46.0
15971,46.0
16023,52.0
16071,48.0
16181,110.0
16221,40.0
16302,81.0
16336,34.0
16407,71.0
16428,21.0
16571,143.0
16586,15.0
16609,23.0
16678,69.0
16741,63.0
16804,63.0
16818,14.0
16862,44.0
16935,73.0
17110,175.0
17215,105.0
17237,22.0
17247,10.0
17275,28.0
17342,67.0
17380,38.0
17401,21.0
17419,18.0
17448,29.0
17567,119.0
17635,68.0
17710,75.0
17725,15.0
17773,48.0
17841,68.0
17894,53.0
17949,55.0
17965,16.0
18034,69.0
18052,18.0
18095,43.0
18260,165.0
18297,37.0
18347,50.0
18403,56.0
18442,39.0
18473,31.0
18494,21.0
18593,99.0
18636,43.0
18805,169.0
18851,46.0
18876,25.0
18954,78.0
18992,38.0
19017,25.0
19036,19.0
19055,19.0
19198,143.0
19210,12.0
19275,65.0
19334,59.0
19371,37.0
19381,10.0
19392,11.0
19405,13.0
19418,13.0
19526,108.0
19583,57.0
19753,170.0
19793,40.0
19808,15.0
19825,17.0
19844,19.0
19933,89.0
19954,21.0
19979,25.0
20018,39.0
20028,10.0
20046,18.0
20067,21.0
20101,34.0
20157,56.0
20170,13.0
20187,17.0
20205,18.0
20276,71.0
20297,21.0
20392,95.0
20420,28.0
20435,15.0
20492,57.0
20518,26.0
20528,10.0
20539,11.0
20671,132.0
20851,180.0
20867,16.0
20888,21.0
20930,42.0
21035,105.0
21104,69.0
21132,28.0
21161,29.0
21252,91.0
21291,39.0
21316,25.0
21337,21.0
21518,181.0
21536,18.0
21634,98.0
21650,16.0
21671,21.0
21698,27.0
21716,18.0
21793,77.0
21825,32.0
21937,112.0
21969,32.0
21994,25.0
22062,68.0
22170,108.0
22326,156.0
22422,96.0
22445,23.0
22557,112.0
22687,130.0
22876,189.0
23027,151.0
23051,24.0
23202,151.0
23327,125.0
23340,13.0
23373,33.0
23412,39.0
23437,25.0
23486,49.0
23583,97.0
23722,139.0
23742,20.0
23833,91.0
23956,123.0
24074,118.0
24093,19.0
24117,24.0
24166,49.0
24187,21.0
24211,24.0
24239,28.0
24264,25.0
24380,116.0
24471,91.0
24516,45.0
24542,26.0
24570,28.0
24648,78.0
24751,103.0
24771,20.0
24814,43.0
24942,128.0
24984,42.0
25004,20.0
25120,116.0
25150,30.0
25290,140.0
25390,100.0
25403,13.0
25421,18.0
25499,78.0
25528,29.0
25539,11.0
25694,155.0
25840,146.0
25967,127.0
26052,85.0
26079,27.0
26211,132.0
26254,43.0
26271,17.0
26424,153.0
26451,27.0
26524,73.0
26557,33.0
26645,88.0
26808,163.0
26820,12.0
26972,152.0
26988,16.0
27129,141.0
27145,16.0
27255,110.0
27427,172.0
27618,191.0
27635,17.0
27716,81.0
27857,141.0
27941,84.0
27964,23.0
28035,71.0
28193,158.0
28343,150.0
28471,128.0
28687,216.0
28773,86.0
28818,45.0
28855,37.0
28998,143.0
29132,134.0
29178,46.0
29345,167.0
29379,34.0
29505,126.0
29914,409.0
30169,255.0
30322,153.0
30490,168.0
30526,36.0
30751,225.0
31003,252.0
31117,114.0
31276,159.0
31452,176.0
31461,9.0
31575,114.0
31598,23.0
31617,19.0
31638,21.0
31656,18.0
31795,139.0
31915,120.0
32043,128.0
32222,179.0
32386,164.0
32418,32.0
32614,196.0
32634,20.0
32687,53.0
32853,166.0
32863,10.0
33103,240.0
33272,169.0
33291,19.0
33305,14.0
33316,11.0
33483,167.0
33609,126.0
33687,78.0
33869,182.0
34048,179.0
34245,197.0
34421,176.0
34478,57.0
34617,139.0
34785,168.0
35020,235.0
35175,155.0
35346,171.0
35514,168.0
35665,151.0
35816,151.0
35981,165.0
35994,13.0
36005,11.0
36019,14.0
36030,11.0
36041,11.0
36052,11.0
36073,21.0
36093,20.0
36265,172.0
36446,181.0
36615,169.0
36771,156.0
36944,173.0
37090,146.0
37252,162.0
37402,150.0
37659,257.0
38085,426.0
38246,161.0
38398,152.0
38561,163.0
38896,335.0
38965,69.0
39465,500.0
39965,500.0
39992,27.0
40012,20.0
40512,500.0
40530,18.0
40951,421.0
41309,358.0
41535,226.0
41808,273.0
42023,215.0
42226,203.0
42403,177.0
42598,195.0
42774,176.0
42941,167.0
43103,162.0
43276,173.0
43403,127.0
43547,144.0
43722,175.0
43896,174.0
44058,162.0
44211,153.0
44547,336.0
44775,228.0
44981,206.0
45193,212.0
45347,154.0
45526,179.0
45703,177.0
45879,176.0
46058,179.0
46221,163.0
46237,16.0
46354,117.0
46503,149.0
46763,260.0
46941,178.0
47101,160.0
47235,134.0
47375,140.0
47532,157.0
47729,197.0
47959,230.0
48198,239.0
48383,185.0
48557,174.0
48726,169.0
48879,153.0
49028,149.0
49337,309.0
49594,257.0
49724,130.0
49851,127.0
50031,180.0
50232,201.0
50434,202.0
50594,160.0
50749,155.0
50877,128.0
51026,149.0
51142,116.0
51264,122.0
51423,159.0
51552,129.0
51703,151.0
51930,227.0
52355,425.0
52855,500.0
53355,500.0
53855,500.0
53864,9.0
53873,9.0
53883,10.0
53891,8.0
53900,9.0
53911,11.0
53921,10.0
53931,10.0
53943,12.0
53952,9.0
53960,8.0
53969,9.0
53979,10.0
53989,10.0
53999,10.0
54009,10.0
54017,8.0
54026,9.0
54036,10.0
54045,9.0
54055,10.0
54066,11.0
54075,9.0
54084,9.0
54095,11.0
54105,10.0
54115,10.0
54124,9.0
54134,10.0
54143,9.0
54154,11.0
54165,11.0
54174,9.0
54183,9.0
54192,9.0
54202,10.0
54213,11.0
54239,26.0
54249,10.0
54262,13.0
54271,9.0
54282,11.0
54290,8.0
54299,9.0
54310,11.0
54319,9.0
54328,9.0
54337,9.0
54346,9.0
54356,10.0
54365,9.0
54374,9.0
54385,11.0
54394,9.0
54405,11.0
54414,9.0
54424,10.0
54433,9.0
54441,8.0
54450,9.0
54458,8.0
54468,10.0
54478,10.0
54486,8.0
54495,9.0
54505,10.0
54514,9.0
54524,10.0
54534,10.0
54544,10.0
54556,12.0
54567,11.0
54576,9.0
54586,10.0
54595,9.0
54606,11.0
54615,9.0
54623,8.0
54633,10.0
54642,9.0
54651,9.0
54661,10.0
54671,10.0
54679,8.0
54688,9.0
54697,9.0
54707,10.0
54718,11.0
54728,10.0
54737,9.0
54746,9.0
54755,9.0
54764,9.0
54774,10.0
54786,12.0
54795,9.0
54803,8.0
54813,10.0
54825,12.0
54834,9.0
54844,10.0
54853,9.0
54863,10.0
54872,9.0
54883,11.0
54893,10.0
54902,9.0
54911,9.0
54921,10.0
54931,10.0
54941,10.0
54950,9.0
54960,10.0
54968,8.0
54978,10.0
54987,9.0
54997,10.0
55007,10.0
55017,10.0
55025,8.0
55033,8.0
55041,8.0
55050,9.0
55059,9.0
55068,9.0
55077,9.0
55088,11.0
55098,10.0
55108,10.0
55118,10.0
55131,13.0
55141,10.0
55149,8.0
55161,12.0
55170,9.0
55180,10.0
55190,10.0
55200,10.0
55209,9.0
55218,9.0
55228,10.0
55239,11.0
55248,9.0
55259,11.0
55269,10.0
55278,9.0
55289,11.0
55299,10.0
55309,10.0
55317,8.0
55327,10.0
55337,10.0
55346,9.0
55355,9.0
55364,9.0
55374,10.0
55384,10.0
55393,9.0
55403,10.0
55414,11.0
55423,9.0
55432,9.0
55441,9.0
55450,9.0
55460,10.0
55469,9.0
55479,10.0
55488,9.0
55499,11.0
55509,10.0
55521,12.0
55530,9.0
55540,10.0
55550,10.0
55560,10.0
55569,9.0
55580,11.0
55590,10.0
55600,10.0
55611,11.0
55622,11.0
55632,10.0
55642,10.0
55653,11.0
55681,28.0
55708,27.0
55720,12.0
55730,10.0
55739,9.0
55750,11.0
55758,8.0
55768,10.0
55779,11.0
55791,12.0
55801,10.0
55811,10.0
55820,9.0
55832,12.0
55844,12.0
55871,27.0
55883,12.0
55913,30.0
55938,25.0
55959,21.0
56014,55.0
56040,26.0
56124,84.0
56134,10.0
56303,169.0
56312,9.0
56323,11.0
56332,9.0
56344,12.0
56355,11.0
56365,10.0
56378,13.0
56517,139.0
56633,116.0
56748,115.0
56759,11.0
56877,118.0
56890,13.0
56901,11.0
56911,10.0
56922,11.0
56934,12.0
56943,9.0
56954,11.0
56963,9.0
56973,10.0
56983,10.0
56994,11.0
57004,10.0
57110,106.0
57237,127.0
57374,137.0
57510,136.0
57652,142.0
57784,132.0
57920,136.0
58045,125.0
58207,162.0
58400,193.0
58654,254.0
58824,170.0
58836,12.0
58846,10.0
58857,11.0
58867,10.0
58878,11.0
58889,11.0
58900,11.0
58910,10.0
58921,11.0
58931,10.0
58940,9.0
58951,11.0
58962,11.0
58971,9.0
58981,10.0
58990,9.0
59002,12.0
59012,10.0
59116,104.0
59212,96.0
59321,109.0
59420,99.0
59431,11.0
59530,99.0
59637,107.0
59750,113.0
59865,115.0
59973,108.0
60080,107.0
60191,111.0
60305,114.0
60473,168.0
60633,160.0
60774,141.0
60902,128.0
61037,135.0
61192,155.0
61352,160.0
61526,174.0
61696,170.0
61840,144.0
62006,166.0
62165,159.0
62381,216.0
62645,264.0
62782,137.0
62980,198.0
63223,243.0
63391,168.0
63572,181.0
63725,153.0
63986,261.0
64284,298.0
64474,190.0
64660,186.0
64795,135.0
64950,155.0
65137,187.0
65364,227.0
65522,158.0
65707,185.0
65916,209.0
66116,200.0
66270,154.0
66505,235.0
66664,159.0
66974,310.0
67137,163.0
67298,161.0
67417,119.0
67559,142.0
67706,147.0
67858,152.0
67990,132.0
68140,150.0
68262,122.0
68380,118.0
68492,112.0
68608,116.0
68728,120.0
68847,119.0
68962,115.0
69100,138.0
69326,226.0
69511,185.0
69692,181.0
69879,187.0
70132,253.0
70248,116.0
70432,184.0
70565,133.0
70700,135.0
70822,122.0
70942,120.0
71068,126.0
71079,11.0
71089,10.0
71098,9.0
71107,9.0
71117,10.0
71128,11.0
71137,9.0
71147,10.0
71157,10.0
71166,9.0
71177,11.0
71187,10.0
71196,9.0
71207,11.0
71217,10.0
71226,9.0
71237,11.0
71247,10.0
71257,10.0
71267,10.0
71277,10.0
71286,9.0
71294,8.0
71304,10.0
71313,9.0
71322,9.0
71330,8.0
71339,9.0
71348,9.0
71357,9.0
71368,11.0
71378,10.0
71388,10.0
71398,10.0
71406,8.0
71416,10.0
71425,9.0
71435,10.0
71445,10.0
71454,9.0
71462,8.0
71471,9.0
71481,10.0
71490,9.0
71499,9.0
71509,10.0
71519,10.0
71529,10.0
71539,10.0
71551,12.0
71560,9.0
71568,8.0
71577,9.0
71586,9.0
71596,10.0
71605,9.0
71617,12.0
71627,10.0
71636,9.0
71646,10.0
71656,10.0
71666,10.0
71675,9.0
71684,9.0
71693,9.0
71702,9.0
71712,10.0
71721,9.0
71730,9.0
71740,10.0
71752,12.0
71761,9.0
71769,8.0
71778,9.0
71787,9.0
71796,9.0
71805,9.0
71813,8.0
71821,8.0
71831,10.0
71841,10.0
71851,10.0
71861,10.0
71869,8.0
71879,10.0
71889,10.0
71898,9.0
71910,12.0
71920,10.0
71929,9.0
71938,9.0
71946,8.0
71956,10.0
71964,8.0
71974,10.0
71983,9.0
71993,10.0
72003,10.0
72012,9.0
72021,9.0
72030,9.0
72039,9.0
72047,8.0
72056,9.0
72068,12.0
72077,9.0
72085,8.0
72094,9.0
72103,9.0
72111,8.0
72120,9.0
72129,9.0
72140,11.0
72149,9.0
72158,9.0
72167,9.0
72179,12.0
72301,122.0
72423,122.0
72550,127.0
72561,11.0
72573,12.0
72583,10.0
72592,9.0
72602,10.0
72612,10.0
72622,10.0
72631,9.0
72641,10.0
72652,11.0
72663,11.0
72674,11.0
72684,10.0
72695,11.0
72705,10.0
72717,12.0
72729,12.0
72848,119.0
72974,126.0
73110,136.0
73237,127.0
73373,136.0
73497,124.0
73631,134.0
73761,130.0
73886,125.0
74015,129.0
74145,130.0
74273,128.0
74400,127.0
74525,125.0
74667,142.0
74802,135.0
74943,141.0
75090,147.0
75229,139.0
75376,147.0
75520,144.0
75674,154.0
75833,159.0
75984,151.0
76167,183.0
76372,205.0
76569,197.0
76826,257.0
77015,189.0
77254,239.0
77453,199.0
77477,24.0
77599,122.0
77629,30.0
77641,12.0
77651,10.0
77660,9.0
77670,10.0
77679,9.0
77687,8.0
77695,8.0
77704,9.0
77712,8.0
77722,10.0
77732,10.0
77741,9.0
77750,9.0
77758,8.0
77768,10.0
77778,10.0
77789,11.0
77798,9.0
77807,9.0
77816,9.0
77825,9.0
77834,9.0
77844,10.0
77854,10.0
77866,12.0
77875,9.0
77885,10.0
77894,9.0
77903,9.0
77913,10.0
77923,10.0
77932,9.0
77943,11.0
77953,10.0
77963,10.0
77974,11.0
77983,9.0
77992,9.0
78000,8.0
78010,10.0
78019,9.0
78029,10.0
78038,9.0
78047,9.0
78057,10.0
78066,9.0
78075,9.0
78084,9.0
78095,11.0
78105,10.0
78114,9.0
78124,10.0
78135,11.0
78144,9.0
78153,9.0
78162,9.0
78171,9.0
78180,9.0
78192,12.0
78203,11.0
78213,10.0
78222,9.0
78231,9.0
78241,10.0
78251,10.0
78263,12.0
78273,10.0
78285,12.0
78295,10.0
78309,14.0
78415,106.0
78556,141.0
78570,14.0
78579,9.0
78589,10.0
78598,9.0
78608,10.0
78617,9.0
78628,11.0
78638,10.0
78647,9.0
78659,12.0
78672,13.0
78809,137.0
78821,12.0
78835,14.0
78959,124.0
78971,12.0
78982,11.0
79116,134.0
79230,114.0
79355,125.0
79476,121.0
79599,123.0
79611,12.0
79729,118.0
79844,115.0
79966,122.0
80092,126.0
80211,119.0
80330,119.0
80453,123.0
80573,120.0
80689,116.0
80810,121.0
80928,118.0
81049,121.0
81181,132.0
81334,153.0
81498,164.0
81655,157.0
81832,177.0
81969,137.0
82110,141.0
82239,129.0
82370,131.0
82484,114.0
82604,120.0
82745,141.0
82894,149.0
83016,122.0
83171,155.0
83354,183.0
83471,117.0
83587,116.0
83701,114.0
83817,116.0
83973,156.0
84099,126.0
84205,106.0
84309,104.0
84411,102.0
84520,109.0
84626,106.0
84747,121.0
84965,218.0
85056,91.0
85153,97.0
85168,15.0
85177,9.0
85187,10.0
85196,9.0
85206,10.0
85216,10.0
85226,10.0
85236,10.0
85245,9.0
85255,10.0
85267,12.0
85276,9.0
85285,9.0
85295,10.0
85306,11.0
85316,10.0
85327,11.0
85336,9.0
85344,8.0
85353,9.0
85364,11.0
85373,9.0
85382,9.0
85392,10.0
85402,10.0
85411,9.0
85420,9.0
85428,8.0
85436,8.0
85446,10.0
85455,9.0
85465,10.0
85474,9.0
85484,10.0
85493,9.0
85503,10.0
85513,10.0
85524,11.0
85533,9.0
85544,11.0
85555,11.0
85565,10.0
85575,10.0
85586,11.0
85595,9.0
85603,8.0
85612,9.0
85620,8.0
85631,11.0
85641,10.0
85650,9.0
85659,9.0
85669,10.0
85677,8.0
85687,10.0
85695,8.0
85704,9.0
85715,11.0
85725,10.0
85735,10.0
85745,10.0
85753,8.0
85761,8.0
85771,10.0
85781,10.0
85790,9.0
85799,9.0
85808,9.0
85817,9.0
85827,10.0
85837,10.0
85847,10.0
85856,9.0
85865,9.0
85874,9.0
85884,10.0
85893,9.0
85901,8.0
85909,8.0
85918,9.0
85928,10.0
85937,9.0
85949,12.0
85959,10.0
85969,10.0
85977,8.0
85987,10.0
86001,14.0
86011,10.0
86155,144.0
86340,185.0
86511,171.0
86700,189.0
86832,132.0
87079,247.0
87296,217.0
87466,170.0
87659,193.0
87845,186.0
88041,196.0
88198,157.0
88360,162.0
88520,160.0
88680,160.0
88869,189.0
88913,44.0
89080,167.0
89092,12.0
89182,90.0
89301,119.0
89398,97.0
89501,103.0
89594,93.0
89687,93.0
89786,99.0
89875,89.0
89967,92.0
90054,87.0
90152,98.0
90235,83.0
90328,93.0
90424,96.0
90523,99.0
90610,87.0
90716,106.0
90810,94.0
90926,116.0
91019,93.0
91119,100.0
91245,126.0
91341,96.0
91438,97.0
91557,119.0
91714,157.0
91838,124.0
91965,127.0
92092,127.0
92199,107.0
92310,111.0
92421,111.0
92544,123.0
92638,94.0
92751,113.0
92847,96.0
92950,103.0
93046,96.0
93139,93.0
93252,113.0
93326,74.0
93337,11.0
93346,9.0
93356,10.0
93366,10.0
93377,11.0
93388,11.0
93398,10.0
93408,10.0
93417,9.0
93426,9.0
93435,9.0
93443,8.0
93454,11.0
93463,9.0
93474,11.0
93484,10.0
93497,13.0
93573,76.0
93671,98.0
93755,84.0
93826,71.0
93921,95.0
94013,92.0
94104,91.0
94190,86.0
94329,139.0
94493,164.0
94573,80.0
94727,154.0
94864,137.0
95025,161.0
95281,256.0
95427,146.0
95548,121.0
95662,114.0
95760,98.0
95912,152.0
96057,145.0
96169,112.0
96305,136.0
96412,107.0
96524,112.0
96629,105.0
96726,97.0
96830,104.0
96932,102.0
97043,111.0
97147,104.0
97244,97.0
97358,114.0
97369,11.0
97380,11.0
97389,9.0
97400,11.0
97409,9.0
97425,16.0
97436,11.0
97448,12.0
97459,11.0
97472,13.0
97553,81.0
97641,88.0
97739,98.0
97834,95.0
97936,102.0
98039,103.0
98152,113.0
98253,101.0
98342,89.0
98441,99.0
98533,92.0
98627,94.0
98727,100.0
98821,94.0
98921,100.0
99029,108.0
99126,97.0
99220,94.0
99318,98.0
99423,105.0
99507,84.0
99601,94.0
99692,91.0
99787,95.0
99905,118.0
99994,89.0
100080,86.0
100225,145.0
100486,261.0
100495,9.0
100507,12.0
100516,9.0
100527,11.0
100539,12.0
100551,12.0
100567,16.0
100579,12.0
100590,11.0
100603,13.0
100615,12.0
100626,11.0
100638,12.0
100647,9.0
100730,83.0
100884,154.0
101079,195.0
101203,124.0
101314,111.0
101428,114.0
101548,120.0
101658,110.0
101774,116.0
101885,111.0
101994,109.0
102111,117.0
102224,113.0
102344,120.0
102455,111.0
102467,12.0
102481,14.0
102493,12.0
102504,11.0
102516,12.0
102529,13.0
102543,14.0
102553,10.0
102562,9.0
102572,10.0
102585,13.0
102595,10.0
102607,12.0
102619,12.0
102722,103.0
102833,111.0
102952,119.0
103065,113.0
103194,129.0
103329,135.0
103481,152.0
103627,146.0
103767,140.0
103902,135.0
104037,135.0
104174,137.0
104299,125.0
104417,118.0
104549,132.0
104670,121.0
104783,113.0
104909,126.0
105034,125.0
105166,132.0
105295,129.0
105428,133.0
105558,130.0
105703,145.0
105831,128.0
105968,137.0
106104,136.0
106242,138.0
106385,143.0
106528,143.0
106661,133.0
106791,130.0
106931,140.0
107075,144.0
107245,170.0
107657,412.0
107937,280.0
108067,130.0
108076,9.0
108086,10.0
108094,8.0
108103,9.0
108114,11.0
108124,10.0
108135,11.0
108145,10.0
108155,10.0
108166,11.0
108177,11.0
108189,12.0
108200,11.0
108329,129.0
108342,13.0
108463,121.0
108601,138.0
108723,122.0
108850,127.0
108971,121.0
109122,151.0
109262,140.0
109396,134.0
109515,119.0
109649,134.0
109784,135.0
109910,126.0
110032,122.0
110164,132.0
110302,138.0
110458,156.0
110620,162.0
110777,157.0
110934,157.0
111088,154.0
111227,139.0
111334,107.0
111475,141.0
111592,117.0
111724,132.0
111845,121.0
111967,122.0
112082,115.0
112177,95.0
112290,113.0
112441,151.0
112600,159.0
112723,123.0
112736,13.0
112747,11.0
112756,9.0
112765,9.0
112775,10.0
112785,10.0
112795,10.0
112805,10.0
112814,9.0
112823,9.0
112832,9.0
112841,9.0
112849,8.0
112858,9.0
112866,8.0
112875,9.0
112885,10.0
112895,10.0
112905,10.0
112919,14.0
112929,10.0
112937,8.0
112945,8.0
112956,11.0
112965,9.0
112974,9.0
112984,10.0
112994,10.0
113004,10.0
113014,10.0
113024,10.0
113034,10.0
113043,9.0
113053,10.0
113064,11.0
113074,10.0
113086,12.0
113097,11.0
113108,11.0
113120,12.0
113218,98.0
113353,135.0
113466,113.0
113581,115.0
113715,134.0
113834,119.0
113966,132.0
114096,130.0
114211,115.0
114355,144.0
114473,118.0
114612,139.0
114728,116.0
114836,108.0
114943,107.0
115053,110.0
115152,99.0
115260,108.0
115511,251.0
115661,150.0
115813,152.0
115959,146.0
116138,179.0
116243,105.0
116364,121.0
116527,163.0
116642,115.0
116747,105.0
116841,94.0
116936,95.0
117039,103.0
117118,79.0
117220,102.0
117382,162.0
117597,215.0
117787,190.0
117930,143.0
118030,100.0
118116,86.0
118205,89.0
118286,81.0
118383,97.0
118559,176.0
118657,98.0
118756,99.0
118851,95.0
118939,88.0
119034,95.0
119118,84.0
119206,88.0
119314,108.0
119415,101.0
119510,95.0
119624,114.0
119756,132.0
119901,145.0
120008,107.0
120113,105.0
120338,225.0
120507,169.0
120661,154.0
120811,150.0
121027,216.0
121220,193.0
121399,179.0
121499,100.0
121606,107.0
121692,86.0
121787,95.0
121895,108.0
121997,102.0
122083,86.0
122175,92.0
122278,103.0
122368,90.0
122466,98.0
122558,92.0
122655,97.0
122827,172.0
122948,121.0
123081,133.0
123161,80.0
123240,79.0
123324,84.0
123407,83.0
123494,87.0
123577,83.0
123621,44.0
123637,16.0
123648,11.0
123657,9.0
123667,10.0
123676,9.0
123685,9.0
123696,11.0
123705,9.0
123714,9.0
123724,10.0
123735,11.0
123745,10.0
123754,9.0
123763,9.0
123773,10.0
123783,10.0
123791,8.0
123799,8.0
123810,11.0
123820,10.0
123829,9.0
123838,9.0
123846,8.0
123855,9.0
123865,10.0
123873,8.0
123882,9.0
123891,9.0
123901,10.0
123911,10.0
123921,10.0
123929,8.0
123939,10.0
123948,9.0
123959,11.0
123967,8.0
123976,9.0
123986,10.0
123996,10.0
124007,11.0
124017,10.0
124026,9.0
124034,8.0
124042,8.0
124051,9.0
124061,10.0
124071,10.0
124081,10.0
124090,9.0
124099,9.0
124109,10.0
124120,11.0
124130,10.0
124140,10.0
124150,10.0
124160,10.0
124169,9.0
124180,11.0
124189,9.0
124198,9.0
124208,10.0
124219,11.0
124227,8.0
124236,9.0
124244,8.0
124254,10.0
124265,11.0
124274,9.0
124285,11.0
124296,11.0
124306,10.0
124320,14.0
124413,93.0
124530,117.0
124654,124.0
124760,106.0
124880,120.0
124994,114.0
125110,116.0
125202,92.0
125296,94.0
125305,9.0
125394,89.0
125486,92.0
125583,97.0
125673,90.0
125763,90.0
125859,96.0
125943,84.0
126036,93.0
126129,93.0
126217,88.0
126309,92.0
126390,81.0
126402,12.0
126513,111.0
126616,103.0
126733,117.0
126824,91.0
126920,96.0
127034,114.0
127151,117.0
127250,99.0
127347,97.0
127463,116.0
127576,113.0
127690,114.0
127803,113.0
127922,119.0
128032,110.0
128144,112.0
128262,118.0
128373,111.0
128473,100.0
128574,101.0
128686,112.0
128789,103.0
128895,106.0
129058,163.0
129205,147.0
129366,161.0
129506,140.0
129659,153.0
129817,158.0
129968,151.0
130147,179.0
130303,156.0
130545,242.0
130688,143.0
130874,186.0
131041,167.0
131198,157.0
131342,144.0
131562,220.0
131760,198.0
131920,160.0
132102,182.0
132238,136.0
132383,145.0
132528,145.0
132673,145.0
132818,145.0
132957,139.0
133094,137.0
133105,11.0
133226,121.0
133349,123.0
133483,134.0
133600,117.0
133752,152.0
133926,174.0
134072,146.0
134221,149.0
134364,143.0
134498,134.0
134642,144.0
134794,152.0
134956,162.0
135158,202.0
135289,131.0
135402,113.0
135538,136.0
135658,120.0
135774,116.0
135888,114.0
136015,127.0
136135,120.0
136235,100.0
136330,95.0
136424,94.0
136533,109.0
136649,116.0
136760,111.0
136868,108.0
136992,124.0
137114,122.0
137229,115.0
137339,110.0
137466,127.0
137582,116.0
137704,122.0
137819,115.0
137937,118.0
138058,121.0
138211,153.0
138322,111.0
138434,112.0
138559,125.0
138681,122.0
138818,137.0
138954,136.0
139077,123.0
139087,10.0
139095,8.0
139105,10.0
139115,10.0
139123,8.0
139134,11.0
139147,13.0
139157,10.0
139167,10.0
139178,11.0
139188,10.0
139199,11.0
139209,10.0
139218,9.0
139228,10.0
139236,8.0
139246,10.0
139257,11.0
139266,9.0
139276,10.0
139286,10.0
139295,9.0
139306,11.0
139315,9.0
139324,9.0
139334,10.0
139344,10.0
139353,9.0
139362,9.0
139371,9.0
139379,8.0
139391,12.0
139401,10.0
139410,9.0
139420,10.0
139430,10.0
139438,8.0
139447,9.0
139457,10.0
139465,8.0
139473,8.0
139483,10.0
139491,8.0
139501,10.0
139510,9.0
139519,9.0
139528,9.0
139539,11.0
139549,10.0
139559,10.0
139571,12.0
139580,9.0
139588,8.0
139599,11.0
139608,9.0
139617,9.0
139626,9.0
139634,8.0
139644,10.0
139653,9.0
139663,10.0
139677,14.0
139688,11.0
139697,9.0
139707,10.0
139719,12.0
139729,10.0
139737,8.0
139747,10.0
139757,10.0
139766,9.0
139774,8.0
139783,9.0
139793,10.0
139803,10.0
139812,9.0
139823,11.0
139833,10.0
139844,11.0
139854,10.0
139863,9.0
139873,10.0
139882,9.0
139890,8.0
139900,10.0
139910,10.0
139922,12.0
139931,9.0
139941,10.0
139951,10.0
139960,9.0
139969,9.0
139979,10.0
139989,10.0
139999,10.0
140009,10.0
140019,10.0
140028,9.0
140039,11.0
140047,8.0
140058,11.0
140068,10.0
140078,10.0
140087,9.0
140097,10.0
140107,10.0
140117,10.0
140126,9.0
140134,8.0
140143,9.0
140152,9.0
140163,11.0
140172,9.0
140180,8.0
140190,10.0
140200,10.0
140208,8.0
140216,8.0
140227,11.0
140236,9.0
140245,9.0
140255,10.0
140266,11.0
140279,13.0
140289,10.0
140299,10.0
140309,10.0
140428,119.0
140556,128.0
140692,136.0
140825,133.0
140964,139.0
141098,134.0
141230,132.0
141365,135.0
141493,128.0
141627,134.0
141758,131.0
141894,136.0
142021,127.0
142148,127.0
142282,134.0
142404,122.0
142527,123.0
142644,117.0
142772,128.0
142891,119.0
143015,124.0
143136,121.0
143260,124.0
143275,15.0
143287,12.0
143297,10.0
143307,10.0
143316,9.0
143327,11.0
143337,10.0
143348,11.0
143358,10.0
143503,145.0
143638,135.0
143764,126.0
143896,132.0
144029,133.0
144165,136.0
144309,144.0
144470,161.0
144667,197.0
144870,203.0
145065,195.0
145240,175.0
145392,152.0
145552,160.0
145701,149.0
145849,148.0
146000,151.0
146158,158.0
146314,156.0
146449,135.0
146461,12.0
146472,11.0
146481,9.0
146490,9.0
146502,12.0
146700,198.0
146842,142.0
147013,171.0
147191,178.0
147342,151.0
147495,153.0
147647,152.0
147785,138.0
147928,143.0
148087,159.0
148233,146.0
148361,128.0
148493,132.0
148632,139.0
148756,124.0
148882,126.0
149015,133.0
149138,123.0
149150,12.0
149161,11.0
149170,9.0
149182,12.0
149191,9.0
149203,12.0
149214,11.0
149346,132.0
149481,135.0
149611,130.0
149744,133.0
149876,132.0
150009,133.0
150133,124.0
150248,115.0
150360,112.0
150468,108.0
150583,115.0
150693,110.0
150801,108.0
150904,103.0
151015,111.0
151127,112.0
151290,163.0
151595,305.0
151879,284.0
152114,235.0
152318,204.0
152510,192.0
152522,12.0
152532,10.0
152540,8.0
152550,10.0
152561,11.0
152727,166.0
152870,143.0
153010,140.0
153176,166.0
153400,224.0
153682,282.0
153871,189.0
154253,382.0
154263,10.0
154274,11.0
154283,9.0
154295,12.0
154305,10.0
154315,10.0
154323,8.0
154333,10.0
154344,11.0
154356,12.0
154366,10.0
154376,10.0
154385,9.0
154395,10.0
154405,10.0
154414,9.0
154423,9.0
154432,9.0
154441,9.0
154450,9.0
154460,10.0
154471,11.0
154481,10.0
154491,10.0
154501,10.0
154511,10.0
154521,10.0
154531,10.0
154541,10.0
154550,9.0
154558,8.0
154567,9.0
154577,10.0
154586,9.0
154595,9.0
154605,10.0
154613,8.0
154622,9.0
154630,8.0
154640,10.0
154650,10.0
154659,9.0
154669,10.0
154677,8.0
154686,9.0
154695,9.0
154705,10.0
154714,9.0
154725,11.0
154735,10.0
154744,9.0
154753,9.0
154763,10.0
154772,9.0
154780,8.0
154789,9.0
154798,9.0
154809,11.0
154818,9.0
154828,10.0
154839,11.0
154851,12.0
154860,9.0
154872,12.0
154881,9.0
154891,10.0
154901,10.0
154910,9.0
154919,9.0
154929,10.0
154938,9.0
154949,11.0
154958,9.0
154966,8.0
154976,10.0
154986,10.0
154995,9.0
155006,11.0
155015,9.0
155025,10.0
155035,10.0
155044,9.0
155056,12.0
155064,8.0
155073,9.0
155082,9.0
155092,10.0
155102,10.0
155112,10.0
155121,9.0
155131,10.0
155140,9.0
155149,9.0
155159,10.0
155168,9.0
155177,9.0
155187,10.0
155198,11.0
155208,10.0
155217,9.0
155227,10.0
155237,10.0
155246,9.0
155256,10.0
155267,11.0
155277,10.0
155286,9.0
155296,10.0
155305,9.0
155315,10.0
155325,10.0
155335,10.0
155344,9.0
155355,11.0
155364,9.0
155376,12.0
155387,11.0
155416,29.0
155441,25.0
155453,12.0
155479,26.0
155491,12.0
155762,271.0
155774,12.0
155820,46.0
155883,63.0
155908,25.0
155958,50.0
156021,63.0
156032,11.0
156042,10.0
156051,9.0
156061,10.0
156070,9.0
156080,10.0
156091,11.0
156103,12.0
156113,10.0
156123,10.0
156134,11.0
156146,12.0
156157,11.0
156182,25.0
156260,78.0
156285,25.0
156313,28.0
156377,64.0
156389,12.0
156439,50.0
156451,12.0
156477,26.0
156553,76.0
156567,14.0
156638,71.0
156649,11.0
156675,26.0
156786,111.0
156797,11.0
156809,12.0
156837,28.0
156904,67.0
156972,68.0
156982,10.0
156993,11.0
157003,10.0
157014,11.0
157066,52.0
157138,72.0
157151,13.0
157163,12.0
157372,209.0
157504,132.0
157618,114.0
157726,108.0
157828,102.0
157927,99.0
158043,116.0
158145,102.0
158240,95.0
158340,100.0
158439,99.0
158533,94.0
158639,106.0
158741,102.0
158839,98.0
158934,95.0
159025,91.0
159122,97.0
159214,92.0
159303,89.0
159409,106.0
159494,85.0
159585,91.0
159686,101.0
159783,97.0
159874,91.0
159975,101.0
160096,121.0
160231,135.0
160362,131.0
160519,157.0
160673,154.0
160823,150.0
160967,144.0
161135,168.0
161275,140.0
161410,135.0
161541,131.0
161664,123.0
161789,125.0
161961,172.0
162160,199.0
162277,117.0
162371,94.0
162384,13.0
162395,11.0
162404,9.0
162415,11.0
162425,10.0
162435,10.0
162444,9.0
162453,9.0
162465,12.0
162474,9.0
162483,9.0
162493,10.0
162501,8.0
162512,11.0
162522,10.0
162531,9.0
162540,9.0
162619,79.0
162708,89.0
162799,91.0
162902,103.0
163002,100.0
163133,131.0
163288,155.0
163499,211.0
163599,100.0
163750,151.0
163875,125.0
164044,169.0
164205,161.0
164363,158.0
164403,40.0
164414,11.0
164496,82.0
164613,117.0
164818,205.0
164985,167.0
165145,160.0
165305,160.0
165443,138.0
165588,145.0
165768,180.0
165950,182.0
166109,159.0
166269,160.0
166410,141.0
166536,126.0
166684,148.0
166817,133.0
166979,162.0
167161,182.0
167291,130.0
167420,129.0
167434,14.0
167581,147.0
167723,142.0
167863,140.0
167947,84.0
168036,89.0
168133,97.0
168230,97.0
168325,95.0
168447,122.0
168621,174.0
168722,101.0
168880,158.0
169010,130.0
169122,112.0
169252,130.0
169478,226.0
169594,116.0
169715,121.0
169842,127.0
169985,143.0
170135,150.0
170248,113.0
170358,110.0
170541,183.0
170702,161.0
170940,238.0
171179,239.0
171309,130.0
171493,184.0
171623,130.0
171808,185.0
171982,174.0
172104,122.0
172240,136.0
172358,118.0
172475,117.0
172610,135.0
172735,125.0
172845,110.0
172974,129.0
173084,110.0
173187,103.0
173294,107.0
173386,92.0
173479,93.0
173579,100.0
173594,15.0
173606,12.0
173704,98.0
173801,97.0
173911,110.0
174018,107.0
174123,105.0
174231,108.0
174351,120.0
174468,117.0
174589,121.0
174713,124.0
174832,119.0
174957,125.0
175087,130.0
175235,148.0
175399,164.0
175574,175.0
175755,181.0
175960,205.0
176202,242.0
176419,217.0
176594,175.0
176747,153.0
176909,162.0
177046,137.0
177221,175.0
177410,189.0
177668,258.0
177833,165.0
177994,161.0
178130,136.0
178309,179.0
178634,325.0
178954,320.0
179101,147.0
179110,9.0
179121,11.0
179130,9.0
179139,9.0
179148,9.0
179158,10.0
179167,9.0
179177,10.0
179187,10.0
179196,9.0
179205,9.0
179215,10.0
179224,9.0
179235,11.0
179245,10.0
179254,9.0
179265,11.0
179274,9.0
179283,9.0
179294,11.0
179303,9.0
179312,9.0
179321,9.0
179330,9.0
179339,9.0
179348,9.0
179357,9.0
179365,8.0
179375,10.0
179385,10.0
179394,9.0
179404,10.0
179416,12.0
179425,9.0
179434,9.0
179443,9.0
179453,10.0
179461,8.0
179471,10.0
179479,8.0
179490,11.0
179498,8.0
179508,10.0
179516,8.0
179524,8.0
179534,10.0
179543,9.0
179553,10.0
179561,8.0
179571,10.0
179582,11.0
179591,9.0
179600,9.0
179608,8.0
179617,9.0
179627,10.0
179635,8.0
179645,10.0
179653,8.0
179662,9.0
179671,9.0
179679,8.0
179689,10.0
179699,10.0
179709,10.0
179718,9.0
179727,9.0
179736,9.0
179745,9.0
179754,9.0
179764,10.0
179776,12.0
179787,11.0
179797,10.0
179807,10.0
179816,9.0
179826,10.0
179836,10.0
179845,9.0
179853,8.0
179862,9.0
179871,9.0
179881,10.0
179890,9.0
179900,10.0
179909,9.0
179918,9.0
179929,11.0
179939,10.0
179947,8.0
179959,12.0
179970,11.0
179982,12.0
179992,10.0
180002,10.0
180012,10.0
180021,9.0
180029,8.0
180038,9.0
180048,10.0
180060,12.0
180068,8.0
180077,9.0
180086,9.0
180096,10.0
180106,10.0
180115,9.0
180125,10.0
180133,8.0
180144,11.0
180153,9.0
180163,10.0
180172,9.0
180184,12.0
180281,97.0
180402,121.0
180547,145.0
180659,112.0
180771,112.0
180886,115.0
180981,95.0
181112,131.0
181198,86.0
181305,107.0
181317,12.0
181404,87.0
181490,86.0
181579,89.0
181663,84.0
181754,91.0
181854,100.0
181945,91.0
182029,84.0
182126,97.0
182223,97.0
182310,87.0
182403,93.0
182526,123.0
182541,15.0
182635,94.0
182771,136.0
182890,119.0
183001,111.0
183119,118.0
183226,107.0
183343,117.0
183444,101.0
183542,98.0
183665,123.0
183808,143.0
183957,149.0
184096,139.0
184258,162.0
184436,178.0
184554,118.0
184713,159.0
184885,172.0
184999,114.0
185014,15.0
185166,152.0
185280,114.0
185293,13.0
185442,149.0
185726,284.0
185928,202.0
186122,194.0
186372,250.0
186606,234.0
186861,255.0
187132,271.0
187265,133.0
187417,152.0
187555,138.0
187684,129.0
187819,135.0
187987,168.0
188203,216.0
188342,139.0
188480,138.0
188608,128.0
188739,131.0
188908,169.0
189049,141.0
189163,114.0
189270,107.0
189387,117.0
189486,99.0
189581,95.0
189686,105.0
189796,110.0
189907,111.0
190013,106.0
190136,123.0
190233,97.0
190340,107.0
190444,104.0
190550,106.0
190685,135.0
190814,129.0
190969,155.0
191095,126.0
191189,94.0
191304,115.0
191441,137.0
191565,124.0
191663,98.0
191773,110.0
191887,114.0
191983,96.0
192080,97.0
192171,91.0
192265,94.0
192356,91.0
192455,99.0
192547,92.0
192638,91.0
192777,139.0
192951,174.0
193090,139.0
193181,91.0
193289,108.0
193506,217.0
193738,232.0
193960,222.0
194059,99.0
194071,12.0
194081,10.0
194089,8.0
194097,8.0
194107,10.0
194116,9.0
194125,9.0
194136,11.0
194146,10.0
194157,11.0
194169,12.0
194180,11.0
194269,89.0
194355,86.0
194430,75.0
194441,11.0
194506,65.0
194581,75.0
194657,76.0
194668,11.0
194746,78.0
194829,83.0
194842,13.0
194907,65.0
194980,73.0
195059,79.0
195146,87.0
195227,81.0
195303,76.0
195394,91.0
195483,89.0
195564,81.0
195652,88.0
195741,89.0
195821,80.0
195907,86.0
195999,92.0
196083,84.0
196166,83.0
196251,85.0
196339,88.0
196422,83.0
196433,11.0
196518,85.0
196596,78.0
196681,85.0
196764,83.0
196858,94.0
196942,84.0
197030,88.0
197113,83.0
197212,99.0
197299,87.0
197400,101.0
197485,85.0
197569,84.0
197658,89.0
197744,86.0
197825,81.0
197910,85.0
197995,85.0
198077,82.0
198164,87.0
198249,85.0
198332,83.0
198421,89.0
198504,83.0
198593,89.0
198682,89.0
198768,86.0
198857,89.0
198947,90.0
199072,125.0
199282,210.0
199545,263.0
199889,344.0
200040,151.0
200234,194.0
200539,305.0
200802,263.0
201003,201.0
201174,171.0
201295,121.0
201424,129.0
201536,112.0
201647,111.0
201772,125.0
201898,126.0
201997,99.0
202158,161.0
202282,124.0
202293,11.0
202307,14.0
202318,11.0
202329,11.0
202435,106.0
202536,101.0
202629,93.0
202643,14.0
202729,86.0
202795,66.0
202867,72.0
202948,81.0
203028,80.0
203096,68.0
203113,17.0
203190,77.0
203269,79.0
203357,88.0
203451,94.0
203527,76.0
203609,82.0
203699,90.0
203783,84.0
203875,92.0
203963,88.0
204054,91.0
204129,75.0
204208,79.0
204290,82.0
204377,87.0
204461,84.0
204534,73.0
204616,82.0
204703,87.0
204786,83.0
204863,77.0
204944,81.0
205034,90.0
205137,103.0
205236,99.0
205327,91.0
205436,109.0
205563,127.0
205704,141.0
205816,112.0
205911,95.0
206001,90.0
206087,86.0
206103,16.0
206177,74.0
206256,79.0
206334,78.0
206406,72.0
206488,82.0
206568,80.0
206642,74.0
206715,73.0
206794,79.0
206869,75.0
206884,15.0
206951,67.0
207023,72.0
207106,83.0
207192,86.0
207273,81.0
207350,77.0
207438,88.0
207536,98.0
207615,79.0
207717,102.0
207806,89.0
207894,88.0
207987,93.0
208070,83.0
208155,85.0
208242,87.0
208319,77.0
208395,76.0
208470,75.0
208560,90.0
208650,90.0
208726,76.0
208804,78.0
208890,86.0
208974,84.0
209056,82.0
209157,101.0
209272,115.0
209420,148.0
209568,148.0
209808,240.0
209878,70.0
209971,93.0
210118,147.0
210213,95.0
210307,94.0
210397,90.0
210483,86.0
210566,83.0
210652,86.0
210737,85.0
210828,91.0
210926,98.0
211010,84.0
211105,95.0
211210,105.0
211328,118.0
211450,122.0
211593,143.0
211750,157.0
211889,139.0
212005,116.0
212018,13.0
212030,12.0
212039,9.0
212051,12.0
212062,11.0
212073,11.0
212085,12.0
212192,107.0
212202,10.0
212300,98.0
212402,102.0
212418,16.0
212532,114.0
212647,115.0
212746,99.0
212846,100.0
212935,89.0
213020,85.0
213117,97.0
213204,87.0
213288,84.0
213371,83.0
213382,11.0
213466,84.0
213563,97.0
213657,94.0
213747,90.0
213837,90.0
213917,80.0
214001,84.0
214091,90.0
214189,98.0
214296,107.0
214412,116.0
214528,116.0
214670,142.0
214815,145.0
214941,126.0
215066,125.0
215227,161.0
215409,182.0
215585,176.0
215747,162.0
215919,172.0
216091,172.0
216368,277.0
216666,298.0
216677,11.0
216687,10.0
216698,11.0
216708,10.0
216717,9.0
216726,9.0
216735,9.0
216745,10.0
216753,8.0
216762,9.0
216771,9.0
216780,9.0
216790,10.0
216800,10.0
216810,10.0
216822,12.0
216831,9.0
216840,9.0
216850,10.0
216861,11.0
216870,9.0
216880,10.0
216890,10.0
216899,9.0
216907,8.0
216917,10.0
216926,9.0
216937,11.0
216947,10.0
216955,8.0
216967,12.0
216975,8.0
216984,9.0
216994,10.0
217004,10.0
217013,9.0
217025,12.0
217035,10.0
217045,10.0
217055,10.0
217064,9.0
217074,10.0
217083,9.0
217093,10.0
217103,10.0
217113,10.0
217122,9.0
217133,11.0
217142,9.0
217152,10.0
217161,9.0
217170,9.0
217180,10.0
217189,9.0
217200,11.0
217209,9.0
217219,10.0
217230,11.0
217240,10.0
217249,9.0
217258,9.0
217268,10.0
217278,10.0
217288,10.0
217297,9.0
217307,10.0
217317,10.0
217329,12.0
217340,11.0
217350,10.0
217360,10.0
217369,9.0
217378,9.0
217387,9.0
217397,10.0
217408,11.0
217419,11.0
217428,9.0
217437,9.0
217446,9.0
217456,10.0
217466,10.0
217476,10.0
217488,12.0
217500,12.0
217510,10.0
217521,11.0
217532,11.0
217546,14.0
217556,10.0
217569,13.0
217579,10.0
217649,70.0
217744,95.0
217834,90.0
217941,107.0
218047,106.0
218136,89.0
218225,89.0
218306,81.0
218400,94.0
218490,90.0
218576,86.0
218663,87.0
218747,84.0
218833,86.0
218919,86.0
219004,85.0
219098,94.0
219182,84.0
219267,85.0
219358,91.0
219446,88.0
219527,81.0
219609,82.0
219620,11.0
219632,12.0
219641,9.0
219652,11.0
219663,11.0
219674,11.0
219684,10.0
219697,13.0
219708,11.0
219796,88.0
219897,101.0
219990,93.0
220083,93.0
220169,86.0
220181,12.0
220259,78.0
220343,84.0
220428,85.0
220505,77.0
220580,75.0
220658,78.0
220740,82.0
220822,82.0
220894,72.0
220979,85.0
221063,84.0
221140,77.0
221216,76.0
221299,83.0
221372,73.0
221387,15.0
221399,12.0
221411,12.0
221421,10.0
221433,12.0
221444,11.0
221455,11.0
221531,76.0
221613,82.0
221692,79.0
221765,73.0
221844,79.0
221925,81.0
222003,78.0
222084,81.0
222162,78.0
222238,76.0
222311,73.0
222395,84.0
222469,74.0
222541,72.0
222617,76.0
222693,76.0
222771,78.0
222853,82.0
222925,72.0
222998,73.0
223076,78.0
223157,81.0
223245,88.0
223340,95.0
223430,90.0
223519,89.0
223615,96.0
223706,91.0
223798,92.0
223886,88.0
223979,93.0
224084,105.0
224180,96.0
224278,98.0
224290,12.0
224371,81.0
224383,12.0
224489,106.0
224593,104.0
224695,102.0
224793,98.0
224891,98.0
224980,89.0
225074,94.0
225171,97.0
225279,108.0
225372,93.0
225474,102.0
225568,94.0
225677,109.0
225797,120.0
225911,114.0
226033,122.0
226144,111.0
226245,101.0
226349,104.0
226450,101.0
226582,132.0
226726,144.0
226906,180.0
227049,143.0
227181,132.0
227286,105.0
227412,126.0
227526,114.0
227662,136.0
227798,136.0
227928,130.0
228036,108.0
228136,100.0
228236,100.0
228328,92.0
228426,98.0
228519,93.0
228607,88.0
228700,93.0
228825,125.0
228943,118.0
229054,111.0
229205,151.0
229356,151.0
229369,13.0
229481,112.0
229653,172.0
229820,167.0
229987,167.0
230108,121.0
230218,110.0
230323,105.0
230428,105.0
230534,106.0
230632,98.0
230740,108.0
230843,103.0
230941,98.0
231045,104.0
231173,128.0
231298,125.0
231424,126.0
231556,132.0
231677,121.0
231808,131.0
231942,134.0
232080,138.0
232217,137.0
232328,111.0
232430,102.0
232531,101.0
232638,107.0
232736,98.0
232863,127.0
232979,116.0
233119,140.0
233291,172.0
233417,126.0
233560,143.0
233692,132.0
233825,133.0
233960,135.0
234096,136.0
234232,136.0
234381,149.0
234584,203.0
234751,167.0
234854,103.0
234948,94.0
235054,106.0
235064,10.0
235075,11.0
235084,9.0
235093,9.0
235103,10.0
235113,10.0
235121,8.0
235130,9.0
235139,9.0
235149,10.0
235159,10.0
235170,11.0
235179,9.0
235190,11.0
235202,12.0
235213,11.0
235225,12.0
235237,12.0
235248,11.0
235260,12.0
235274,14.0
235285,11.0
235360,75.0
235446,86.0
235515,69.0
235599,84.0
235678,79.0
235758,80.0
235831,73.0
235912,81.0
235988,76.0
236072,84.0
236084,12.0
236095,11.0
236104,9.0
236112,8.0
236125,13.0
236136,11.0
236146,10.0
236156,10.0
236166,10.0
236175,9.0
236185,10.0
236195,10.0
236204,9.0
236213,9.0
236222,9.0
236230,8.0
236242,12.0
236253,11.0
236264,11.0
236275,11.0
236285,10.0
236294,9.0
236306,12.0
236317,11.0
236328,11.0
236340,12.0
236351,11.0
236367,16.0
236441,74.0
236516,75.0
236594,78.0
236606,12.0
236621,15.0
236697,76.0
236774,77.0
236851,77.0
236933,82.0
236951,18.0
237033,82.0
237109,76.0
237183,74.0
237259,76.0
237271,12.0
237286,15.0
237295,9.0
237306,11.0
237316,10.0
237326,10.0
237337,11.0
237348,11.0
237358,10.0
237369,11.0
237381,12.0
237392,11.0
237472,80.0
237482,10.0
237563,81.0
237649,86.0
237733,84.0
237745,12.0
237835,90.0
237924,89.0
238015,91.0
238100,85.0
238192,92.0
238290,98.0
238385,95.0
238480,95.0
238581,101.0
238677,96.0
238687,10.0
238789,102.0
238889,100.0
238985,96.0
239093,108.0
239191,98.0
239295,104.0
239395,100.0
239492,97.0
239598,106.0
239698,100.0
239796,98.0
239896,100.0
239999,103.0
240110,111.0
240209,99.0
240309,100.0
240417,108.0
240519,102.0
240624,105.0
240737,113.0
240847,110.0
240954,107.0
241060,106.0
241170,110.0
241279,109.0
241378,99.0
241483,105.0
241593,110.0
241712,119.0
241820,108.0
241936,116.0
242055,119.0
242178,123.0
242299,121.0
242422,123.0
242538,116.0
242650,112.0
242778,128.0
242910,132.0
243037,127.0
243244,207.0
243391,147.0
243519,128.0
243671,152.0
243809,138.0
243936,127.0
244097,161.0
244259,162.0
244533,274.0
244661,128.0
244975,314.0
245142,167.0
245260,118.0
245382,122.0
245497,115.0
245614,117.0
245727,113.0
245850,123.0
245958,108.0
246064,106.0
246079,15.0
246091,12.0
246101,10.0
246111,10.0
246121,10.0
246131,10.0
246142,11.0
246152,10.0
246162,10.0
246171,9.0
246180,9.0
246189,9.0
246197,8.0
246207,10.0
246216,9.0
246226,10.0
246237,11.0
246246,9.0
246255,9.0
246263,8.0
246273,10.0
246282,9.0
246293,11.0
246302,9.0
246311,9.0
246321,10.0
246331,10.0
246341,10.0
246351,10.0
246360,9.0
246370,10.0
246380,10.0
246390,10.0
246400,10.0
246411,11.0
246420,9.0
246429,9.0
246440,11.0
246450,10.0
246459,9.0
246469,10.0
246479,10.0
246489,10.0
246498,9.0
246509,11.0
246521,12.0
246531,10.0
246540,9.0
246549,9.0
246560,11.0
246570,10.0
246581,11.0
246590,9.0
246600,10.0
246611,11.0
246621,10.0
246631,10.0
246737,106.0
246851,114.0
246957,106.0
247072,115.0
247158,86.0
247265,107.0
247381,116.0
247492,111.0
247602,110.0
247716,114.0
247728,12.0
247828,100.0
247940,112.0
248054,114.0
248176,122.0
248291,115.0
248423,132.0
248550,127.0
248683,133.0
248814,131.0
248945,131.0
249071,126.0
249204,133.0
249324,120.0
249448,124.0
249579,131.0
249702,123.0
249823,121.0
249836,13.0
249850,14.0
249963,113.0
250082,119.0
250246,164.0
250530,284.0
250788,258.0
250944,156.0
251121,177.0
251296,175.0
251510,214.0
251685,175.0
251844,159.0
251992,148.0
252121,129.0
252242,121.0
252361,119.0
252477,116.0
252598,121.0
252721,123.0
252839,118.0
252960,121.0
253077,117.0
253086,9.0
253095,9.0
253104,9.0
253113,9.0
253122,9.0
253233,111.0
253344,111.0
253456,112.0
253571,115.0
253580,9.0
253590,10.0
253600,10.0
253610,10.0
253620,10.0
253631,11.0
253642,11.0
253653,11.0
253664,11.0
253675,11.0
253684,9.0
253696,12.0
253706,10.0
253719,13.0
253730,11.0
253839,109.0
253961,122.0
254081,120.0
254196,115.0
254308,112.0
254429,121.0
254546,117.0
254663,117.0
254774,111.0
254889,115.0
255009,120.0
255141,132.0
255291,150.0
255479,188.0
255682,203.0
255930,248.0
256238,308.0
256397,159.0
256538,141.0
256664,126.0
256675,11.0
256685,10.0
256695,10.0
256705,10.0
256715,10.0
256725,10.0
256737,12.0
257009,272.0
257201,192.0
257212,11.0
257224,12.0
257234,10.0
257246,12.0
257259,13.0
257269,10.0
257278,9.0
257468,190.0
257605,137.0
257617,12.0
257793,176.0
258012,219.0
258021,9.0
258031,10.0
258042,11.0
258052,10.0
258062,10.0
258073,11.0
258085,12.0
258096,11.0
258106,10.0
258116,10.0
258127,11.0
258139,12.0
258149,10.0
258161,12.0
258172,11.0
258184,12.0
258308,124.0
258437,129.0
258561,124.0
258683,122.0
258822,139.0
258942,120.0
259056,114.0
259176,120.0
259289,113.0
259301,12.0
259423,122.0
259541,118.0
259666,125.0
259678,12.0
259804,126.0
259929,125.0
260045,116.0
260058,13.0
260175,117.0
260298,123.0
260415,117.0
260528,113.0
260647,119.0
260765,118.0
260882,117.0
261002,120.0
261120,118.0
261243,123.0
261364,121.0
261484,120.0
261613,129.0
261731,118.0
261850,119.0
261980,130.0
262102,122.0
262223,121.0
262354,131.0
262486,132.0
262624,138.0
262748,124.0
262877,129.0
262997,120.0
263135,138.0
263259,124.0
263384,125.0
263506,122.0
263630,124.0
263775,145.0
264047,272.0
264259,212.0
264392,133.0
264517,125.0
264644,127.0
264766,122.0
264949,183.0
265115,166.0
265221,106.0
265416,195.0
265524,108.0
265637,113.0
265731,94.0
265840,109.0
265951,111.0
266058,107.0
266244,186.0
266334,90.0
266464,130.0
266608,144.0
266719,111.0
266830,111.0
266954,124.0
267077,123.0
267232,155.0
267429,197.0
267583,154.0
267775,192.0
267970,195.0
268155,185.0
268284,129.0
268605,321.0
268773,168.0
268954,181.0
269088,134.0
269211,123.0
269329,118.0
269452,123.0
269643,191.0
269916,273.0
270072,156.0
270211,139.0
270421,210.0
270551,130.0
270678,127.0
270812,134.0
270930,118.0
271062,132.0
271071,9.0
271081,10.0
271091,10.0
271101,10.0
271110,9.0
271119,9.0
271128,9.0
271138,10.0
271149,11.0
271158,9.0
271169,11.0
271177,8.0
271186,9.0
271196,10.0
271205,9.0
271213,8.0
271222,9.0
271232,10.0
271242,10.0
271251,9.0
271260,9.0
271268,8.0
271278,10.0
271287,9.0
271297,10.0
271305,8.0
271315,10.0
271324,9.0
271334,10.0
271346,12.0
271354,8.0
271363,9.0
271374,11.0
271384,10.0
271393,9.0
271402,9.0
271412,10.0
271421,9.0
271430,9.0
271439,9.0
271448,9.0
271456,8.0
271465,9.0
271475,10.0
271484,9.0
271495,11.0
271504,9.0
271514,10.0
271524,10.0
271535,11.0
271544,9.0
271553,9.0
271564,11.0
271574,10.0
271583,9.0
271592,9.0
271601,9.0
271612,11.0
271622,10.0
271631,9.0
271641,10.0
271653,12.0
271663,10.0
271673,10.0
271683,10.0
271693,10.0
271703,10.0
271712,9.0
271723,11.0
271732,9.0
271742,10.0
271752,10.0
271762,10.0
271770,8.0
271780,10.0
271789,9.0
271799,10.0
271809,10.0
271819,10.0
271829,10.0
271838,9.0
271848,10.0
271857,9.0
271867,10.0
271877,10.0
271886,9.0
271895,9.0
271905,10.0
271915,10.0
271925,10.0
271937,12.0
271948,11.0
272065,117.0
272188,123.0
272332,144.0
272491,159.0
272652,161.0
272807,155.0
272962,155.0
273132,170.0
273143,11.0
273157,14.0
273168,11.0
273178,10.0
273188,10.0
273199,11.0
273210,11.0
273220,10.0
273229,9.0
273240,11.0
273250,10.0
273260,10.0
273269,9.0
273280,11.0
273292,12.0
273460,168.0
273599,139.0
273728,129.0
273845,117.0
273957,112.0
274058,101.0
274160,102.0
274266,106.0
274385,119.0
274492,107.0
274601,109.0
274713,112.0
274817,104.0
274924,107.0
275031,107.0
275163,132.0
275317,154.0
275462,145.0
275589,127.0
275718,129.0
275853,135.0
275969,116.0
276154,185.0
276289,135.0
276474,185.0
276666,192.0
276863,197.0
277065,202.0
277281,216.0
277524,243.0
277754,230.0
277953,199.0
278108,155.0
278220,112.0
278345,125.0
278485,140.0
278606,121.0
278730,124.0
278847,117.0
278977,130.0
279090,113.0
279101,11.0
279113,12.0
279123,10.0
279133,10.0
279142,9.0
279151,9.0
279161,10.0
279169,8.0
279178,9.0
279187,9.0
279196,9.0
279205,9.0
279213,8.0
279223,10.0
279233,10.0
279242,9.0
279251,9.0
279262,11.0
279272,10.0
279280,8.0
279291,11.0
279299,8.0
279308,9.0
279319,11.0
279333,14.0
279342,9.0
279353,11.0
279362,9.0
279370,8.0
279379,9.0
279388,9.0
279399,11.0
279408,9.0
279419,11.0
279429,10.0
279439,10.0
279448,9.0
279457,9.0
279467,10.0
279476,9.0
279485,9.0
279495,10.0
279504,9.0
279513,9.0
279523,10.0
279531,8.0
279541,10.0
279551,10.0
279561,10.0
279571,10.0
279579,8.0
279588,9.0
279597,9.0
279607,10.0
279616,9.0
279626,10.0
279635,9.0
279645,10.0
279655,10.0
279665,10.0
279673,8.0
279683,10.0
279693,10.0
279703,10.0
279713,10.0
279724,11.0
279733,9.0
279743,10.0
279753,10.0
279763,10.0
279772,9.0
279781,9.0
279790,9.0
279800,10.0
279809,9.0
279818,9.0
279827,9.0
279837,10.0
279847,10.0
279859,12.0
279869,10.0
279879,10.0
279889,10.0
279898,9.0
279908,10.0
279918,10.0
279928,10.0
279936,8.0
279946,10.0
279956,10.0
279964,8.0
279975,11.0
279984,9.0
279993,9.0
280002,9.0
280011,9.0
280023,12.0
280034,11.0
280044,10.0
280053,9.0
280064,11.0
280073,9.0
280083,10.0
280092,9.0
280100,8.0
280108,8.0
280118,10.0
280127,9.0
280137,10.0
280145,8.0
280155,10.0
280164,9.0
280173,9.0
280183,10.0
280192,9.0
280202,10.0
280213,11.0
280223,10.0
280232,9.0
280243,11.0
280255,12.0
280264,9.0
280273,9.0
280284,11.0
280294,10.0
280303,9.0
280313,10.0
280324,11.0
280337,13.0
280346,9.0
280357,11.0
280367,10.0
280376,9.0
280386,10.0
280396,10.0
280407,11.0
280417,10.0
280427,10.0
280438,11.0
280449,11.0
280460,11.0
280471,11.0
280482,11.0
280494,12.0
280504,10.0
280513,9.0
280525,12.0
280535,10.0
280547,12.0
280598,51.0
280702,104.0
280811,109.0
280821,10.0
280934,113.0
281060,126.0
281172,112.0
281283,111.0
281391,108.0
281500,109.0
281609,109.0
281713,104.0
281824,111.0
281929,105.0
282029,100.0
282128,99.0
282141,13.0
282245,104.0
282349,104.0
282447,98.0
282554,107.0
282658,104.0
282765,107.0
282866,101.0
282967,101.0
283057,90.0
283163,106.0
283279,116.0
283405,126.0
283539,134.0
283667,128.0
283801,134.0
283933,132.0
284066,133.0
284188,122.0
284327,139.0
284459,132.0
284586,127.0
284698,112.0
284813,115.0
284915,102.0
285028,113.0
285187,159.0
285400,213.0
285593,193.0
285782,189.0
285948,166.0
286114,166.0
286285,171.0
286465,180.0
286667,202.0
286834,167.0
287032,198.0
287247,215.0
287487,240.0
287739,252.0
287881,142.0
288030,149.0
288353,323.0
288853,500.0
288988,135.0
289131,143.0
289298,167.0
289504,206.0
289716,212.0
289893,177.0
290142,249.0
290155,13.0
290165,10.0
290175,10.0
290183,8.0
290193,10.0
290203,10.0
290212,9.0
290223,11.0
290232,9.0
290241,9.0
290251,10.0
290259,8.0
290269,10.0
290278,9.0
290287,9.0
290296,9.0
290305,9.0
290317,12.0
290327,10.0
290341,14.0
290350,9.0
290358,8.0
290370,12.0
290381,11.0
290391,10.0
290400,9.0
290411,11.0
290421,10.0
290434,13.0
290448,14.0
290562,114.0
290692,130.0
290840,148.0
291007,167.0
291192,185.0
291692,500.0
291889,197.0
292188,299.0
292383,195.0
292536,153.0
292676,140.0
292798,122.0
292913,115.0
293032,119.0
293046,14.0
293056,10.0
293066,10.0
293075,9.0
293085,10.0
293094,9.0
293103,9.0
293113,10.0
293123,10.0
293133,10.0
293142,9.0
293152,10.0
293163,11.0
293172,9.0
293182,10.0
293192,10.0
293201,9.0
293211,10.0
293222,11.0
293232,10.0
293242,10.0
293362,120.0
293486,124.0
293631,145.0
293781,150.0
293931,150.0
294080,149.0
294261,181.0
294465,204.0
294659,194.0
294809,150.0
294819,10.0
294848,29.0
294873,25.0
295032,159.0
295233,201.0
295440,207.0
295460,20.0
295745,285.0
296111,366.0
296307,196.0
296499,192.0
296695,196.0
296962,267.0
296992,30.0
297027,35.0
297037,10.0
297047,10.0
297060,13.0
297068,8.0
297077,9.0
297086,9.0
297095,9.0
297108,13.0
297120,12.0
297268,148.0
297280,12.0
297293,13.0
297307,14.0
297355,48.0
297388,33.0
297400,12.0
297480,80.0
297629,149.0
297641,12.0
297656,15.0
297666,10.0
297805,139.0
297923,118.0
297934,11.0
297972,38.0
297984,12.0
297994,10.0
298099,105.0
298111,12.0
298120,9.0
298130,10.0
298142,12.0
298152,10.0
298162,10.0
298174,12.0
298184,10.0
298290,106.0
298301,11.0
298311,10.0
298416,105.0
298426,10.0
298536,110.0
298546,10.0
298645,99.0
298747,102.0
298843,96.0
298954,111.0
299055,101.0
299155,100.0
299164,9.0
299176,12.0
299275,99.0
299286,11.0
299297,11.0
299307,10.0
299320,13.0
299330,10.0
299340,10.0
299353,13.0
299365,12.0
299473,108.0
299486,13.0
299496,10.0
299601,105.0
299702,101.0
299812,110.0
299919,107.0
300036,117.0
300141,105.0
300248,107.0
300353,105.0
300460,107.0
300572,112.0
300583,11.0
300698,115.0
300802,104.0
300914,112.0
301027,113.0
301153,126.0
301279,126.0
301401,122.0
301519,118.0
301636,117.0
301648,12.0
301772,124.0
301905,133.0
302032,127.0
302162,130.0
302298,136.0
302430,132.0
302570,140.0
302704,134.0
302848,144.0
302990,142.0
303142,152.0
303324,182.0
303498,174.0
303666,168.0
303842,176.0
304013,171.0
304211,198.0
304443,232.0
304641,198.0
304846,205.0
305032,186.0
305259,227.0
305446,187.0
305724,278.0
305935,211.0
306178,243.0
306386,208.0
306542,156.0
306709,167.0
306874,165.0
307135,261.0
307346,211.0
307356,10.0
307368,12.0
307378,10.0
307388,10.0
307397,9.0
307408,11.0
307419,11.0
307431,12.0
307441,10.0
307576,135.0
307829,253.0
308079,250.0
308223,144.0
308378,155.0
308526,148.0
308668,142.0
308824,156.0
308981,157.0
309168,187.0
309288,120.0
309402,114.0
309561,159.0
309692,131.0
309812,120.0
309929,117.0
310033,104.0
310149,116.0
310296,147.0
310486,190.0
310794,308.0
310971,177.0
311126,155.0
311292,166.0
311506,214.0
311706,200.0
312089,383.0
312257,168.0
312393,136.0
312407,14.0
312520,113.0
312664,144.0
313026,362.0
313381,355.0
313881,500.0
314022,141.0
314175,153.0
314370,195.0
314548,178.0
314734,186.0
315050,316.0
315296,246.0
315684,388.0
315857,173.0
316040,183.0
316212,172.0
316478,266.0
316978,500.0
317456,478.0
317761,305.0
317941,180.0
318097,156.0
318254,157.0
318265,11.0
318765,500.0
319265,500.0
319423,158.0
319560,137.0
319721,161.0
319893,172.0
320393,500.0
320533,140.0
320679,146.0
320838,159.0
321003,165.0
321218,215.0
321718,500.0
321852,134.0
321994,142.0
322146,152.0
322392,246.0
322708,316.0
323000,292.0
323500,500.0
324000,500.0
324350,350.0
324511,161.0
324677,166.0
324838,161.0
325011,173.0
325192,181.0
325424,232.0
325718,294.0
326184,466.0
326684,500.0
327184,500.0
327404,220.0
327904,500.0
327930,26.0
328174,244.0
328261,87.0
328273,12.0
328283,10.0
328295,12.0
328515,220.0
328525,10.0
328537,12.0
328684,147.0
328696,12.0
328832,136.0
328843,11.0
328857,14.0
328975,118.0
328985,10.0
329105,120.0
329117,12.0
329131,14.0
329147,16.0
329274,127.0
329396,122.0
329510,114.0
329631,121.0
329646,15.0
329765,119.0
329892,127.0
330009,117.0
330131,122.0
330252,121.0
330366,114.0
330483,117.0
330493,10.0
330616,123.0
330729,113.0
330842,113.0
330968,126.0
331095,127.0
331226,131.0
331358,132.0
331498,140.0
331641,143.0
331777,136.0
331924,147.0
332057,133.0
332225,168.0
332383,158.0
332548,165.0
332701,153.0
332866,165.0
333035,169.0
333220,185.0
333457,237.0
333690,233.0
333941,251.0
334165,224.0
334665,500.0
334798,133.0
334809,11.0
334942,133.0
335075,133.0
335285,210.0
335560,275.0
335728,168.0
335888,160.0
336045,157.0
336285,240.0
336785,500.0
337080,295.0
337316,236.0
337430,114.0
337441,11.0
337452,11.0
337462,10.0
337472,10.0
337484,12.0
337496,12.0
337506,10.0
337515,9.0
337524,9.0
337534,10.0
337544,10.0
337557,13.0
337568,11.0
337580,12.0
337590,10.0
337601,11.0
337613,12.0
337626,13.0
337726,100.0
337836,110.0
337940,104.0
338054,114.0
338164,110.0
338276,112.0
338391,115.0
338520,129.0
338631,111.0
338749,118.0
338873,124.0
338988,115.0
339103,115.0
339217,114.0
339330,113.0
339341,11.0
339453,112.0
339568,115.0
339688,120.0
339804,116.0
339915,111.0
340031,116.0
340143,112.0
340255,112.0
340371,116.0
340494,123.0
340611,117.0
340728,117.0
340847,119.0
340957,110.0
341080,123.0
341187,107.0
341293,106.0
341402,109.0
341524,122.0
341630,106.0
341741,111.0
341848,107.0
341953,105.0
342062,109.0
342177,115.0
342281,104.0
342384,103.0
342495,111.0
342603,108.0
342711,108.0
342829,118.0
342934,105.0
343038,104.0
343211,173.0
343608,397.0
343944,336.0
344149,205.0
344297,148.0
344487,190.0
344607,120.0
344618,11.0
344733,115.0
344841,108.0
344957,116.0
345089,132.0
345231,142.0
345372,141.0
345531,159.0
345681,150.0
345825,144.0
345835,10.0
345848,13.0
345989,141.0
345999,10.0
346012,13.0
346157,145.0
346314,157.0
346325,11.0
346481,156.0
346492,11.0
346683,191.0
346876,193.0
347059,183.0
347223,164.0
347402,179.0
347570,168.0
347755,185.0
347942,187.0
348109,167.0
348256,147.0
348402,146.0
348553,151.0
348699,146.0
348843,144.0
348981,138.0
349481,500.0
349643,162.0
349823,180.0
350099,276.0
350599,500.0
350884,285.0
351263,379.0
351494,231.0
351708,214.0
351927,219.0
352117,190.0
352274,157.0
352406,132.0
352535,129.0
352547,12.0
352558,11.0
352569,11.0
352579,10.0
352589,10.0
352599,10.0
352610,11.0
352620,10.0
352630,10.0
352641,11.0
352651,10.0
352662,11.0
352674,12.0
352684,10.0
352695,11.0
352705,10.0
352716,11.0
352726,10.0
352735,9.0
352746,11.0
352757,11.0
352767,10.0
352779,12.0
352790,11.0
352801,11.0
352813,12.0
352825,12.0
352941,116.0
352953,12.0
353155,202.0
353293,138.0
353307,14.0
353417,110.0
353532,115.0
353642,110.0
353653,11.0
353760,107.0
353869,109.0
353980,111.0
354083,103.0
354186,103.0
354291,105.0
354389,98.0
354398,9.0
354411,13.0
354422,11.0
354527,105.0
354646,119.0
354768,122.0
354781,13.0
354893,112.0
355027,134.0
355143,116.0
355155,12.0
355266,111.0
355381,115.0
355502,121.0
355624,122.0
355747,123.0
355870,123.0
355881,11.0
356025,144.0
356213,188.0
356456,243.0
356730,274.0
356980,250.0
357221,241.0
357467,246.0
357719,252.0
357984,265.0
358220,236.0
358500,280.0
358837,337.0
359090,253.0
359590,500.0
359829,239.0
360000,171.0
360197,197.0
360446,249.0
360613,167.0
360627,14.0
360780,153.0
360936,156.0
361098,162.0
361244,146.0
361380,136.0
361524,144.0
361659,135.0
361785,126.0
361962,177.0
362126,164.0
362235,109.0
362345,110.0
362452,107.0
362464,12.0
362481,17.0
362605,124.0
362741,136.0
362859,118.0
362983,124.0
363114,131.0
363266,152.0
363423,157.0
363593,170.0
363804,211.0
364027,223.0
364246,219.0
364470,224.0
364695,225.0
364924,229.0
365159,235.0
365397,238.0
365657,260.0
365905,248.0
366171,266.0
366470,299.0
366739,269.0
367015,276.0
367515,500.0
368015,500.0
368515,500.0
368839,324.0
368852,13.0
369063,211.0
369313,250.0
369813,500.0
370004,191.0
370091,87.0
370281,190.0
370560,279.0
370774,214.0
370965,191.0
371155,190.0
371422,267.0
371649,227.0
371852,203.0
372058,206.0
372284,226.0
372784,500.0
372969,185.0
373247,278.0
373747,500.0
374247,500.0
374747,500.0
375137,390.0
375296,159.0
375309,13.0
375321,12.0
375332,11.0
375342,10.0
375353,11.0
375363,10.0
375373,10.0
375383,10.0
375394,11.0
375405,11.0
375415,10.0
375426,11.0
375439,13.0
375450,11.0
375461,11.0
375472,11.0
375597,125.0
375737,140.0
375882,145.0
376050,168.0
376245,195.0
376478,233.0
376722,244.0
376925,203.0
377170,245.0
377182,12.0
377193,11.0
377204,11.0
377214,10.0
377224,10.0
377234,10.0
377243,9.0
377252,9.0
377262,10.0
377271,9.0
377282,11.0
377291,9.0
377303,12.0
377314,11.0
377591,277.0
377834,243.0
378088,254.0
378314,226.0
378327,13.0
378355,28.0
378541,186.0
378554,13.0
378707,153.0
378912,205.0
379081,169.0
379092,11.0
379102,10.0
379283,181.0
379294,11.0
379537,243.0
379899,362.0
379910,11.0
379945,35.0
380190,245.0
380315,125.0
380326,11.0
380453,127.0
380617,164.0
380759,142.0
380896,137.0
381038,142.0
381158,120.0
381263,105.0
381371,108.0
381475,104.0
381579,104.0
381691,112.0
381798,107.0
381881,83.0
381899,18.0
381996,97.0
382099,103.0
382207,108.0
382309,102.0
382420,111.0
382539,119.0
382658,119.0
382672,14.0
382817,145.0
383018,201.0
383192,174.0
383348,156.0
383515,167.0
383683,168.0
383845,162.0
384017,172.0
384183,166.0
384325,142.0
384581,256.0
384729,148.0
384852,123.0
385011,159.0
385230,219.0
385374,144.0
385523,149.0
385705,182.0
385886,181.0
386023,137.0
386157,134.0
386317,160.0
386464,147.0
386615,151.0
386888,273.0
387015,127.0
387125,110.0
387247,122.0
387368,121.0
387473,105.0
387482,9.0
387494,12.0
387505,11.0
387515,10.0
387525,10.0
387537,12.0
387547,10.0
387560,13.0
387572,12.0
387669,97.0
387757,88.0
387866,109.0
387977,111.0
388079,102.0
388183,104.0
388287,104.0
388410,123.0
388521,111.0
388635,114.0
388741,106.0
388839,98.0
388854,15.0
388864,10.0
388878,14.0
388889,11.0
388900,11.0
389004,104.0
389106,102.0
389117,11.0
389128,11.0
389140,12.0
389152,12.0
389246,94.0
389352,106.0
389365,13.0
389477,112.0
389489,12.0
389608,119.0
389621,13.0
389634,13.0
389647,13.0
389660,13.0
389674,14.0
389687,13.0
389819,132.0
389941,122.0
390060,119.0
390177,117.0
390291,114.0
390419,128.0
390548,129.0
390679,131.0
390801,122.0
390937,136.0
391078,141.0
391202,124.0
391321,119.0
391446,125.0
391566,120.0
391684,118.0
391810,126.0
391925,115.0
392047,122.0
392174,127.0
392301,127.0
392438,137.0
392570,132.0
392698,128.0
392826,128.0
392836,10.0
392979,143.0
393115,136.0
393260,145.0
393410,150.0
393606,196.0
393774,168.0
393931,157.0
394084,153.0
394244,160.0
394453,209.0
394643,190.0
394829,186.0
395020,191.0
395188,168.0
395338,150.0
395503,165.0
395660,157.0
395678,18.0
395822,144.0
395956,134.0
396094,138.0
396218,124.0
396344,126.0
396358,14.0
396369,11.0
396383,14.0
396394,11.0
396517,123.0
396648,131.0
396780,132.0
396793,13.0
396922,129.0
397044,122.0
397169,125.0
397183,14.0
397314,131.0
397475,161.0
397639,164.0
397829,190.0
397999,170.0
398206,207.0
398431,225.0
398759,328.0
398941,182.0
399441,500.0
399941,500.0
400128,187.0
400277,149.0
400392,115.0
400533,141.0
400650,117.0
400757,107.0
400768,11.0
400887,119.0
401003,116.0
401109,106.0
401224,115.0
401340,116.0
401458,118.0
401595,137.0
401751,156.0
401935,184.0
402435,500.0
402582,147.0
402706,124.0
402843,137.0
402960,117.0
403078,118.0
403191,113.0
403204,13.0
403326,122.0
403458,132.0
403566,108.0
403671,105.0
403779,108.0
403953,174.0
404112,159.0
404270,158.0
404418,148.0
404560,142.0
404699,139.0
404833,134.0
404977,144.0
405113,136.0
405258,145.0
405423,165.0
405698,275.0
405935,237.0
406121,186.0
406228,107.0
406343,115.0
406503,160.0
406707,204.0
406822,115.0
406944,122.0
407099,155.0
407218,119.0
407332,114.0
407455,123.0
407564,109.0
407676,112.0
407778,102.0
407894,116.0
408012,118.0
408025,13.0
408183,158.0
408329,146.0
408461,132.0
408605,144.0
408746,141.0
408884,138.0
409062,178.0
409190,128.0
409309,119.0
409440,131.0
409562,122.0
409689,127.0
409818,129.0
409930,112.0
410058,128.0
410299,241.0
410311,12.0
410322,11.0
410331,9.0
410341,10.0
410350,9.0
410359,9.0
410368,9.0
410377,9.0
410386,9.0
410397,11.0
410406,9.0
410416,10.0
410428,12.0
410437,9.0
410448,11.0
410458,10.0
410470,12.0
410484,14.0
410496,12.0
410509,13.0
410598,89.0
410681,83.0
410770,89.0
410860,90.0
410944,84.0
411033,89.0
411126,93.0
411218,92.0
411326,108.0
411449,123.0
411587,138.0
411727,140.0
411872,145.0
412023,151.0
412155,132.0
412280,125.0
412398,118.0
412507,109.0
412618,111.0
412643,25.0
412787,144.0
413050,263.0
413256,206.0
413471,215.0
413650,179.0
413807,157.0
413985,178.0
414153,168.0
414303,150.0
414456,153.0
414598,142.0
414750,152.0
414890,140.0
415043,153.0
415197,154.0
415371,174.0
415526,155.0
415701,175.0
415869,168.0
416048,179.0
416212,164.0
416368,156.0
416500,132.0
416783,283.0
416957,174.0
417114,157.0
417228,114.0
417339,111.0
417470,131.0
417596,126.0
417703,107.0
417817,114.0
417925,108.0
418034,109.0
418158,124.0
418320,162.0
418492,172.0
418673,181.0
418848,175.0
419035,187.0
419170,135.0
419300,130.0
419417,117.0
419533,116.0
419551,18.0
419662,111.0
419785,123.0
419910,125.0
420035,125.0
420156,121.0
420293,137.0
420435,142.0
420599,164.0
420750,151.0
420918,168.0
421071,153.0
421211,140.0
421333,122.0
421453,120.0
421571,118.0
421699,128.0
421805,106.0
421913,108.0
422025,112.0
422151,126.0
422268,117.0
422279,11.0
422291,12.0
422302,11.0
422312,10.0
422324,12.0
422457,133.0
422616,159.0
422775,159.0
422933,158.0
423086,153.0
423244,158.0
423417,173.0
423586,169.0
423746,160.0
423912,166.0
424084,172.0
424237,153.0
424394,157.0
424562,168.0
424734,172.0
424907,173.0
425079,172.0
425153,74.0
425165,12.0
425175,10.0
425185,10.0
425195,10.0
425204,9.0
425214,10.0
425224,10.0
425233,9.0
425242,9.0
425254,12.0
425264,10.0
425275,11.0
425285,10.0
425299,14.0
425310,11.0
425475,165.0
425681,206.0
425893,212.0
426150,257.0
426341,191.0
426540,199.0
426735,195.0
426920,185.0
427117,197.0
427317,200.0
427505,188.0
427691,186.0
427877,186.0
428066,189.0
428255,189.0
428437,182.0
428615,178.0
428804,189.0
429000,196.0
429181,181.0
429196,15.0
429422,226.0
429624,202.0
429811,187.0
430027,216.0
430253,226.0
430437,184.0
430641,204.0
430829,188.0
431061,232.0
431297,236.0
431546,249.0
431747,201.0
431930,183.0
432278,348.0
432405,127.0
432905,500.0
433047,142.0
433350,303.0
433539,189.0
433944,405.0
434126,182.0
434346,220.0
434523,177.0
434704,181.0
434877,173.0
435072,195.0
435382,310.0
435882,500.0
436004,122.0
436134,130.0
436278,144.0
436424,146.0
436586,162.0
436871,285.0
436887,16.0
437162,275.0
437374,212.0
437568,194.0
437760,192.0
437950,190.0
438136,186.0
438311,175.0
438521,210.0
438533,12.0
438700,167.0
438857,157.0
439047,190.0
439200,153.0
439350,150.0
439566,216.0
439692,126.0
439809,117.0
439944,135.0
440070,126.0
440191,121.0
440329,138.0
440444,115.0
440575,131.0
440709,134.0
440827,118.0
440956,129.0
441073,117.0
441171,98.0
441282,111.0
441377,95.0
441480,103.0
441494,14.0
441507,13.0
441518,11.0
441532,14.0
441542,10.0
441553,11.0
441564,11.0
441575,11.0
441586,11.0
441597,11.0
441606,9.0
441617,11.0
441627,10.0
441639,12.0
441653,14.0
441666,13.0
441677,11.0
441764,87.0
441869,105.0
441968,99.0
442060,92.0
442163,103.0
442258,95.0
442357,99.0
442462,105.0
442561,99.0
442667,106.0
442783,116.0
442887,104.0
443000,113.0
443105,105.0
443211,106.0
443319,108.0
443434,115.0
443549,115.0
443659,110.0
443771,112.0
443883,112.0
443996,113.0
444107,111.0
444210,103.0
444326,116.0
444426,100.0
444523,97.0
444622,99.0
444720,98.0
444820,100.0
444928,108.0
445026,98.0
445040,14.0
445053,13.0
445065,12.0
445074,9.0
445084,10.0
445095,11.0
445105,10.0
445114,9.0
445123,9.0
445134,11.0
445144,10.0
445154,10.0
445163,9.0
445176,13.0
445185,9.0
445195,10.0
445205,10.0
445214,9.0
445224,10.0
445234,10.0
445244,10.0
445255,11.0
445265,10.0
445278,13.0
445288,10.0
445300,12.0
445311,11.0
445322,11.0
445333,11.0
445344,11.0
445433,89.0
445446,13.0
445555,109.0
445655,100.0
445762,107.0
445868,106.0
445976,108.0
445989,13.0
446112,123.0
446245,133.0
446376,131.0
446515,139.0
446654,139.0
446798,144.0
446934,136.0
447073,139.0
447200,127.0
447340,140.0
447474,134.0
447603,129.0
447742,139.0
447882,140.0
448024,142.0
448158,134.0
448283,125.0
448416,133.0
448557,141.0
448694,137.0
448832,138.0
448995,163.0
449155,160.0
449262,107.0
449426,164.0
449688,262.0
449717,29.0
449813,96.0
449931,118.0
450231,300.0
450361,130.0
450501,140.0
450649,148.0
450783,134.0
450939,156.0
451075,136.0
451214,139.0
451352,138.0
451484,132.0
451624,140.0
451745,121.0
451864,119.0
451991,127.0
452125,134.0
452264,139.0
452391,127.0
452528,137.0
452667,139.0
452800,133.0
452938,138.0
453068,130.0
453184,116.0
453290,106.0
453420,130.0
453543,123.0
453615,72.0
453625,10.0
453747,122.0
453892,145.0
454030,138.0
454173,143.0
454326,153.0
454472,146.0
454630,158.0
454783,153.0
454947,164.0
455106,159.0
455255,149.0
455404,149.0
455546,142.0
455699,153.0
455840,141.0
455852,12.0
455866,14.0
455875,9.0
455885,10.0
455895,10.0
455904,9.0
455913,9.0
455922,9.0
455931,9.0
455941,10.0
455951,10.0
455961,10.0
455971,10.0
455980,9.0
455990,10.0
455998,8.0
456007,9.0
456019,12.0
456029,10.0
456042,13.0
456055,13.0
456066,11.0
456076,10.0
456088,12.0
456099,11.0
456111,12.0
456122,11.0
456134,12.0
456146,12.0
456270,124.0
456286,16.0
456431,145.0
456586,155.0
456752,166.0
456909,157.0
457064,155.0
457266,202.0
457521,255.0
457747,226.0
457984,237.0
458253,269.0
458506,253.0
458753,247.0
458989,236.0
459216,227.0
459502,286.0
459974,472.0
460120,146.0
460218,98.0
460334,116.0
460457,123.0
460558,101.0
460638,80.0
460787,149.0
460957,170.0
460970,13.0
460981,11.0
460991,10.0
461002,11.0
461015,13.0
461026,11.0
461037,11.0
461047,10.0
461056,9.0
461066,10.0
461077,11.0
461088,11.0
461098,10.0
461113,15.0
461124,11.0
461134,10.0
461146,12.0
461159,13.0
461169,10.0
461183,14.0
461195,12.0
461208,13.0
461222,14.0
461235,13.0
461335,100.0
461448,113.0
461463,15.0
461577,114.0
461698,121.0
461828,130.0
461949,121.0
461968,19.0
462095,127.0
462239,144.0
462393,154.0
462560,167.0
462701,141.0
462870,169.0
463023,153.0
463169,146.0
463320,151.0
463472,152.0
463615,143.0
464115,500.0
464416,301.0
464916,500.0
465101,185.0
465234,133.0
465363,129.0
465513,150.0
466005,492.0
466257,252.0
466757,500.0
467257,500.0
467404,147.0
467511,107.0
467624,113.0
467735,111.0
467865,130.0
468004,139.0
468126,122.0
468236,110.0
468350,114.0
468462,112.0
468580,118.0
468688,108.0
468793,105.0
468881,88.0
468998,117.0
469124,126.0
469410,286.0
469526,116.0
469650,124.0
469756,106.0
469869,113.0
470251,382.0
470358,107.0
470463,105.0
470564,101.0
470662,98.0
470744,82.0
470756,12.0
470769,13.0
470779,10.0
470789,10.0
470800,11.0
470811,11.0
470823,12.0
470834,11.0
470847,13.0
470859,12.0
470876,17.0
470951,75.0
471028,77.0
471105,77.0
471191,86.0
471268,77.0
471334,66.0
471407,73.0
471477,70.0
471549,72.0
471620,71.0
471690,70.0
471765,75.0
471780,15.0
471795,15.0
471863,68.0
471939,76.0
472003,64.0
472078,75.0
472142,64.0
472217,75.0
472294,77.0
472363,69.0
472440,77.0
472519,79.0
472594,75.0
472699,105.0
472808,109.0
472917,109.0
473024,107.0
473140,116.0
473255,115.0
473357,102.0
473454,97.0
473554,100.0
473657,103.0
473734,77.0
473833,99.0
473934,101.0
474034,100.0
474131,97.0
474208,77.0
474309,101.0
474410,101.0
474486,76.0
474573,87.0
474668,95.0
474759,91.0
474836,77.0
474943,107.0
475046,103.0
475174,128.0
475302,128.0
475383,81.0
475505,122.0
475605,100.0
475682,77.0
475694,12.0
475789,95.0
475874,85.0
475957,83.0
475968,11.0
475982,14.0
476072,90.0
476180,108.0
476281,101.0
476383,102.0
476394,11.0
476503,109.0
476613,110.0
476625,12.0
476736,111.0
476834,98.0
476847,13.0
476955,108.0
477057,102.0
477167,110.0
477283,116.0
477391,108.0
477511,120.0
477623,112.0
477737,114.0
477855,118.0
477973,118.0
478095,122.0
478220,125.0
478346,126.0
478480,134.0
478607,127.0
478735,128.0
478865,130.0
479011,146.0
479154,143.0
479298,144.0
479439,141.0
479583,144.0
479725,142.0
479872,147.0
480020,148.0
480226,206.0
480517,291.0
480529,12.0
480583,54.0
480653,70.0
480751,98.0
480832,81.0
480929,97.0
481017,88.0
481152,135.0
481286,134.0
481561,275.0
481725,164.0
481890,165.0
482063,173.0
482266,203.0
482543,277.0
482634,91.0
482744,110.0
482856,112.0
482948,92.0
483044,96.0
483123,79.0
483207,84.0
483295,88.0
483385,90.0
483473,88.0
483559,86.0
483645,86.0
483721,76.0
483800,79.0
483891,91.0
483975,84.0
484090,115.0
484252,162.0
484402,150.0
484584,182.0
484726,142.0
484863,137.0
485000,137.0
485147,147.0
485417,270.0
485653,236.0
486153,500.0
486228,75.0
486319,91.0
486431,112.0
486584,153.0
486704,120.0
486835,131.0
486955,120.0
486967,12.0
486980,13.0
486990,10.0
487001,11.0
487013,12.0
487023,10.0
487033,10.0
487042,9.0
487052,10.0
487063,11.0
487075,12.0
487086,11.0
487097,11.0
487108,11.0
487121,13.0
487133,12.0
487144,11.0
487155,11.0
487167,12.0
487178,11.0
487281,103.0
487781,500.0
488157,376.0
488278,121.0
488385,107.0
488499,114.0
488607,108.0
488714,107.0
488816,102.0
488919,103.0
489032,113.0
489152,120.0
489168,16.0
489285,117.0
489415,130.0
489572,157.0
489711,139.0
489864,153.0
489999,135.0
490178,179.0
490433,255.0
490629,196.0
490645,16.0
490826,181.0
490993,167.0
491145,152.0
491327,182.0
491542,215.0
491770,228.0
491939,169.0
492098,159.0
492256,158.0
492394,138.0
492532,138.0
492659,127.0
492793,134.0
492923,130.0
493049,126.0
493192,143.0
493345,153.0
493519,174.0
493736,217.0
493926,190.0
494145,219.0
494157,12.0
494169,12.0
494179,10.0
494189,10.0
494257,68.0
494323,66.0
494518,195.0
494674,156.0
494830,156.0
494839,9.0
494852,13.0
494865,13.0
494875,10.0
494885,10.0
494897,12.0
494909,12.0
494919,10.0
494929,10.0
494940,11.0
494949,9.0
494959,10.0
494970,11.0
494979,9.0
494992,13.0
495144,152.0
495159,15.0
495326,167.0
495398,72.0
495470,72.0
495540,70.0
495617,77.0
495713,96.0
495784,71.0
495879,95.0
495977,98.0
496068,91.0
496161,93.0
496243,82.0
496319,76.0
496401,82.0
496501,100.0
496583,82.0
496679,96.0
496772,93.0
496868,96.0
496958,90.0
497070,112.0
497332,262.0
497482,150.0
497613,131.0
497756,143.0
497894,138.0
498035,141.0
498167,132.0
498337,170.0
498547,210.0
498748,201.0
498925,177.0
499150,225.0
499378,228.0
499515,137.0
499775,260.0
499950,175.0
500080,130.0
500220,140.0
500513,293.0
500592,79.0
500655,63.0
500763,108.0
500880,117.0
500996,116.0
501130,134.0
501307,177.0
501413,106.0
501524,111.0
501681,157.0
501800,119.0
501922,122.0
502070,148.0
502182,112.0
502255,73.0
502331,76.0
502401,70.0
502476,75.0
502549,73.0
502626,77.0
502705,79.0
502782,77.0
502850,68.0
502912,62.0
502981,69.0
503044,63.0
503108,64.0
503214,106.0
503323,109.0
503439,116.0
503546,107.0
503663,117.0
503778,115.0
503892,114.0
504003,111.0
504115,112.0
504224,109.0
504337,113.0
504450,113.0
504567,117.0
504588,21.0
504717,129.0
504832,115.0
504964,132.0
505080,116.0
505209,129.0
505328,119.0
505446,118.0
505568,122.0
505687,119.0
505806,119.0
505927,121.0
506060,133.0
506180,120.0
506288,108.0
506299,11.0
506315,16.0
506436,121.0
506555,119.0
506668,113.0
506785,117.0
506893,108.0
507002,109.0
507113,111.0
507222,109.0
507331,109.0
507444,113.0
507553,109.0
507663,110.0
507771,108.0
507876,105.0
508000,124.0
508112,112.0
508229,117.0
508342,113.0
508465,123.0
508594,129.0
508727,133.0
508859,132.0
508987,128.0
509126,139.0
509255,129.0
509391,136.0
509544,153.0
509699,155.0
509852,153.0
510014,162.0
510222,208.0
510635,413.0
510787,152.0
510929,142.0
511099,170.0
511357,258.0
511568,211.0
511914,346.0
512229,315.0
512308,79.0
512392,84.0
512474,82.0
512572,98.0
512660,88.0
512763,103.0
512863,100.0
512953,90.0
513028,75.0
513110,82.0
513197,87.0
513278,81.0
513366,88.0
513385,19.0
513400,15.0
513411,11.0
513423,12.0
513439,16.0
513450,11.0
513461,11.0
513473,12.0
513484,11.0
513495,11.0
513505,10.0
513514,9.0
513523,9.0
513531,8.0
513540,9.0
513550,10.0
513559,9.0
513570,11.0
513579,9.0
513589,10.0
513598,9.0
513607,9.0
513618,11.0
513628,10.0
513638,10.0
513649,11.0
513658,9.0
513667,9.0
513678,11.0
513688,10.0
513699,11.0
513708,9.0
513719,11.0
513730,11.0
513740,10.0
513749,9.0
513760,11.0
513772,12.0
513782,10.0
513794,12.0
513804,10.0
513819,15.0
513831,12.0
513842,11.0
513856,14.0
513869,13.0
513883,14.0
513900,17.0
513913,13.0
513926,13.0
513940,14.0
513954,14.0
513969,15.0
513982,13.0
514070,88.0
514147,77.0
514233,86.0
514247,14.0
514258,11.0
514274,16.0
514364,90.0
514447,83.0
514531,84.0
514546,15.0
514564,18.0
514577,13.0
514591,14.0
514603,12.0
514694,91.0
514708,14.0
514787,79.0
514799,12.0
514873,74.0
514887,14.0
514901,14.0
514913,12.0
514926,13.0
514939,13.0
514951,12.0
514965,14.0
514977,12.0
514989,12.0
515070,81.0
515085,15.0
515164,79.0
515241,77.0
515262,21.0
515274,12.0
515286,12.0
515298,12.0
515316,18.0
515326,10.0
515337,11.0
515348,11.0
515430,82.0
515514,84.0
515588,74.0
515660,72.0
515742,82.0
515753,11.0
515833,80.0
515913,80.0
515990,77.0
516063,73.0
516139,76.0
516220,81.0
516299,79.0
516370,71.0
516442,72.0
516512,70.0
516580,68.0
516653,73.0
516718,65.0
516786,68.0
516860,74.0
516931,71.0
517001,70.0
517074,73.0
517143,69.0
517208,65.0
517277,69.0
517346,69.0
517409,63.0
517424,15.0
517489,65.0
517559,70.0
517629,70.0
517697,68.0
517771,74.0
517837,66.0
517901,64.0
517963,62.0
518034,71.0
518124,90.0
518218,94.0
518318,100.0
518423,105.0
518536,113.0
518656,120.0
518782,126.0
518922,140.0
519072,150.0
519274,202.0
519559,285.0
519812,253.0
520312,500.0
520812,500.0
521167,355.0
521667,500.0
521868,201.0
522068,200.0
522278,210.0
522679,401.0
522860,181.0
522989,129.0
523118,129.0
523429,311.0
523929,500.0
524286,357.0
524296,10.0
524308,12.0
524318,10.0
524331,13.0
524341,10.0
524351,10.0
524361,10.0
524373,12.0
524382,9.0
524393,11.0
524404,11.0
524413,9.0
524424,11.0
524436,12.0
524447,11.0
524458,11.0
524467,9.0
524552,85.0
524640,88.0
524721,81.0
524801,80.0
524882,81.0
524956,74.0
525033,77.0
525116,83.0
525206,90.0
525291,85.0
525373,82.0
525456,83.0
525548,92.0
525643,95.0
525734,91.0
525841,107.0
525947,106.0
526051,104.0
526165,114.0
526281,116.0
526401,120.0
526516,115.0
526638,122.0
526778,140.0
526938,160.0
527089,151.0
527251,162.0
527476,225.0
527683,207.0
527712,29.0
527740,28.0
528024,284.0
528524,500.0
529024,500.0
529524,500.0
530024,500.0
530524,500.0
531024,500.0
531524,500.0
532024,500.0
532524,500.0
532845,321.0
533036,191.0
533064,28.0
533237,173.0
533370,133.0
533514,144.0
533643,129.0
533785,142.0
533916,131.0
533932,16.0
534051,119.0
534063,12.0
534186,123.0
534196,10.0
534322,126.0
534458,136.0
534595,137.0
534607,12.0
534624,17.0
534637,13.0
534785,148.0
534798,13.0
534955,157.0
535119,164.0
535263,144.0
535407,144.0
535418,11.0
535565,147.0
535576,11.0
535708,132.0
535860,152.0
535990,130.0
536138,148.0
536294,156.0
536449,155.0
536601,152.0
536615,14.0
536842,227.0
537085,243.0
537301,216.0
537801,500.0
538037,236.0
538463,426.0
538595,132.0
538693,98.0
538790,97.0
538891,101.0
538996,105.0
539329,333.0
539502,173.0
539706,204.0
539857,151.0
539996,139.0
540166,170.0
540305,139.0
540444,139.0
540621,177.0
541121,500.0
541227,106.0
541409,182.0
541909,500.0
542032,123.0
542153,121.0
542653,500.0
542943,290.0
543148,205.0
543289,141.0
543459,170.0
543585,126.0
543719,134.0
543834,115.0
543965,131.0
544098,133.0
544113,15.0
544222,109.0
544234,12.0
544361,127.0
544506,145.0
544637,131.0
544764,127.0
544888,124.0
545006,118.0
545115,109.0
545217,102.0
545324,107.0
545337,13.0
545433,96.0
545442,9.0
545529,87.0
545546,17.0
545655,109.0
545763,108.0
545866,103.0
545972,106.0
545985,13.0
546099,114.0
546207,108.0
546322,115.0
546439,117.0
546559,120.0
546673,114.0
546782,109.0
546892,110.0
547006,114.0
547121,115.0
547238,117.0
547348,110.0
547473,125.0
547591,118.0
547709,118.0
547829,120.0
547944,115.0
548059,115.0
548173,114.0
548290,117.0
548396,106.0
548521,125.0
548630,109.0
548742,112.0
548854,112.0
548961,107.0
549068,107.0
549181,113.0
549294,113.0
549409,115.0
549529,120.0
549652,123.0
549787,135.0
549923,136.0
550053,130.0
550238,185.0
550485,247.0
550711,226.0
550981,270.0
551126,145.0
551137,11.0
551251,114.0
551261,10.0
551273,12.0
551391,118.0
551405,14.0
551532,127.0
551657,125.0
551782,125.0
551908,126.0
552036,128.0
552185,149.0
552373,188.0
552596,223.0
552944,348.0
553444,500.0
553944,500.0
554444,500.0
554944,500.0
555444,500.0
555573,129.0
555586,13.0
555747,161.0
555901,154.0
556079,178.0
556302,223.0
556802,500.0
556952,150.0
557237,285.0
557737,500.0
558237,500.0
558737,500.0
558878,141.0
559016,138.0
559125,109.0
559134,9.0
559143,9.0
559152,9.0
559160,8.0
559170,10.0
559179,9.0
559188,9.0
559198,10.0
559207,9.0
559217,10.0
559226,9.0
559236,10.0
559248,12.0
559257,9.0
559266,9.0
559275,9.0
559285,10.0
559295,10.0
559304,9.0
559314,10.0
559323,9.0
559333,10.0
559342,9.0
559351,9.0
559360,9.0
559368,8.0
559378,10.0
559389,11.0
559399,10.0
559407,8.0
559416,9.0
559426,10.0
559434,8.0
559445,11.0
559454,9.0
559464,10.0
559474,10.0
559484,10.0
559494,10.0
559503,9.0
559511,8.0
559526,15.0
559536,10.0
559546,10.0
559556,10.0
559565,9.0
559575,10.0
559584,9.0
559594,10.0
559607,13.0
559616,9.0
559626,10.0
559634,8.0
559646,12.0
559656,10.0
559665,9.0
559675,10.0
559685,10.0
559696,11.0
559706,10.0
559715,9.0
559725,10.0
559735,10.0
559746,11.0
559756,10.0
559768,12.0
559890,122.0
560002,112.0
560108,106.0
560120,12.0
560230,110.0
560243,13.0
560255,12.0
560368,113.0
560382,14.0
560499,117.0
560637,138.0
560648,11.0
560775,127.0
560921,146.0
561100,179.0
561281,181.0
561463,182.0
561686,223.0
562186,500.0
562686,500.0
562880,194.0
563380,500.0
563880,500.0
564038,158.0
564175,137.0
564322,147.0
564467,145.0
564616,149.0
564755,139.0
564896,141.0
565038,142.0
565174,136.0
565318,144.0
565459,141.0
565599,140.0
565741,142.0
565882,141.0
566037,155.0
566046,9.0
566191,145.0
566340,149.0
566557,217.0
566700,143.0
566826,126.0
566839,13.0
566850,11.0
566860,10.0
566869,9.0
566880,11.0
566890,10.0
566900,10.0
566910,10.0
566920,10.0
566931,11.0
566941,10.0
566951,10.0
566962,11.0
566971,9.0
567083,112.0
567096,13.0
567220,124.0
567347,127.0
567481,134.0
567613,132.0
567740,127.0
567871,131.0
568002,131.0
568143,141.0
568156,13.0
568301,145.0
568463,162.0
568616,153.0
568771,155.0
568920,149.0
569059,139.0
569205,146.0
569346,141.0
569470,124.0
569600,130.0
569740,140.0
569877,137.0
570007,130.0
570139,132.0
570261,122.0
570389,128.0
570511,122.0
570641,130.0
570766,125.0
570886,120.0
571011,125.0
571140,129.0
571267,127.0
571403,136.0
571540,137.0
571676,136.0
571809,133.0
571950,141.0
572090,140.0
572226,136.0
572373,147.0
572523,150.0
572663,140.0
572796,133.0
572927,131.0
573070,143.0
573205,135.0
573331,126.0
573459,128.0
573589,130.0
573712,123.0
573840,128.0
574046,206.0
574210,164.0
574333,123.0
574577,244.0
574725,148.0
574859,134.0
574991,132.0
575118,127.0
575237,119.0
575250,13.0
575368,118.0
575499,131.0
575624,125.0
575744,120.0
575859,115.0
575970,111.0
576080,110.0
576206,126.0
576336,130.0
576470,134.0
576607,137.0
576747,140.0
576848,101.0
576978,130.0
577120,142.0
577262,142.0
577422,160.0
577574,152.0
577738,164.0
577904,166.0
578055,151.0
578219,164.0
578358,139.0
578506,148.0
578653,147.0
578808,155.0
578952,144.0
579090,138.0
579209,119.0
579326,117.0
579440,114.0
579555,115.0
579664,109.0
579759,95.0
579856,97.0
579869,13.0
579975,106.0
580059,84.0
580139,80.0
580228,89.0
580329,101.0
580418,89.0
580516,98.0
580610,94.0
580701,91.0
580797,96.0
580809,12.0
580904,95.0
580916,12.0
581004,88.0
581099,95.0
581211,112.0
581327,116.0
581439,112.0
581562,123.0
581676,114.0
581793,117.0
581926,133.0
582040,114.0
582171,131.0
582301,130.0
582429,128.0
582444,15.0
582598,154.0
582758,160.0
582905,147.0
583054,149.0
583193,139.0
583332,139.0
583460,128.0
583601,141.0
583764,163.0
583918,154.0
584059,141.0
584195,136.0
584210,15.0
584340,130.0
584467,127.0
584595,128.0
584728,133.0
584859,131.0
584979,120.0
585097,118.0
585223,126.0
585357,134.0
585492,135.0
585632,140.0
585773,141.0
585911,138.0
586050,139.0
586200,150.0
586367,167.0
586539,172.0
586734,195.0
586921,187.0
587104,183.0
587266,162.0
587426,160.0
587926,500.0
588092,166.0
588235,143.0
588372,137.0
588509,137.0
588642,133.0
588774,132.0
588912,138.0
589072,160.0
589237,165.0
589737,500.0
589958,221.0
590116,158.0
590616,500.0
590627,11.0
590636,9.0
590645,9.0
590653,8.0
590662,9.0
590670,8.0
590678,8.0
590687,9.0
590696,9.0
590705,9.0
590714,9.0
590724,10.0
590733,9.0
590741,8.0
590750,9.0
590760,10.0
590770,10.0
590779,9.0
590788,9.0
590797,9.0
590806,9.0
590814,8.0
590825,11.0
590833,8.0
590843,10.0
590852,9.0
590863,11.0
590875,12.0
590884,9.0
590893,9.0
590903,10.0
590914,11.0
590925,11.0
590934,9.0
590945,11.0
590955,10.0
590966,11.0
590975,9.0
590983,8.0
590993,10.0
591003,10.0
591012,9.0
591022,10.0
591032,10.0
591042,10.0
591051,9.0
591061,10.0
591070,9.0
591087,17.0
591096,9.0
591427,331.0
591439,12.0
591681,242.0
592181,500.0
592681,500.0
593181,500.0
593681,500.0
594181,500.0
594681,500.0
595126,445.0
595626,500.0
595672,46.0
595701,29.0
595827,126.0
595840,13.0
595850,10.0
595864,14.0
595892,28.0
596056,164.0
596067,11.0
596078,11.0
596089,11.0
596099,10.0
596111,12.0
596122,11.0
596132,10.0
596147,15.0
596158,11.0
596169,11.0
596179,10.0
596191,12.0
596202,11.0
596311,109.0
596378,67.0
596447,69.0
596508,61.0
596575,67.0
596587,12.0
596599,12.0
596610,11.0
596674,64.0
596776,102.0
596789,13.0
596800,11.0
596867,67.0
596930,63.0
596944,14.0
597013,69.0
597117,104.0
597239,122.0
597370,131.0
597504,134.0
597631,127.0
597767,136.0
597900,133.0
598032,132.0
598216,184.0
598363,147.0
598548,185.0
598689,141.0
599156,467.0
599395,239.0
599895,500.0
600131,236.0
600631,500.0
601131,500.0
601631,500.0
602131,500.0
602631,500.0
603131,500.0
603631,500.0
604131,500.0
604631,500.0
605131,500.0
605631,500.0
606131,500.0
606141,10.0
606641,500.0
606893,252.0
607036,143.0
607050,14.0
607164,114.0
607231,67.0
607243,12.0
607255,12.0
607267,12.0
607360,93.0
607461,101.0
607559,98.0
607659,100.0
607728,69.0
607833,105.0
607938,105.0
608032,94.0
608133,101.0
608263,130.0
608564,301.0
608802,238.0
608818,16.0
608927,109.0
609005,78.0
609076,71.0
609119,43.0
609180,61.0
609206,26.0
609525,319.0
609628,103.0
609732,104.0
609827,95.0
609947,120.0
610174,227.0
610674,500.0
610780,106.0
610827,47.0
611108,281.0
611188,80.0
611289,101.0
611402,113.0
611550,148.0
611773,223.0
612273,500.0
612773,500.0
613273,500.0
613773,500.0
614273,500.0
614375,102.0
614476,101.0
614780,304.0
614888,108.0
615004,116.0
615150,146.0
615320,170.0
615565,245.0
616029,464.0
616529,500.0
617029,500.0
617529,500.0
618029,500.0
618529,500.0
619029,500.0
619529,500.0
620029,500.0
620529,500.0
621029,500.0
621128,99.0
621142,14.0
621226,84.0
621316,90.0
621413,97.0
621513,100.0
621613,100.0
621710,97.0
621813,103.0
621904,91.0
622003,99.0
622099,96.0
622192,93.0
622294,102.0
622389,95.0
622491,102.0
622601,110.0
622706,105.0
622813,107.0
622915,102.0
623020,105.0
623129,109.0
623231,102.0
623246,15.0
623320,74.0
623445,125.0
623581,136.0
623719,138.0
623838,119.0
623954,116.0
623970,16.0
623982,12.0
623992,10.0
624004,12.0
624015,11.0
624025,10.0
624036,11.0
624045,9.0
624056,11.0
624069,13.0
624167,98.0
624309,142.0
624809,500.0
624948,139.0
625109,161.0
625280,171.0
625425,145.0
625563,138.0
625686,123.0
625696,10.0
625814,118.0
625824,10.0
625835,11.0
625845,10.0
625857,12.0
625869,12.0
625880,11.0
625891,11.0
625900,9.0
625912,12.0
625922,10.0
625933,11.0
625945,12.0
625954,9.0
625966,12.0
625976,10.0
625988,12.0
625997,9.0
626007,10.0
626122,115.0
626233,111.0
626246,13.0
626258,12.0
626267,9.0
626277,10.0
626287,10.0
626297,10.0
626308,11.0
626319,11.0
626329,10.0
626340,11.0
626351,11.0
626361,10.0
626373,12.0
626385,12.0
626396,11.0
626407,11.0
626418,11.0
626428,10.0
626439,11.0
626450,11.0
626460,10.0
626472,12.0
626581,109.0
626688,107.0
626700,12.0
626809,109.0
626821,12.0
626832,11.0
626931,99.0
626942,11.0
626994,52.0
627049,55.0
627060,11.0
627160,100.0
627270,110.0
627279,9.0
627293,14.0
627407,114.0
627518,111.0
627640,122.0
627769,129.0
627783,14.0
627910,127.0
627923,13.0
628057,134.0
628193,136.0
628336,143.0
628478,142.0
628620,142.0
628753,133.0
628885,132.0
629026,141.0
629172,146.0
629333,161.0
629498,165.0
629672,174.0
629881,209.0
629894,13.0
630173,279.0
630673,500.0
631173,500.0
631673,500.0
632173,500.0
632673,500.0
632763,90.0
632855,92.0
632958,103.0
633064,106.0
633169,105.0
633271,102.0
633390,119.0
633502,112.0
633605,103.0
633712,107.0
633821,109.0
633835,14.0
633849,14.0
633859,10.0
633870,11.0
633882,12.0
633895,13.0
633907,12.0
633918,11.0
633930,12.0
633943,13.0
633955,12.0
633967,12.0
634065,98.0
634079,14.0
634090,11.0
634187,97.0
634198,11.0
634303,105.0
634405,102.0
634416,11.0
634515,99.0
634619,104.0
634724,105.0
634825,101.0
634836,11.0
634949,113.0
635060,111.0
635164,104.0
635270,106.0
635372,102.0
635470,98.0
635570,100.0
635668,98.0
635774,106.0
635873,99.0
635975,102.0
636081,106.0
636182,101.0
636286,104.0
636388,102.0
636493,105.0
636594,101.0
636696,102.0
636798,102.0
636907,109.0
637019,112.0
637136,117.0
637262,126.0
637388,126.0
637518,130.0
637649,131.0
637787,138.0
637932,145.0
638085,153.0
638233,148.0
638395,162.0
638552,157.0
638730,178.0
638951,221.0
639335,384.0
639553,218.0
639730,177.0
639921,191.0
640322,401.0
640536,214.0
640729,193.0
640912,183.0
641108,196.0
641608,500.0
641799,191.0
642299,500.0
642799,500.0
643299,500.0
643544,245.0
643557,13.0
643668,111.0
643679,11.0
643803,124.0
643938,135.0
644062,124.0
644288,226.0
644718,430.0
644854,136.0
644967,113.0
645104,137.0
645270,166.0
645454,184.0
645666,212.0
645907,241.0
646407,500.0
646528,121.0
647028,500.0
647528,500.0
648028,500.0
648528,500.0
649028,500.0
649528,500.0
650028,500.0
650186,158.0
650332,146.0
650471,139.0
650659,188.0
650858,199.0
651021,163.0
651521,500.0
651698,177.0
652198,500.0
652698,500.0
653198,500.0
653698,500.0
654198,500.0
654361,163.0
654527,166.0
654658,131.0
654792,134.0
654904,112.0
654986,82.0
655053,67.0
655114,61.0
655175,61.0
655253,78.0
655330,77.0
655343,13.0
655356,13.0
655368,12.0
655384,16.0
655397,13.0
655412,15.0
655423,11.0
655504,81.0
655588,84.0
655685,97.0
655774,89.0
655864,90.0
655962,98.0
656058,96.0
656158,100.0
656173,15.0
656268,95.0
656360,92.0
656446,86.0
656525,79.0
656606,81.0
656663,57.0
656740,77.0
656823,83.0
656902,79.0
656984,82.0
657069,85.0
657158,89.0
657175,17.0
657232,57.0
657317,85.0
657380,63.0
657476,96.0
657583,107.0
657700,117.0
657836,136.0
657969,133.0
658101,132.0
658223,122.0
658339,116.0
658463,124.0
658585,122.0
658599,14.0
658725,126.0
658857,132.0
658998,141.0
659127,129.0
659247,120.0
659259,12.0
659382,123.0
659504,122.0
659630,126.0
659750,120.0
659864,114.0
659983,119.0
660098,115.0
660212,114.0
660326,114.0
660448,122.0
660583,135.0
660722,139.0
660870,148.0
661024,154.0
661160,136.0
661282,122.0
661411,129.0
661532,121.0
661651,119.0
661777,126.0
661896,119.0
662009,113.0
662023,14.0
662123,100.0
662228,105.0
662340,112.0
662454,114.0
662577,123.0
662695,118.0
662816,121.0
662926,110.0
663033,107.0
663144,111.0
663253,109.0
663370,117.0
663484,114.0
663603,119.0
663723,120.0
663835,112.0
663960,125.0
663973,13.0
664094,121.0
664214,120.0
664329,115.0
664444,115.0
664554,110.0
664665,111.0
664778,113.0
664891,113.0
665005,114.0
665116,111.0
665235,119.0
665356,121.0
665494,138.0
665640,146.0
665786,146.0
665920,134.0
666055,135.0
666205,150.0
666382,177.0
666566,184.0
666740,174.0
666927,187.0
667427,500.0
667594,167.0
667603,9.0
667613,10.0
667622,9.0
667631,9.0
667640,9.0
667648,8.0
667659,11.0
667669,10.0
667681,12.0
667692,11.0
667701,9.0
667710,9.0
667720,10.0
667729,9.0
667739,10.0
667748,9.0
667757,9.0
667768,11.0
667778,10.0
667787,9.0
667797,10.0
667807,10.0
667816,9.0
667825,9.0
667834,9.0
667843,9.0
667852,9.0
667862,10.0
667871,9.0
667881,10.0
667889,8.0
667899,10.0
667909,10.0
667921,12.0
667931,10.0
667942,11.0
667952,10.0
667962,10.0
667972,10.0
667982,10.0
667991,9.0
668000,9.0
668010,10.0
668020,10.0
668032,12.0
668041,9.0
668050,9.0
668059,9.0
668070,11.0
668079,9.0
668089,10.0
668099,10.0
668109,10.0
668119,10.0
668129,10.0
668138,9.0
668148,10.0
668160,12.0
668169,9.0
668184,15.0
668193,9.0
668202,9.0
668215,13.0
668225,10.0
668235,10.0
668245,10.0
668255,10.0
668265,10.0
668275,10.0
668284,9.0
668294,10.0
668302,8.0
668312,10.0
668322,10.0
668330,8.0
668341,11.0
668353,12.0
668364,11.0
668374,10.0
668384,10.0
668393,9.0
668403,10.0
668413,10.0
668422,9.0
668434,12.0
668442,8.0
668452,10.0
668463,11.0
668473,10.0
668482,9.0
668491,9.0
668501,10.0
668510,9.0
668521,11.0
668529,8.0
668538,9.0
668547,9.0
668556,9.0
668566,10.0
668575,9.0
668584,9.0
668594,10.0
668605,11.0
668615,10.0
668625,10.0
668634,9.0
668647,13.0
668657,10.0
668665,8.0
668674,9.0
668684,10.0
668694,10.0
668704,10.0
668714,10.0
668724,10.0
668735,11.0
668746,11.0
668756,10.0
668766,10.0
668775,9.0
668784,9.0
668795,11.0
668805,10.0
668816,11.0
668829,13.0
668839,10.0
668848,9.0
668858,10.0
668868,10.0
668881,13.0
668890,9.0
668899,9.0
668910,11.0
668920,10.0
668929,9.0
668938,9.0
668951,13.0
668961,10.0
668971,10.0
668981,10.0
668990,9.0
669000,10.0
669010,10.0
669020,10.0
669031,11.0
669041,10.0
669050,9.0
669059,9.0
669068,9.0
669079,11.0
669088,9.0
669098,10.0
669106,8.0
669116,10.0
669125,9.0
669134,9.0
669144,10.0
669154,10.0
669165,11.0
669174,9.0
669184,10.0
669193,9.0
669204,11.0
669213,9.0
669223,10.0
669232,9.0
669241,9.0
669252,11.0
669261,9.0
669273,12.0
669284,11.0
669295,11.0
669304,9.0
669315,11.0
669325,10.0
669336,11.0
669348,12.0
669357,9.0
669366,9.0
669376,10.0
669388,12.0
669399,11.0
669410,11.0
669422,12.0
669431,9.0
669442,11.0
669452,10.0
669464,12.0
669474,10.0
669485,11.0
669498,13.0
669512,14.0
669524,12.0
669534,10.0
669547,13.0
669557,10.0
669567,10.0
669579,12.0
669590,11.0
669601,11.0
669612,11.0
669624,12.0
669634,10.0
669648,14.0
669660,12.0
669672,12.0
669684,12.0
669696,12.0
669784,88.0
669876,92.0
669887,11.0
669985,98.0
670000,15.0
670104,104.0
670209,105.0
670314,105.0
670412,98.0
670513,101.0
670616,103.0
670717,101.0
670820,103.0
670927,107.0
671031,104.0
671142,111.0
671256,114.0
671373,117.0
671500,127.0
671627,127.0
671751,124.0
671873,122.0
671889,16.0
672003,114.0
672132,129.0
672269,137.0
672411,142.0
672553,142.0
672696,143.0
672847,151.0
673001,154.0
673159,158.0
673318,159.0
673496,178.0
673667,171.0
673830,163.0
673995,165.0
674163,168.0
674369,206.0
674869,500.0
675123,254.0
675314,191.0
675502,188.0
675674,172.0
675835,161.0
675990,155.0
676163,173.0
676663,500.0
677163,500.0
677663,500.0
678163,500.0
678663,500.0
679163,500.0
679663,500.0
679890,227.0
679903,13.0
680073,170.0
680292,219.0
680792,500.0
681094,302.0
681594,500.0
682094,500.0
682350,256.0
682590,240.0
682884,294.0
683103,219.0
683603,500.0
684103,500.0
684603,500.0
685103,500.0
685377,274.0
685877,500.0
686076,199.0
686246,170.0
686384,138.0
686541,157.0
686700,159.0
686807,107.0
686895,88.0
686906,11.0
686915,9.0
686925,10.0
686935,10.0
686945,10.0
686955,10.0
686965,10.0
686974,9.0
686984,10.0
686994,10.0
687004,10.0
687014,10.0
687025,11.0
687036,11.0
687049,13.0
687063,14.0
687075,12.0
687210,135.0
687301,91.0
687454,153.0
687872,418.0
687885,13.0
687902,17.0
687961,59.0
688022,61.0
688083,61.0
688148,65.0
688209,61.0
688269,60.0
688325,56.0
688384,59.0
688440,56.0
688503,63.0
688570,67.0
688632,62.0
688699,67.0
688764,65.0
688825,61.0
688884,59.0
688953,69.0
689020,67.0
689087,67.0
689158,71.0
689230,72.0
689309,79.0
689377,68.0
689449,72.0
689562,113.0
689633,71.0
689708,75.0
689818,110.0
689891,73.0
689912,21.0
689992,80.0
690112,120.0
690194,82.0
690276,82.0
690408,132.0
690526,118.0
690637,111.0
690749,112.0
690866,117.0
690972,106.0
691088,116.0
691206,118.0
691331,125.0
691458,127.0
691577,119.0
691697,120.0
691818,121.0
691935,117.0
692059,124.0
692206,147.0
692345,139.0
692490,145.0
692636,146.0
692763,127.0
692882,119.0
693026,144.0
693225,199.0
693238,13.0
693445,207.0
693600,155.0
693717,117.0
693850,133.0
693976,126.0
694105,129.0
694247,142.0
694443,196.0
694687,244.0
694899,212.0
695060,161.0
695262,202.0
695444,182.0
695616,172.0
695767,151.0
695931,164.0
696113,182.0
696342,229.0
696462,120.0
696610,148.0
696698,88.0
696933,235.0
697363,430.0
697477,114.0
697637,160.0
697751,114.0
697835,84.0
697950,115.0
698032,82.0
698532,500.0
698644,112.0
698775,131.0
698901,126.0
699035,134.0
699183,148.0
699547,364.0
699834,287.0
699968,134.0
700097,129.0
700597,500.0
700722,125.0
701028,306.0
701432,404.0
701509,77.0
701522,13.0
701533,11.0
701544,11.0
701553,9.0
701563,10.0
701573,10.0
701583,10.0
701594,11.0
701605,11.0
701614,9.0
701623,9.0
701634,11.0
701644,10.0
701652,8.0
701663,11.0
701673,10.0
701682,9.0
701692,10.0
701702,10.0
701714,12.0
701723,9.0
701734,11.0
701744,10.0
701753,9.0
701764,11.0
701776,12.0
701787,11.0
701800,13.0
701809,9.0
701820,11.0
701831,11.0
701843,12.0
701854,11.0
701866,12.0
701878,12.0
701891,13.0
701906,15.0
701920,14.0
701932,12.0
702130,198.0
702145,15.0
702159,14.0
702172,13.0
702307,135.0
702461,154.0
702601,140.0
702746,145.0
702884,138.0
703032,148.0
703185,153.0
703348,163.0
703518,170.0
703792,274.0
704027,235.0
704527,500.0
704824,297.0
704958,134.0
705051,93.0
705064,13.0
705076,12.0
705087,11.0
705096,9.0
705107,11.0
705117,10.0
705128,11.0
705140,12.0
705149,9.0
705159,10.0
705167,8.0
705179,12.0
705189,10.0
705200,11.0
705212,12.0
705222,10.0
705234,12.0
705249,15.0
705260,11.0
705272,12.0
705283,11.0
705296,13.0
705308,12.0
705319,11.0
705329,10.0
705339,10.0
705350,11.0
705362,12.0
705373,11.0
705385,12.0
705398,13.0
705411,13.0
705420,9.0
705434,14.0
705444,10.0
705457,13.0
705468,11.0
705480,12.0
705493,13.0
705505,12.0
705518,13.0
705531,13.0
705547,16.0
705562,15.0
705577,15.0
705592,15.0
705607,15.0
705620,13.0
705633,13.0
705648,15.0
705671,23.0
705686,15.0
705703,17.0
705722,19.0
705737,15.0
705752,15.0
705764,12.0
705778,14.0
705791,13.0
705804,13.0
705816,12.0
705830,14.0
705843,13.0
705857,14.0
705867,10.0
705879,12.0
705890,11.0
705903,13.0
705915,12.0
705926,11.0
705938,12.0
705949,11.0
705961,12.0
705972,11.0
705984,12.0
705996,12.0
706009,13.0
706021,12.0
706032,11.0
706045,13.0
706056,11.0
706071,15.0
706083,12.0
706093,10.0
706103,10.0
706113,10.0
706125,12.0
706137,12.0
706148,11.0
706158,10.0
706169,11.0
706179,10.0
706188,9.0
706200,12.0
706211,11.0
706223,12.0
706234,11.0
706244,10.0
706254,10.0
706264,10.0
706276,12.0
706288,12.0
706301,13.0
706311,10.0
706322,11.0
706337,15.0
706349,12.0
706361,12.0
706372,11.0
706383,11.0
706396,13.0
706410,14.0
706425,15.0
706435,10.0
706448,13.0
706462,14.0
706474,12.0
706489,15.0
706502,13.0
706519,17.0
706534,15.0
706548,14.0
706558,10.0
706571,13.0
706583,12.0
706599,16.0
706613,14.0
706625,12.0
706644,19.0
706656,12.0
706671,15.0
706690,19.0
706706,16.0
706719,13.0
706751,32.0
706765,14.0
706781,16.0
706796,15.0
706812,16.0
706874,62.0
706887,13.0
706903,16.0
706922,19.0
706943,21.0
706966,23.0
706988,22.0
707018,30.0
707084,66.0
707186,102.0
707282,96.0
707381,99.0
707481,100.0
707589,108.0
707700,111.0
707817,117.0
707934,117.0
708045,111.0
708158,113.0
708176,18.0
708293,117.0
708419,126.0
708549,130.0
708681,132.0
708825,144.0
708835,10.0
708967,132.0
709093,126.0
709230,137.0
709417,187.0
709615,198.0
709805,190.0
710018,213.0
710157,139.0
710246,89.0
710746,500.0
711246,500.0
711746,500.0
712246,500.0
712384,138.0
712536,152.0
712663,127.0
712676,13.0
712687,11.0
712697,10.0
712706,9.0
712715,9.0
712727,12.0
712738,11.0
712749,11.0
712759,10.0
712772,13.0
712784,12.0
712795,11.0
712807,12.0
712817,10.0
712830,13.0
712962,132.0
713083,121.0
713213,130.0
713344,131.0
713354,10.0
713524,170.0
713537,13.0
713674,137.0
713685,11.0
713697,12.0
713710,13.0
713844,134.0
713981,137.0
713993,12.0
714133,140.0
714275,142.0
714288,13.0
714433,145.0
714595,162.0
714744,149.0
714904,160.0
715042,138.0
715191,149.0
715336,145.0
715502,166.0
715677,175.0
715854,177.0
716011,157.0
716157,146.0
716302,145.0
716428,126.0
716561,133.0
716703,142.0
716828,125.0
716956,128.0
717087,131.0
717233,146.0
717400,167.0
717558,158.0
717733,175.0
717924,191.0
718307,383.0
718464,157.0
718607,143.0
719107,500.0
719607,500.0
720107,500.0
720195,88.0
720409,214.0
720619,210.0
721119,500.0
721619,500.0
722119,500.0
722619,500.0
723119,500.0
723251,132.0
723405,154.0
723905,500.0
724394,489.0
724550,156.0
724700,150.0
724865,165.0
725032,167.0
725197,165.0
725336,139.0
725460,124.0
725471,11.0
725648,177.0
725848,200.0
725956,108.0
726075,119.0
726354,279.0
726539,185.0
726781,242.0
726942,161.0
727112,170.0
727612,500.0
727881,269.0
728029,148.0
728519,490.0
728664,145.0
728819,155.0
729063,244.0
729386,323.0
729531,145.0
729721,190.0
730059,338.0
730245,186.0
730371,126.0
730508,137.0
730659,151.0
730788,129.0
730914,126.0
731050,136.0
731346,296.0
731695,349.0
732028,333.0
732272,244.0
732389,117.0
732519,130.0
732635,116.0
732763,128.0
732901,138.0
733021,120.0
733141,120.0
733243,102.0
733347,104.0
733450,103.0
733568,118.0
733676,108.0
733786,110.0
733820,34.0
733830,10.0
733842,12.0
733939,97.0
734037,98.0
734138,101.0
734241,103.0
734350,109.0
734461,111.0
734574,113.0
734681,107.0
734794,113.0
734911,117.0
735022,111.0
735136,114.0
735249,113.0
735357,108.0
735464,107.0
735571,107.0
735675,104.0
735785,110.0
735797,12.0
735809,12.0
735906,97.0
735915,9.0
736019,104.0
736147,128.0
736312,165.0
736488,176.0
736963,475.0
737091,128.0
737106,15.0
737116,10.0
737128,12.0
737137,9.0
737146,9.0
737154,8.0
737163,9.0
737172,9.0
737182,10.0
737194,12.0
737205,11.0
737218,13.0
737230,12.0
737241,11.0
737252,11.0
737263,11.0
737354,91.0
737444,90.0
737521,77.0
737613,92.0
737721,108.0
737825,104.0
737928,103.0
738028,100.0
738113,85.0
738198,85.0
738278,80.0
738360,82.0
738452,92.0
738541,89.0
738628,87.0
738728,100.0
738822,94.0
738914,92.0
739002,88.0
739014,12.0
739025,11.0
739036,11.0
739047,11.0
739056,9.0
739067,11.0
739077,10.0
739088,11.0
739099,11.0
739108,9.0
739120,12.0
739131,11.0
739142,11.0
739155,13.0
739165,10.0
739176,11.0
739187,11.0
739196,9.0
739207,11.0
739217,10.0
739228,11.0
739240,12.0
739252,12.0
739344,92.0
739445,101.0
739535,90.0
739546,11.0
739644,98.0
739751,107.0
739852,101.0
739957,105.0
739971,14.0
740064,93.0
740170,106.0
740186,16.0
740291,105.0
740302,11.0
740399,97.0
740478,79.0
740586,108.0
740597,11.0
740607,10.0
740711,104.0
740810,99.0
740821,11.0
740928,107.0
740940,12.0
741046,106.0
741154,108.0
741251,97.0
741365,114.0
741477,112.0
741488,11.0
741604,116.0
741719,115.0
741831,112.0
741940,109.0
742054,114.0
742171,117.0
742284,113.0
742405,121.0
742521,116.0
742637,116.0
742762,125.0
742882,120.0
743011,129.0
743132,121.0
743257,125.0
743381,124.0
743512,131.0
743647,135.0
743788,141.0
743928,140.0
744071,143.0
744218,147.0
744367,149.0
744528,161.0
744681,153.0
744829,148.0
744974,145.0
745135,161.0
745635,500.0
745870,235.0
746061,191.0
746290,229.0
746446,156.0
746608,162.0
747108,500.0
747240,132.0
747250,10.0
747583,333.0
747832,249.0
748126,294.0
748360,234.0
748514,154.0
748660,146.0
748934,274.0
749110,176.0
749300,190.0
749476,176.0
749782,306.0
749983,201.0
750239,256.0
750535,296.0
750679,144.0
750865,186.0
751249,384.0
751559,310.0
751719,160.0
752030,311.0
752530,500.0
753030,500.0
753530,500.0
754030,500.0
754530,500.0
755030,500.0
755106,76.0
755606,500.0
756106,500.0
756511,405.0
756526,15.0
756538,12.0
756549,11.0
756562,13.0
756573,11.0
756582,9.0
756593,11.0
756603,10.0
756613,10.0
756625,12.0
756635,10.0
756645,10.0
756657,12.0
756667,10.0
756679,12.0
756690,11.0
756700,10.0
756712,12.0
756722,10.0
756732,10.0
756743,11.0
756754,11.0
756765,11.0
756775,10.0
756786,11.0
756796,10.0
756807,11.0
756818,11.0
756829,11.0
756841,12.0
756851,10.0
756862,11.0
756873,11.0
756901,28.0
756928,27.0
756990,62.0
757104,114.0
757224,120.0
757236,12.0
757276,40.0
757423,147.0
757499,76.0
757999,500.0
758499,500.0
758999,500.0
759499,500.0
759999,500.0
760499,500.0
760999,500.0
761499,500.0
761999,500.0
762499,500.0
762999,500.0
763499,500.0
763512,13.0
763957,445.0
763968,11.0
764200,232.0
764372,172.0
764385,13.0
764396,11.0
764407,11.0
764538,131.0
764552,14.0
764693,141.0
764704,11.0
764715,11.0
764726,11.0
764737,11.0
764879,142.0
765019,140.0
765191,172.0
765381,190.0
765881,500.0
766381,500.0
766881,500.0
767381,500.0
767881,500.0
768381,500.0
768701,320.0
768843,142.0
769011,168.0
769147,136.0
769321,174.0
769448,127.0
769572,124.0
769581,9.0
769722,141.0
769860,138.0
770230,370.0
770361,131.0
770607,246.0
770829,222.0
771000,171.0
771013,13.0
771179,166.0
771351,172.0
771506,155.0
771715,209.0
771869,154.0
771883,14.0
772039,156.0
772270,231.0
772585,315.0
772598,13.0
772612,14.0
772623,11.0
772799,176.0
773299,500.0
773506,207.0
774006,500.0
774506,500.0
775006,500.0
775506,500.0
776006,500.0
776506,500.0
777006,500.0
777506,500.0
778006,500.0
778506,500.0
779006,500.0
779506,500.0
780006,500.0
780126,120.0
780183,57.0
780193,10.0
780205,12.0
780215,10.0
780226,11.0
780237,11.0
780249,12.0
780260,11.0
780372,112.0
780554,182.0
781054,500.0
781554,500.0
782054,500.0
782554,500.0
783054,500.0
783067,13.0
783135,68.0
783160,25.0
783224,64.0
783718,494.0
784145,427.0
784645,500.0
784867,222.0
785076,209.0
785213,137.0
785344,131.0
785464,120.0
785577,113.0
785588,11.0
785699,111.0
785813,114.0
785919,106.0
786026,107.0
786132,106.0
786242,110.0
786357,115.0
786472,115.0
786483,11.0
786603,120.0
786720,117.0
786830,110.0
786947,117.0
787061,114.0
787176,115.0
787290,114.0
787402,112.0
787517,115.0
787640,123.0
787763,123.0
787877,114.0
787995,118.0
788008,13.0
788133,125.0
788267,134.0
788388,121.0
788505,117.0
788631,126.0
788763,132.0
788898,135.0
789023,125.0
789140,117.0
789247,107.0
789363,116.0
789495,132.0
789607,112.0
789718,111.0
789854,136.0
789966,112.0
789979,13.0
790092,113.0
790103,11.0
790119,16.0
790134,15.0
790147,13.0
790244,97.0
790351,107.0
790458,107.0
790562,104.0
790660,98.0
790671,11.0
790683,12.0
790692,9.0
790705,13.0
790719,14.0
790730,11.0
790827,97.0
790840,13.0
790942,102.0
791045,103.0
791149,104.0
791266,117.0
791374,108.0
791479,105.0
791582,103.0
791697,115.0
791810,113.0
791917,107.0
792040,123.0
792155,115.0
792266,111.0
792387,121.0
792510,123.0
792628,118.0
792744,116.0
792861,117.0
792999,138.0
793135,136.0
793266,131.0
793397,131.0
793532,135.0
793667,135.0
793797,130.0
793930,133.0
794065,135.0
794209,144.0
794352,143.0
794512,160.0
794656,144.0
794803,147.0
794815,12.0
794963,148.0
795158,195.0
795449,291.0
795943,494.0
795956,13.0
795967,11.0
795978,11.0
795989,11.0
796000,11.0
796094,94.0
796211,117.0
796373,162.0
796385,12.0
796885,500.0
797385,500.0
797588,203.0
797704,116.0
797872,168.0
797885,13.0
798385,500.0
798885,500.0
799385,500.0
799626,241.0
799867,241.0
800110,243.0
800269,159.0
800427,158.0
800568,141.0
800707,139.0
800852,145.0
800996,144.0
801134,138.0
801271,137.0
801419,148.0
801558,139.0
801696,138.0
801830,134.0
801966,136.0
802111,145.0
802248,137.0
802389,141.0
802530,141.0
802706,176.0
802869,163.0
803015,146.0
803167,152.0
803298,131.0
803460,162.0
803598,138.0
803732,134.0
803905,173.0
804066,161.0
804084,18.0
804179,95.0
804305,126.0
804455,150.0
804608,153.0
804750,142.0
804895,145.0
805054,159.0
805181,127.0
805318,137.0
805473,155.0
805636,163.0
805777,141.0
805925,148.0
806083,158.0
806257,174.0
806407,150.0
806562,155.0
806720,158.0
806913,193.0
807072,159.0
807084,12.0
807223,139.0
807396,173.0
807568,172.0
807579,11.0
807590,11.0
807601,11.0
807611,10.0
807620,9.0
807632,12.0
807643,11.0
807655,12.0
807664,9.0
807675,11.0
807685,10.0
807696,11.0
807706,10.0
807718,12.0
807728,10.0
807739,11.0
807751,12.0
807762,11.0
807774,12.0
807784,10.0
807794,10.0
807811,17.0
807944,133.0
808444,500.0
808944,500.0
809444,500.0
809944,500.0
810444,500.0
810646,202.0
811146,500.0
811646,500.0
811740,94.0
812240,500.0
812614,374.0
812787,173.0
812800,13.0
812945,145.0
813082,137.0
813582,500.0
813594,12.0
813608,14.0
813617,9.0
813627,10.0
813641,14.0
813660,19.0
813669,9.0
813680,11.0
813689,9.0
813699,10.0
813711,12.0
813723,12.0
813747,24.0
813899,152.0
814049,150.0
814197,148.0
814360,163.0
814550,190.0
814739,189.0
814918,179.0
815126,208.0
815139,13.0
815314,175.0
815476,162.0
815645,169.0
815813,168.0
815969,156.0
816143,174.0
816314,171.0
816503,189.0
816668,165.0
816831,163.0
816992,161.0
817167,175.0
817347,180.0
817505,158.0
817692,187.0
817870,178.0
818058,188.0
818230,172.0
818406,176.0
818592,186.0
818782,190.0
818956,174.0
819147,191.0
819316,169.0
819484,168.0
819765,281.0
820265,500.0
820765,500.0
821265,500.0
821765,500.0
822265,500.0
822675,410.0
822685,10.0
822775,90.0
822806,31.0
822945,139.0
823056,111.0
823184,128.0
823263,79.0
823368,105.0
823586,218.0
823741,155.0
823827,86.0
823946,119.0
824147,201.0
824246,99.0
824746,500.0
824988,242.0
825396,408.0
825896,500.0
826396,500.0
826487,91.0
826628,141.0
826642,14.0
826653,11.0
826666,13.0
826678,12.0
826688,10.0
826699,11.0
826709,10.0
826831,122.0
827331,500.0
827831,500.0
827843,12.0
828343,500.0
828473,130.0
828973,500.0
828986,13.0
829100,114.0
829226,126.0
829344,118.0
829464,120.0
829584,120.0
829714,130.0
829835,121.0
829951,116.0
830451,500.0
830572,121.0
830699,127.0
831199,500.0
831386,187.0
831482,96.0
831730,248.0
831951,221.0
832046,95.0
832258,212.0
832396,138.0
832510,114.0
832623,113.0
833123,500.0
833429,306.0
833756,327.0
833942,186.0
834181,239.0
834681,500.0
834695,14.0
834967,272.0
835467,500.0
835967,500.0
836467,500.0
836920,453.0
837420,500.0
837920,500.0
838072,152.0
838570,498.0
839070,500.0
839463,393.0
839963,500.0
839976,13.0
840324,348.0
840438,114.0
840552,114.0
840673,121.0
840788,115.0
840903,115.0
841016,113.0
841121,105.0
841219,98.0
841326,107.0
841440,114.0
841536,96.0
841647,111.0
841751,104.0
841864,113.0
841973,109.0
842081,108.0
842186,105.0
842294,108.0
842395,101.0
842510,115.0
842619,109.0
842738,119.0
842855,117.0
842967,112.0
843082,115.0
843187,105.0
843298,111.0
843417,119.0
843525,108.0
843627,102.0
843765,138.0
843963,198.0
844072,109.0
844191,119.0
844310,119.0
844324,14.0
844423,99.0
844521,98.0
844622,101.0
844728,106.0
844824,96.0
844920,96.0
845019,99.0
845113,94.0
845194,81.0
845251,57.0
845310,59.0
845366,56.0
845418,52.0
845474,56.0
845531,57.0
845592,61.0
845648,56.0
845700,52.0
845754,54.0
845807,53.0
845819,12.0
845887,68.0
845898,11.0
845956,58.0
846018,62.0
846068,50.0
846121,53.0
846177,56.0
846229,52.0
846297,68.0
846353,56.0
846419,66.0
846483,64.0
846551,68.0
846615,64.0
846681,66.0
846749,68.0
846823,74.0
846898,75.0
846973,75.0
847039,66.0
847107,68.0
847173,66.0
847234,61.0
847306,72.0
847375,69.0
847435,60.0
847493,58.0
847504,11.0
847579,75.0
847639,60.0
847710,71.0
847766,56.0
847831,65.0
847888,57.0
847981,93.0
848087,106.0
848192,105.0
848307,115.0
848416,109.0
848534,118.0
848669,135.0
848803,134.0
848949,146.0
849105,156.0
849225,120.0
849331,106.0
849444,113.0
849564,120.0
849678,114.0
849797,119.0
849878,81.0
849982,104.0
850123,141.0
850234,111.0
850339,105.0
850454,115.0
850561,107.0
850663,102.0
850765,102.0
850873,108.0
850972,99.0
851085,113.0
851279,194.0
851513,234.0
851648,135.0
851820,172.0
851935,115.0
852095,160.0
852595,500.0
852901,306.0
853401,500.0
853901,500.0
854218,317.0
854425,207.0
854880,455.0
855075,195.0
855175,100.0
855283,108.0
855296,13.0
855308,12.0
855318,10.0
855327,9.0
855339,12.0
855351,12.0
855362,11.0
855374,12.0
855384,10.0
855393,9.0
855404,11.0
855415,11.0
855427,12.0
855438,11.0
855452,14.0
855464,12.0
855475,11.0
855487,12.0
855498,11.0
855511,13.0
855522,11.0
855531,9.0
855542,11.0
855553,11.0
855564,11.0
855574,10.0
855586,12.0
855597,11.0
855607,10.0
855620,13.0
855632,12.0
855644,12.0
855656,12.0
855667,11.0
855679,12.0
855690,11.0
855702,12.0
855713,11.0
855725,12.0
855736,11.0
855748,12.0
855759,11.0
855775,16.0
855787,12.0
855801,14.0
855814,13.0
855825,11.0
855838,13.0
855850,12.0
855863,13.0
855873,10.0
855890,17.0
855909,19.0
855923,14.0
855937,14.0
855949,12.0
855963,14.0
855979,16.0
855994,15.0
856008,14.0
856021,13.0
856034,13.0
856048,14.0
856061,13.0
856074,13.0
856089,15.0
856102,13.0
856116,14.0
856129,13.0
856142,13.0
856154,12.0
856166,12.0
856178,12.0
856188,10.0
856199,11.0
856211,12.0
856224,13.0
856236,12.0
856248,12.0
856261,13.0
856273,12.0
856285,12.0
856298,13.0
856310,12.0
856323,13.0
856335,12.0
856346,11.0
856361,15.0
856376,15.0
856388,12.0
856401,13.0
856412,11.0
856424,12.0
856437,13.0
856447,10.0
856460,13.0
856473,13.0
856487,14.0
856499,12.0
856512,13.0
856525,13.0
856536,11.0
856550,14.0
856564,14.0
856575,11.0
856588,13.0
856600,12.0
856613,13.0
856624,11.0
856636,12.0
856649,13.0
856665,16.0
856677,12.0
856690,13.0
856702,12.0
856714,12.0
856728,14.0
856739,11.0
856752,13.0
856764,12.0
856777,13.0
856791,14.0
856803,12.0
856817,14.0
856830,13.0
856844,14.0
856855,11.0
856869,14.0
856882,13.0
856896,14.0
856908,12.0
856920,12.0
856934,14.0
856946,12.0
856957,11.0
856969,12.0
856983,14.0
856994,11.0
857004,10.0
857015,11.0
857026,11.0
857037,11.0
857047,10.0
857060,13.0
857072,12.0
857086,14.0
857100,14.0
857111,11.0
857124,13.0
857140,16.0
857151,11.0
857164,13.0
857174,10.0
857185,11.0
857196,11.0
857208,12.0
857225,17.0
857240,15.0
857252,12.0
857347,95.0
857360,13.0
857448,88.0
857463,15.0
857552,89.0
857634,82.0
857722,88.0
857802,80.0
857884,82.0
857968,84.0
858060,92.0
858150,90.0
858242,92.0
858330,88.0
858416,86.0
858428,12.0
858522,94.0
858608,86.0
858695,87.0
858785,90.0
858875,90.0
858969,94.0
859056,87.0
859146,90.0
859239,93.0
859330,91.0
859427,97.0
859523,96.0
859617,94.0
859729,112.0
859851,122.0
859975,124.0
860083,108.0
860211,128.0
860364,153.0
860511,147.0
860657,146.0
860799,142.0
860951,152.0
861093,142.0
861237,144.0
861408,171.0
861609,201.0
861787,178.0
861969,182.0
862205,236.0
862705,500.0
863205,500.0
863705,500.0
864205,500.0
864705,500.0
865205,500.0
865328,123.0
865345,17.0
865438,93.0
865538,100.0
865644,106.0
865738,94.0
865836,98.0
865933,97.0
866032,99.0
866134,102.0
866241,107.0
866262,21.0
866297,35.0
866311,14.0
866410,99.0
866519,109.0
866623,104.0
866723,100.0
866823,100.0
866927,104.0
867036,109.0
867138,102.0
867231,93.0
867245,14.0
867341,96.0
867429,88.0
867505,76.0
867521,16.0
867536,15.0
867548,12.0
867566,18.0
867578,12.0
867590,12.0
867603,13.0
867618,15.0
867630,12.0
867657,27.0
867673,16.0
867684,11.0
867700,16.0
867711,11.0
867723,12.0
867740,17.0
867755,15.0
867771,16.0
867786,15.0
867819,33.0
867843,24.0
867860,17.0
867901,41.0
867927,26.0
867986,59.0
868038,52.0
868105,67.0
868195,90.0
868293,98.0
868400,107.0
868507,107.0
868613,106.0
868725,112.0
868830,105.0
868942,112.0
868955,13.0
869078,123.0
869197,119.0
869307,110.0
869410,103.0
869514,104.0
869622,108.0
869728,106.0
869739,11.0
869845,106.0
869958,113.0
870060,102.0
870163,103.0
870281,118.0
870384,103.0
870489,105.0
870600,111.0
870710,110.0
870825,115.0
870939,114.0
871046,107.0
871151,105.0
871255,104.0
871358,103.0
871468,110.0
871488,20.0
871593,105.0
871696,103.0
871805,109.0
871906,101.0
872014,108.0
872113,99.0
872211,98.0
872315,104.0
872419,104.0
872517,98.0
872638,121.0
872750,112.0
872848,98.0
872861,13.0
872997,136.0
873112,115.0
873213,101.0
873314,101.0
873326,12.0
873338,12.0
873353,15.0
873366,13.0
873378,12.0
873391,13.0
873486,95.0
873593,107.0
873694,101.0
873797,103.0
873897,100.0
874001,104.0
874103,102.0
874117,14.0
874131,14.0
874233,102.0
874340,107.0
874368,28.0
874470,102.0
874582,112.0
874689,107.0
874703,14.0
874816,113.0
874927,111.0
875035,108.0
875163,128.0
875278,115.0
875393,115.0
875514,121.0
875637,123.0
875764,127.0
875898,134.0
876041,143.0
876187,146.0
876322,135.0
876445,123.0
876565,120.0
876683,118.0
876802,119.0
876918,116.0
877034,116.0
877168,134.0
877284,116.0
877419,135.0
877550,131.0
877694,144.0
877861,167.0
878006,145.0
878156,150.0
878284,128.0
878424,140.0
878538,114.0
878650,112.0
878753,103.0
878873,120.0
878997,124.0
879105,108.0
879235,130.0
879375,140.0
879520,145.0
879685,165.0
879981,296.0
880270,289.0
880423,153.0
880603,180.0
880738,135.0
880853,115.0
880991,138.0
881122,131.0
881237,115.0
881352,115.0
881460,108.0
881577,117.0
881593,16.0
881609,16.0
881621,12.0
881632,11.0
881644,12.0
881658,14.0
881671,13.0
881686,15.0
881697,11.0
881709,12.0
881721,12.0
881732,11.0
881743,11.0
881753,10.0
881765,12.0
881778,13.0
881789,11.0
881802,13.0
881814,12.0
881826,12.0
881840,14.0
881854,14.0
881867,13.0
881884,17.0
881901,17.0
881912,11.0
881926,14.0
881943,17.0
881956,13.0
881968,12.0
881984,16.0
882086,102.0
882200,114.0
882324,124.0
882457,133.0
882473,16.0
882484,11.0
882611,127.0
882625,14.0
882637,12.0
882649,12.0
882659,10.0
882672,13.0
882687,15.0
882697,10.0
882709,12.0
882855,146.0
882870,15.0
883047,177.0
883063,16.0
883563,500.0
884063,500.0
884563,500.0
885063,500.0
885201,138.0
885213,12.0
885407,194.0
885458,51.0
885563,105.0
885623,60.0
885687,64.0
885783,96.0
885815,32.0
885842,27.0
885899,57.0
885939,40.0
885992,53.0
886044,52.0
886099,55.0
886112,13.0
886127,15.0
886195,68.0
886255,60.0
886318,63.0
886366,48.0
886395,29.0
886406,11.0
886542,136.0
886630,88.0
886768,138.0
886828,60.0
886954,126.0
887042,88.0
887086,44.0
887097,11.0
887174,77.0
887288,114.0
887319,31.0
887670,351.0
887920,250.0
888025,105.0
888525,500.0
889025,500.0
889525,500.0
890025,500.0
890242,217.0
890387,145.0
890529,142.0
890658,129.0
890773,115.0
890901,128.0
891054,153.0
891231,177.0
891413,182.0
891605,192.0
891791,186.0
891972,181.0
892134,162.0
892284,150.0
892432,148.0
892565,133.0
892706,141.0
892839,133.0
892977,138.0
893121,144.0
893283,162.0
893553,270.0
894053,500.0
894232,179.0
894385,153.0
894557,172.0
894706,149.0
894871,165.0
895018,147.0
895220,202.0
895720,500.0
896220,500.0
896720,500.0
897220,500.0
897539,319.0
897617,78.0
897691,74.0
897762,71.0
897833,71.0
897906,73.0
897987,81.0
898066,79.0
898140,74.0
898153,13.0
898232,79.0
898312,80.0
898400,88.0
898524,124.0
898727,203.0
898923,196.0
899099,176.0
899247,148.0
899379,132.0
899503,124.0
899621,118.0
899743,122.0
899762,19.0
899888,126.0
900007,119.0
900121,114.0
900237,116.0
900346,109.0
900448,102.0
900533,85.0
900645,112.0
900761,116.0
900862,101.0
900958,96.0
901048,90.0
901131,83.0
901144,13.0
901238,94.0
901334,96.0
901428,94.0
901439,11.0
901523,84.0
901614,91.0
901697,83.0
901784,87.0
901867,83.0
901956,89.0
902051,95.0
902162,111.0
902273,111.0
902380,107.0
902392,12.0
902494,102.0
902598,104.0
902705,107.0
902813,108.0
902915,102.0
902928,13.0
903044,116.0
903054,10.0
903165,111.0
903274,109.0
903380,106.0
903488,108.0
903592,104.0
903694,102.0
903799,105.0
903899,100.0
904004,105.0
904108,104.0
904224,116.0
904337,113.0
904349,12.0
904466,117.0
904597,131.0
904726,129.0
904848,122.0
904971,123.0
905090,119.0
905102,12.0
905203,101.0
905307,104.0
905405,98.0
905496,91.0
905587,91.0
905677,90.0
905761,84.0
905844,83.0
905924,80.0
906011,87.0
906103,92.0
906201,98.0
906293,92.0
906381,88.0
906491,110.0
906607,116.0
906708,101.0
906807,99.0
906918,111.0
906931,13.0
907054,123.0
907251,197.0
907523,272.0
907632,109.0
907730,98.0
907843,113.0
907943,100.0
908048,105.0
908163,115.0
908279,116.0
908387,108.0
908398,11.0
908409,11.0
908421,12.0
908431,10.0
908444,13.0
908457,13.0
908568,111.0
908678,110.0
908788,110.0
908901,113.0
909012,111.0
909123,111.0
909235,112.0
909359,124.0
909369,10.0
909492,123.0
909622,130.0
909751,129.0
909882,131.0
910004,122.0
910133,129.0
910267,134.0
910395,128.0
910407,12.0
910527,120.0
910655,128.0
910784,129.0
910917,133.0
910927,10.0
911055,128.0
911238,183.0
911416,178.0
911568,152.0
911712,144.0
911864,152.0
912004,140.0
912231,227.0
912651,420.0
912747,96.0
912900,153.0
913068,168.0
913304,236.0
913446,142.0
913580,134.0
913717,137.0
913852,135.0
913985,133.0
914118,133.0
914250,132.0
914379,129.0
914515,136.0
914650,135.0
914780,130.0
914907,127.0
915039,132.0
915205,166.0
915426,221.0
915576,150.0
915724,148.0
915883,159.0
916036,153.0
916196,160.0
916445,249.0
916854,409.0
917106,252.0
917206,100.0
917441,235.0
917555,114.0
917664,109.0
917786,122.0
917926,140.0
918090,164.0
918242,152.0
918374,132.0
918516,142.0
918676,160.0
918812,136.0
918942,130.0
919090,148.0
919235,145.0
919247,12.0
919387,140.0
919537,150.0
919679,142.0
919824,145.0
919920,96.0
920016,96.0
920138,122.0
920250,112.0
920360,110.0
920476,116.0
920589,113.0
920706,117.0
920841,135.0
920975,134.0
921089,114.0
921197,108.0
921314,117.0
921433,119.0
921550,117.0
921668,118.0
921796,128.0
921923,127.0
922049,126.0
922175,126.0
922301,126.0
922605,304.0
922619,14.0
922728,109.0
922918,190.0
923005,87.0
923293,288.0
923467,174.0
923637,170.0
923809,172.0
924003,194.0
924204,201.0
924505,301.0
924781,276.0
924955,174.0
925136,181.0
925636,500.0
926136,500.0
926294,158.0
926440,146.0
926607,167.0
926788,181.0
926959,171.0
927420,461.0
927514,94.0
927586,72.0
927653,67.0
927664,11.0
927676,12.0
927688,12.0
927821,133.0
927889,68.0
928050,161.0
928232,182.0
928432,200.0
928620,188.0
928821,201.0
928987,166.0
928998,11.0
929185,187.0
929431,246.0
929688,257.0
930005,317.0
930074,69.0
930133,59.0
930196,63.0
930247,51.0
930317,70.0
930379,62.0
930461,82.0
930560,99.0
931060,500.0
931433,373.0
931603,170.0
931732,129.0
931863,131.0
931995,132.0
932129,134.0
932246,117.0
932350,104.0
932456,106.0
932548,92.0
932643,95.0
932750,107.0
932846,96.0
932953,107.0
933044,91.0
933134,90.0
933232,98.0
933335,103.0
933439,104.0
933547,108.0
933659,112.0
933770,111.0
933883,113.0
933894,11.0
933910,16.0
934020,110.0
934033,13.0
934133,100.0
934144,11.0
934252,108.0
934354,102.0
934449,95.0
934542,93.0
934630,88.0
934647,17.0
934748,101.0
934845,97.0
934942,97.0
934955,13.0
935049,94.0
935138,89.0
935231,93.0
935324,93.0
935414,90.0
935523,109.0
935637,114.0
935752,115.0
935868,116.0
935883,15.0
935996,113.0
936110,114.0
936213,103.0
936321,108.0
936334,13.0
936438,104.0
936543,105.0
936655,112.0
936758,103.0
936851,93.0
936946,95.0
937047,101.0
937160,113.0
937268,108.0
937377,109.0
937497,120.0
937620,123.0
937749,129.0
937877,128.0
937994,117.0
938119,125.0
938242,123.0
938360,118.0
938470,110.0
938586,116.0
938700,114.0
938814,114.0
938927,113.0
939039,112.0
939151,112.0
939273,122.0
939393,120.0
939525,132.0
939652,127.0
939780,128.0
939920,140.0
940051,131.0
940186,135.0
940304,118.0
940435,131.0
940551,116.0
940687,136.0
940817,130.0
940947,130.0
941089,142.0
941214,125.0
941329,115.0
941433,104.0
941535,102.0
941638,103.0
941736,98.0
941836,100.0
941933,97.0
942023,90.0
942111,88.0
942185,74.0
942255,70.0
942323,68.0
942393,70.0
942461,68.0
942526,65.0
942589,63.0
942654,65.0
942728,74.0
942798,70.0
942868,70.0
942952,84.0
943030,78.0
943114,84.0
943209,95.0
943308,99.0
943428,120.0
943572,144.0
943763,191.0
943918,155.0
944084,166.0
944264,180.0
944504,240.0
944859,355.0
945224,365.0
945455,231.0
945651,196.0
945829,178.0
946035,206.0
946199,164.0
946357,158.0
946530,173.0
946657,127.0
946781,124.0
946958,177.0
947254,296.0
947440,186.0
947615,175.0
947825,210.0
948078,253.0
948354,276.0
948577,223.0
948720,143.0
948870,150.0
949001,131.0
949118,117.0
949272,154.0
949453,181.0
949629,176.0
949789,160.0
949959,170.0
949971,12.0
950119,148.0
950262,143.0
950438,176.0
950684,246.0
951184,500.0
951581,397.0
951790,209.0
952000,210.0
952203,203.0
952537,334.0
952663,126.0
952815,152.0
952939,124.0
953067,128.0
953194,127.0
953336,142.0
953475,139.0
953621,146.0
953791,170.0
954006,215.0
954210,204.0
954644,434.0
954844,200.0
955164,320.0
955384,220.0
955556,172.0
955765,209.0
955937,172.0
956093,156.0
956231,138.0
956380,149.0
956525,145.0
956651,126.0
956783,132.0
956928,145.0
957056,128.0
957170,114.0
957278,108.0
957778,500.0
957895,117.0
958026,131.0
958340,314.0
958440,100.0
958568,128.0
958739,171.0
958878,139.0
959002,124.0
959115,113.0
959232,117.0
959346,114.0
959447,101.0
959502,55.0
959573,71.0
959641,68.0
959705,64.0
959717,12.0
959778,61.0
959867,89.0
959963,96.0
959977,14.0
959990,13.0
960071,81.0
960169,98.0
960252,83.0
960385,133.0
960522,137.0
960665,143.0
960813,148.0
960979,166.0
961127,148.0
961252,125.0
961411,159.0
961423,12.0
961435,12.0
961446,11.0
961455,9.0
961466,11.0
961628,162.0
961640,12.0
961650,10.0
961819,169.0
961991,172.0
962002,11.0
962164,162.0
962330,166.0
962490,160.0
962650,160.0
962664,14.0
962676,12.0
962686,10.0
962838,152.0
962849,11.0
962861,12.0
963022,161.0
963217,195.0
963401,184.0
963614,213.0
963856,242.0
964092,236.0
964280,188.0
964503,223.0
964694,191.0
964871,177.0
965024,153.0
965173,149.0
965350,177.0
965543,193.0
965779,236.0
966042,263.0
966271,229.0
966483,212.0
966652,169.0
966792,140.0
967280,488.0
967294,14.0
967305,11.0
967315,10.0
967324,9.0
967332,8.0
967341,9.0
967353,12.0
967364,11.0
967375,11.0
967467,92.0
967691,224.0
967931,240.0
968105,174.0
968275,170.0
968430,155.0
968578,148.0
968723,145.0
968863,140.0
969003,140.0
969152,149.0
969290,138.0
969299,9.0
969309,10.0
969318,9.0
969327,9.0
969337,10.0
969347,10.0
969356,9.0
969366,10.0
969375,9.0
969384,9.0
969393,9.0
969402,9.0
969412,10.0
969420,8.0
969431,11.0
969443,12.0
969458,15.0
969471,13.0
969485,14.0
969497,12.0
969509,12.0
969524,15.0
969536,12.0
969548,12.0
969694,146.0
969843,149.0
969997,154.0
970140,143.0
970283,143.0
970301,18.0
970451,150.0
970609,158.0
970769,160.0
970963,194.0
971159,196.0
971325,166.0
971522,197.0
971711,189.0
971903,192.0
972082,179.0
972288,206.0
972500,212.0
972694,194.0
972917,223.0
973177,260.0
973508,331.0
973618,110.0
973716,98.0
973820,104.0
973934,114.0
974046,112.0
974144,98.0
974259,115.0
974369,110.0
974493,124.0
974620,127.0
974767,147.0
974906,139.0
975038,132.0
975182,144.0
975322,140.0
975466,144.0
975607,141.0
975749,142.0
975870,121.0
976013,143.0
976152,139.0
976280,128.0
976394,114.0
976499,105.0
976615,116.0
976726,111.0
976832,106.0
976965,133.0
977080,115.0
977248,168.0
977388,140.0
977526,138.0
977659,133.0
977777,118.0
977893,116.0
978004,111.0
978122,118.0
978224,102.0
978331,107.0
978438,107.0
978544,106.0
978639,95.0
978734,95.0
978844,110.0
978977,133.0
979108,131.0
979230,122.0
979345,115.0
979472,127.0
979625,153.0
979733,108.0
979834,101.0
979945,111.0
980073,128.0
980216,143.0
980716,500.0
980980,264.0
981204,224.0
981377,173.0
981541,164.0
981716,175.0
981832,116.0
981950,118.0
982105,155.0
982244,139.0
982364,120.0
982515,151.0
982635,120.0
982772,137.0
982880,108.0
983216,336.0
983392,176.0
983606,214.0
983746,140.0
983893,147.0
984393,500.0
984466,73.0
984498,32.0
984524,26.0
984551,27.0
984566,15.0
984584,18.0
984596,12.0
984610,14.0
984626,16.0
984650,24.0
984667,17.0
984697,30.0
984718,21.0
984736,18.0
984754,18.0
984770,16.0
984783,13.0
984798,15.0
984813,15.0
984824,11.0
984839,15.0
984851,12.0
984864,13.0
984875,11.0
984887,12.0
984897,10.0
984909,12.0
984919,10.0
984929,10.0
984940,11.0
984951,11.0
984964,13.0
984974,10.0
984987,13.0
984999,12.0
985009,10.0
985023,14.0
985035,12.0
985052,17.0
985062,10.0
985075,13.0
985088,13.0
985099,11.0
985110,11.0
985122,12.0
985134,12.0
985144,10.0
985156,12.0
985168,12.0
985180,12.0
985193,13.0
985207,14.0
985218,11.0
985234,16.0
985247,13.0
985257,10.0
985269,12.0
985283,14.0
985295,12.0
985308,13.0
985321,13.0
985334,13.0
985349,15.0
985361,12.0
985377,16.0
985391,14.0
985406,15.0
985418,12.0
985435,17.0
985447,12.0
985460,13.0
985474,14.0
985489,15.0
985505,16.0
985520,15.0
985535,15.0
985551,16.0
985566,15.0
985584,18.0
985599,15.0
985617,18.0
985630,13.0
985652,22.0
985664,12.0
985679,15.0
985693,14.0
985707,14.0
985724,17.0
985742,18.0
985760,18.0
985779,19.0
985799,20.0
985811,12.0
985835,24.0
985858,23.0
985872,14.0
985892,20.0
985982,90.0
986093,111.0
986205,112.0
986313,108.0
986427,114.0
986546,119.0
986671,125.0
986790,119.0
986918,128.0
987036,118.0
987151,115.0
987267,116.0
987410,143.0
987910,500.0
988245,335.0
988258,13.0
988279,21.0
988690,411.0
988790,100.0
988877,87.0
988970,93.0
989060,90.0
989148,88.0
989233,85.0
989332,99.0
989646,314.0
989872,226.0
989987,115.0
990125,138.0
990256,131.0
990756,500.0
990855,99.0
990939,84.0
991025,86.0
991117,92.0
991240,123.0
991577,337.0
991738,161.0
991904,166.0
992404,500.0
992600,196.0
992726,126.0
992851,125.0
992959,108.0
992973,14.0
993081,108.0
993230,149.0
993431,201.0
993549,118.0
993655,106.0
993775,120.0
993932,157.0
994119,187.0
994263,144.0
994763,500.0
994907,144.0
995016,109.0
995099,83.0
995201,102.0
995311,110.0
995405,94.0
995592,187.0
995721,129.0
995817,96.0
995930,113.0
996051,121.0
996241,190.0
996493,252.0
996746,253.0
996875,129.0
996993,118.0
997493,500.0
997643,150.0
997762,119.0
997879,117.0
998017,138.0
998187,170.0
998687,500.0
999187,500.0
999363,176.0
999378,15.0
999500,122.0
999625,125.0
999748,123.0
999864,116.0
