env_step,episode_return
8,8.0
65,57.0
81,16.0
93,12.0
104,11.0
160,56.0
176,16.0
192,16.0
255,63.0
270,15.0
318,48.0
332,14.0
363,31.0
377,14.0
399,22.0
411,12.0
425,14.0
462,37.0
479,17.0
495,16.0
510,15.0
521,11.0
549,28.0
566,17.0
581,15.0
597,16.0
611,14.0
629,18.0
664,35.0
674,10.0
708,34.0
724,16.0
740,16.0
752,12.0
806,54.0
831,25.0
848,17.0
862,14.0
873,11.0
902,29.0
931,29.0
983,52.0
1022,39.0
1042,20.0
1065,23.0
1102,37.0
1112,10.0
1133,21.0
1151,18.0
1181,30.0
1214,33.0
1228,14.0
1244,16.0
1271,27.0
1298,27.0
1309,11.0
1333,24.0
1353,20.0
1366,13.0
1405,39.0
1427,22.0
1460,33.0
1477,17.0
1494,17.0
1511,17.0
1528,17.0
1547,19.0
1566,19.0
1586,20.0
1609,23.0
1635,26.0
1655,20.0
1689,34.0
1699,10.0
1709,10.0
1725,16.0
1748,23.0
1764,16.0
1779,15.0
1792,13.0
1804,12.0
1824,20.0
1839,15.0
1856,17.0
1878,22.0
1889,11.0
1903,14.0
1929,26.0
1943,14.0
1957,14.0
1978,21.0
1989,11.0
2002,13.0
2024,22.0
2042,18.0
2061,19.0
2081,20.0
2101,20.0
2113,12.0
2125,12.0
2155,30.0
2168,13.0
2192,24.0
2202,10.0
2215,13.0
2243,28.0
2271,28.0
2293,22.0
2307,14.0
2319,12.0
2347,28.0
2363,16.0
2379,16.0
2403,24.0
2430,27.0
2451,21.0
2485,34.0
2504,19.0
2516,12.0
2548,32.0
2566,18.0
2586,20.0
2624,38.0
2639,15.0
2660,21.0
2670,10.0
2688,18.0
2702,14.0
2754,52.0
2774,20.0
2791,17.0
2805,14.0
2818,13.0
2838,20.0
2850,12.0
2935,85.0
2945,10.0
2955,10.0
2988,33.0
3003,15.0
3015,12.0
3026,11.0
3041,15.0
3060,19.0
3079,19.0
3094,15.0
3107,13.0
3127,20.0
3201,74.0
3222,21.0
3238,16.0
3255,17.0
3268,13.0
3287,19.0
3301,14.0
3317,16.0
3335,18.0
3348,13.0
3366,18.0
3402,36.0
3419,17.0
3429,10.0
3449,20.0
3463,14.0
3477,14.0
3516,39.0
3528,12.0
3559,31.0
3571,12.0
3584,13.0
3595,11.0
3610,15.0
3631,21.0
3703,72.0
3729,26.0
3789,60.0
3817,28.0
3838,21.0
3874,36.0
3907,33.0
3946,39.0
3960,14.0
4027,67.0
4038,11.0
4076,38.0
4091,15.0
4104,13.0
4120,16.0
4141,21.0
4165,24.0
4179,14.0
4201,22.0
4217,16.0
4230,13.0
4280,50.0
4306,26.0
4338,32.0
4349,11.0
4362,13.0
4375,13.0
4400,25.0
4428,28.0
4455,27.0
4477,22.0
4501,24.0
4519,18.0
4542,23.0
4562,20.0
4601,39.0
4613,12.0
4626,13.0
4645,19.0
4669,24.0
4700,31.0
4713,13.0
4725,12.0
4777,52.0
4798,21.0
4820,22.0
4864,44.0
4887,23.0
4898,11.0
4921,23.0
4936,15.0
4952,16.0
4981,29.0
4992,11.0
5009,17.0
5019,10.0
5035,16.0
5047,12.0
5057,10.0
5131,74.0
5149,18.0
5177,28.0
5192,15.0
5214,22.0
5235,21.0
5256,21.0
5270,14.0
5295,25.0
5310,15.0
5339,29.0
5358,19.0
5373,15.0
5387,14.0
5403,16.0
5420,17.0
5435,15.0
5455,20.0
5471,16.0
5491,20.0
5521,30.0
5542,21.0
5555,13.0
5564,9.0
5575,11.0
5605,30.0
5617,12.0
5632,15.0
5649,17.0
5662,13.0
5689,27.0
5703,14.0
5731,28.0
5742,11.0
5761,19.0
5782,21.0
5793,11.0
5813,20.0
5830,17.0
5845,15.0
5873,28.0
5887,14.0
5904,17.0
5919,15.0
5936,17.0
5971,35.0
5996,25.0
6035,39.0
6060,25.0
6072,12.0
6096,24.0
6109,13.0
6130,21.0
6159,29.0
6171,12.0
6181,10.0
6201,20.0
6226,25.0
6236,10.0
6251,15.0
6299,48.0
6323,24.0
6334,11.0
6358,24.0
6380,22.0
6396,16.0
6416,20.0
6457,41.0
6472,15.0
6530,58.0
6542,12.0
6575,33.0
6587,12.0
6619,32.0
6632,13.0
6641,9.0
6651,10.0
6712,61.0
6751,39.0
6773,22.0
6795,22.0
6808,13.0
6820,12.0
6840,20.0
6856,16.0
6872,16.0
6883,11.0
6909,26.0
6956,47.0
6975,19.0
6991,16.0
7006,15.0
7039,33.0
7051,12.0
7075,24.0
7093,18.0
7112,19.0
7139,27.0
7160,21.0
7177,17.0
7191,14.0
7204,13.0
7219,15.0
7238,19.0
7257,19.0
7273,16.0
7308,35.0
7340,32.0
7354,14.0
7376,22.0
7442,66.0
7456,14.0
7487,31.0
7517,30.0
7544,27.0
7575,31.0
7593,18.0
7616,23.0
7654,38.0
7698,44.0
7711,13.0
7726,15.0
7770,44.0
7785,15.0
7817,32.0
7836,19.0
7860,24.0
7884,24.0
7936,52.0
7965,29.0
8023,58.0
8038,15.0
8068,30.0
8078,10.0
8103,25.0
8114,11.0
8175,61.0
8192,17.0
8211,19.0
8249,38.0
8265,16.0
8280,15.0
8300,20.0
8315,15.0
8350,35.0
8392,42.0
8476,84.0
8486,10.0
8504,18.0
8515,11.0
8541,26.0
8565,24.0
8599,34.0
8626,27.0
8655,29.0
8670,15.0
8694,24.0
8727,33.0
8787,60.0
8804,17.0
8825,21.0
8845,20.0
8920,75.0
8941,21.0
8958,17.0
8975,17.0
8984,9.0
9003,19.0
9017,14.0
9040,23.0
9054,14.0
9077,23.0
9092,15.0
9110,18.0
9131,21.0
9145,14.0
9188,43.0
9233,45.0
9255,22.0
9279,24.0
9303,24.0
9332,29.0
9374,42.0
9411,37.0
9475,64.0
9490,15.0
9517,27.0
9546,29.0
9557,11.0
9576,19.0
9586,10.0
9614,28.0
9635,21.0
9650,15.0
9665,15.0
9684,19.0
9696,12.0
9709,13.0
9782,73.0
9795,13.0
9807,12.0
9820,13.0
9834,14.0
9847,13.0
9882,35.0
9940,58.0
9977,37.0
9989,12.0
10012,23.0
10034,22.0
10056,22.0
10072,16.0
10100,28.0
10122,22.0
10190,68.0
10211,21.0
10239,28.0
10298,59.0
10377,79.0
10393,16.0
10449,56.0
10483,34.0
10500,17.0
10526,26.0
10595,69.0
10606,11.0
10619,13.0
10642,23.0
10656,14.0
10671,15.0
10694,23.0
10725,31.0
10756,31.0
10802,46.0
10817,15.0
10830,13.0
10849,19.0
10871,22.0
10888,17.0
10914,26.0
10941,27.0
10990,49.0
11032,42.0
11049,17.0
11073,24.0
11085,12.0
11104,19.0
11127,23.0
11194,67.0
11214,20.0
11223,9.0
11234,11.0
11251,17.0
11269,18.0
11314,45.0
11336,22.0
11357,21.0
11412,55.0
11448,36.0
11476,28.0
11543,67.0
11553,10.0
11584,31.0
11599,15.0
11669,70.0
11742,73.0
11762,20.0
11868,106.0
11883,15.0
11905,22.0
11940,35.0
11969,29.0
12037,68.0
12101,64.0
12149,48.0
12180,31.0
12205,25.0
12222,17.0
12233,11.0
12279,46.0
12337,58.0
12352,15.0
12375,23.0
12398,23.0
12416,18.0
12460,44.0
12515,55.0
12542,27.0
12575,33.0
12591,16.0
12623,32.0
12663,40.0
12679,16.0
12694,15.0
12715,21.0
12727,12.0
12739,12.0
12769,30.0
12853,84.0
12946,93.0
12958,12.0
13007,49.0
13047,40.0
13122,75.0
13138,16.0
13157,19.0
13204,47.0
13217,13.0
13227,10.0
13268,41.0
13300,32.0
13321,21.0
13337,16.0
13365,28.0
13385,20.0
13396,11.0
13431,35.0
13495,64.0
13633,138.0
13676,43.0
13692,16.0
13706,14.0
13730,24.0
13753,23.0
13786,33.0
13913,127.0
13976,63.0
14004,28.0
14100,96.0
14245,145.0
14270,25.0
14317,47.0
14358,41.0
14381,23.0
14542,161.0
14615,73.0
14664,49.0
14682,18.0
14784,102.0
14794,10.0
14845,51.0
14858,13.0
14920,62.0
14959,39.0
15000,41.0
15021,21.0
15056,35.0
15083,27.0
15125,42.0
15147,22.0
15168,21.0
15293,125.0
15348,55.0
15433,85.0
15457,24.0
15478,21.0
15492,14.0
15524,32.0
15575,51.0
15595,20.0
15613,18.0
15631,18.0
15744,113.0
15819,75.0
15838,19.0
15864,26.0
15944,80.0
15991,47.0
16073,82.0
16149,76.0
16243,94.0
16335,92.0
16345,10.0
16413,68.0
16472,59.0
16512,40.0
16538,26.0
16554,16.0
16681,127.0
16720,39.0
16773,53.0
16784,11.0
16796,12.0
16811,15.0
16915,104.0
16967,52.0
17006,39.0
17105,99.0
17194,89.0
17246,52.0
17319,73.0
17377,58.0
17448,71.0
17470,22.0
17486,16.0
17564,78.0
17637,73.0
17665,28.0
17695,30.0
17731,36.0
17785,54.0
17841,56.0
17886,45.0
18017,131.0
18108,91.0
18230,122.0
18245,15.0
18287,42.0
18367,80.0
18382,15.0
18392,10.0
18461,69.0
18543,82.0
18572,29.0
18585,13.0
18604,19.0
18689,85.0
18717,28.0
18745,28.0
18763,18.0
18789,26.0
18802,13.0
18835,33.0
18865,30.0
18892,27.0
18907,15.0
18920,13.0
18975,55.0
19043,68.0
19060,17.0
19171,111.0
19196,25.0
19215,19.0
19275,60.0
19462,187.0
19479,17.0
19557,78.0
19636,79.0
19673,37.0
19745,72.0
19783,38.0
19796,13.0
19836,40.0
19864,28.0
20049,185.0
20081,32.0
20096,15.0
20109,13.0
20169,60.0
20260,91.0
20297,37.0
20326,29.0
20348,22.0
20370,22.0
20411,41.0
20462,51.0
20529,67.0
20545,16.0
20558,13.0
20596,38.0
20624,28.0
20737,113.0
20805,68.0
20895,90.0
20993,98.0
21028,35.0
21052,24.0
21067,15.0
21086,19.0
21117,31.0
21146,29.0
21216,70.0
21305,89.0
21351,46.0
21412,61.0
21484,72.0
21564,80.0
21702,138.0
21755,53.0
21847,92.0
21877,30.0
21886,9.0
21922,36.0
21935,13.0
22001,66.0
22014,13.0
22073,59.0
22245,172.0
22302,57.0
22400,98.0
22553,153.0
22661,108.0
22679,18.0
22709,30.0
22722,13.0
22738,16.0
22822,84.0
22935,113.0
23007,72.0
23041,34.0
23085,44.0
23172,87.0
23271,99.0
23314,43.0
23326,12.0
23344,18.0
23480,136.0
23519,39.0
23688,169.0
23743,55.0
23754,11.0
23802,48.0
23855,53.0
23964,109.0
24058,94.0
24088,30.0
24197,109.0
24214,17.0
24292,78.0
24315,23.0
24358,43.0
24373,15.0
24507,134.0
24560,53.0
24619,59.0
24723,104.0
24796,73.0
24885,89.0
24937,52.0
25024,87.0
25110,86.0
25170,60.0
25437,267.0
25645,208.0
25662,17.0
25689,27.0
25704,15.0
25881,177.0
26163,282.0
26187,24.0
26254,67.0
26308,54.0
26579,271.0
26660,81.0
26838,178.0
27077,239.0
27092,15.0
27270,178.0
27314,44.0
27465,151.0
27514,49.0
27655,141.0
27817,162.0
27932,115.0
27989,57.0
28009,20.0
28022,13.0
28059,37.0
28099,40.0
28262,163.0
28516,254.0
28638,122.0
28793,155.0
29097,304.0
29209,112.0
29230,21.0
29338,108.0
29396,58.0
29422,26.0
29452,30.0
29640,188.0
29783,143.0
29874,91.0
29894,20.0
29940,46.0
29988,48.0
30079,91.0
30231,152.0
30249,18.0
30350,101.0
30534,184.0
30682,148.0
30845,163.0
30996,151.0
31129,133.0
31289,160.0
31429,140.0
31447,18.0
31464,17.0
31479,15.0
31612,133.0
31636,24.0
31725,89.0
31895,170.0
32051,156.0
32065,14.0
32198,133.0
32215,17.0
32363,148.0
32525,162.0
32674,149.0
32814,140.0
32917,103.0
33098,181.0
33394,296.0
33535,141.0
33547,12.0
33564,17.0
33722,158.0
33880,158.0
33908,28.0
33998,90.0
34013,15.0
34026,13.0
34124,98.0
34284,160.0
34400,116.0
34512,112.0
34648,136.0
34783,135.0
34912,129.0
35035,123.0
35049,14.0
35178,129.0
35291,113.0
35314,23.0
35435,121.0
35548,113.0
35660,112.0
35685,25.0
35803,118.0
35934,131.0
36060,126.0
36182,122.0
36197,15.0
36314,117.0
36330,16.0
36469,139.0
36598,129.0
36719,121.0
36735,16.0
36847,112.0
36974,127.0
37086,112.0
37203,117.0
37318,115.0
37438,120.0
37549,111.0
37565,16.0
37668,103.0
37784,116.0
37899,115.0
37928,29.0
38048,120.0
38167,119.0
38185,18.0
38309,124.0
38472,163.0
38624,152.0
38780,156.0
38916,136.0
39039,123.0
39176,137.0
39314,138.0
39325,11.0
39482,157.0
39607,125.0
39779,172.0
39928,149.0
40064,136.0
40226,162.0
40421,195.0
40593,172.0
40649,56.0
40674,25.0
40848,174.0
41036,188.0
41258,222.0
41272,14.0
41282,10.0
41298,16.0
41384,86.0
41396,12.0
41563,167.0
41727,164.0
41917,190.0
42174,257.0
42428,254.0
42661,233.0
42871,210.0
43097,226.0
43330,233.0
43562,232.0
43829,267.0
44067,238.0
44335,268.0
44581,246.0
44801,220.0
45071,270.0
45315,244.0
45466,151.0
45495,29.0
45653,158.0
45765,112.0
45811,46.0
45837,26.0
45848,11.0
45916,68.0
46105,189.0
46116,11.0
46278,162.0
46460,182.0
46634,174.0
46796,162.0
46972,176.0
47139,167.0
47326,187.0
47515,189.0
47673,158.0
47848,175.0
48095,247.0
48331,236.0
48596,265.0
48838,242.0
49087,249.0
49259,172.0
49421,162.0
49579,158.0
49889,310.0
49997,108.0
50233,236.0
50437,204.0
50555,118.0
50657,102.0
50739,82.0
50888,149.0
51038,150.0
51244,206.0
51546,302.0
51758,212.0
51952,194.0
52111,159.0
52257,146.0
52397,140.0
52494,97.0
52621,127.0
52818,197.0
52950,132.0
53138,188.0
53295,157.0
53446,151.0
53558,112.0
53661,103.0
53751,90.0
53854,103.0
53964,110.0
54128,164.0
54292,164.0
54550,258.0
54843,293.0
55343,500.0
55528,185.0
55746,218.0
55875,129.0
56050,175.0
56058,8.0
56068,10.0
56078,10.0
56087,9.0
56097,10.0
56107,10.0
56116,9.0
56126,10.0
56136,10.0
56145,9.0
56154,9.0
56164,10.0
56174,10.0
56184,10.0
56194,10.0
56202,8.0
56210,8.0
56220,10.0
56230,10.0
56240,10.0
56251,11.0
56262,11.0
56272,10.0
56281,9.0
56290,9.0
56300,10.0
56310,10.0
56319,9.0
56329,10.0
56338,9.0
56349,11.0
56358,9.0
56368,10.0
56376,8.0
56385,9.0
56394,9.0
56404,10.0
56413,9.0
56424,11.0
56434,10.0
56444,10.0
56453,9.0
56463,10.0
56472,9.0
56483,11.0
56491,8.0
56500,9.0
56509,9.0
56520,11.0
56530,10.0
56540,10.0
56551,11.0
56562,11.0
56572,10.0
56582,10.0
56592,10.0
56601,9.0
56609,8.0
56619,10.0
56628,9.0
56636,8.0
56647,11.0
56656,9.0
56665,9.0
56674,9.0
56684,10.0
56693,9.0
56703,10.0
56713,10.0
56722,9.0
56730,8.0
56740,10.0
56750,10.0
56759,9.0
56767,8.0
56778,11.0
56787,9.0
56799,12.0
56807,8.0
56816,9.0
56825,9.0
56836,11.0
56845,9.0
56854,9.0
56864,10.0
56876,12.0
56885,9.0
56894,9.0
56903,9.0
56912,9.0
56922,10.0
56930,8.0
56939,9.0
56948,9.0
56957,9.0
56967,10.0
56976,9.0
56985,9.0
56995,10.0
57005,10.0
57015,10.0
57025,10.0
57035,10.0
57046,11.0
57055,9.0
57065,10.0
57076,11.0
57087,11.0
57096,9.0
57108,12.0
57118,10.0
57127,9.0
57137,10.0
57145,8.0
57155,10.0
57163,8.0
57172,9.0
57183,11.0
57193,10.0
57203,10.0
57211,8.0
57220,9.0
57228,8.0
57237,9.0
57246,9.0
57257,11.0
57267,10.0
57275,8.0
57284,9.0
57294,10.0
57303,9.0
57313,10.0
57323,10.0
57332,9.0
57341,9.0
57350,9.0
57360,10.0
57372,12.0
57380,8.0
57389,9.0
57400,11.0
57411,11.0
57422,11.0
57433,11.0
57443,10.0
57456,13.0
57465,9.0
57475,10.0
57484,9.0
57494,10.0
57505,11.0
57516,11.0
57526,10.0
57534,8.0
57543,9.0
57554,11.0
57565,11.0
57575,10.0
57585,10.0
57594,9.0
57608,14.0
57618,10.0
57629,11.0
57639,10.0
57651,12.0
57662,11.0
57673,11.0
57684,11.0
57694,10.0
57706,12.0
57719,13.0
57729,10.0
57740,11.0
57749,9.0
57760,11.0
57772,12.0
57782,10.0
57792,10.0
57802,10.0
57816,14.0
57971,155.0
58111,140.0
58122,11.0
58237,115.0
58363,126.0
58486,123.0
58599,113.0
58611,12.0
58730,119.0
58861,131.0
58877,16.0
58988,111.0
59124,136.0
59238,114.0
59359,121.0
59482,123.0
59631,149.0
59775,144.0
59902,127.0
60035,133.0
60186,151.0
60357,171.0
60515,158.0
60677,162.0
60814,137.0
60950,136.0
61088,138.0
61239,151.0
61403,164.0
61582,179.0
61708,126.0
61832,124.0
61971,139.0
62111,140.0
62253,142.0
62405,152.0
62551,146.0
62733,182.0
62867,134.0
62979,112.0
63096,117.0
63217,121.0
63343,126.0
63466,123.0
63691,225.0
63896,205.0
64040,144.0
64153,113.0
64291,138.0
64403,112.0
64566,163.0
64708,142.0
64833,125.0
65041,208.0
65186,145.0
65323,137.0
65487,164.0
65620,133.0
65763,143.0
65890,127.0
65905,15.0
66008,103.0
66102,94.0
66205,103.0
66218,13.0
66229,11.0
66238,9.0
66246,8.0
66256,10.0
66265,9.0
66276,11.0
66285,9.0
66295,10.0
66304,9.0
66313,9.0
66323,10.0
66333,10.0
66343,10.0
66351,8.0
66361,10.0
66372,11.0
66381,9.0
66389,8.0
66399,10.0
66409,10.0
66419,10.0
66428,9.0
66437,9.0
66447,10.0
66456,9.0
66468,12.0
66476,8.0
66486,10.0
66496,10.0
66505,9.0
66516,11.0
66524,8.0
66532,8.0
66542,10.0
66552,10.0
66562,10.0
66572,10.0
66584,12.0
66594,10.0
66604,10.0
66614,10.0
66622,8.0
66632,10.0
66642,10.0
66650,8.0
66659,9.0
66670,11.0
66680,10.0
66690,10.0
66700,10.0
66710,10.0
66720,10.0
66729,9.0
66740,11.0
66752,12.0
66761,9.0
66769,8.0
66778,9.0
66788,10.0
66798,10.0
66808,10.0
66818,10.0
66828,10.0
66838,10.0
66848,10.0
66857,9.0
66866,9.0
66876,10.0
66886,10.0
66898,12.0
66908,10.0
66917,9.0
66927,10.0
66937,10.0
66947,10.0
66955,8.0
66966,11.0
66976,10.0
66984,8.0
66993,9.0
67003,10.0
67012,9.0
67024,12.0
67034,10.0
67042,8.0
67052,10.0
67062,10.0
67072,10.0
67081,9.0
67091,10.0
67100,9.0
67110,10.0
67119,9.0
67128,9.0
67137,9.0
67147,10.0
67249,102.0
67374,125.0
67507,133.0
67621,114.0
67748,127.0
67872,124.0
67998,126.0
68118,120.0
68258,140.0
68403,145.0
68539,136.0
68676,137.0
68810,134.0
68943,133.0
69075,132.0
69258,183.0
69456,198.0
69633,177.0
69790,157.0
69937,147.0
70067,130.0
70229,162.0
70407,178.0
70559,152.0
70573,14.0
70727,154.0
70882,155.0
71060,178.0
71276,216.0
71417,141.0
71526,109.0
71627,101.0
71731,104.0
71987,256.0
72112,125.0
72200,88.0
72291,91.0
72373,82.0
72471,98.0
72578,107.0
72682,104.0
72788,106.0
72916,128.0
73059,143.0
73315,256.0
73418,103.0
73522,104.0
73576,54.0
73628,52.0
73644,16.0
73654,10.0
73665,11.0
73673,8.0
73683,10.0
73691,8.0
73702,11.0
73714,12.0
73723,9.0
73733,10.0
73742,9.0
73752,10.0
73762,10.0
73772,10.0
73780,8.0
73789,9.0
73799,10.0
73808,9.0
73820,12.0
73830,10.0
73839,9.0
73848,9.0
73857,9.0
73867,10.0
73876,9.0
73888,12.0
73897,9.0
73906,9.0
73915,9.0
73924,9.0
73934,10.0
73944,10.0
73955,11.0
73964,9.0
73972,8.0
73981,9.0
73991,10.0
74001,10.0
74009,8.0
74019,10.0
74029,10.0
74037,8.0
74045,8.0
74053,8.0
74064,11.0
74073,9.0
74082,9.0
74092,10.0
74102,10.0
74111,9.0
74119,8.0
74127,8.0
74136,9.0
74146,10.0
74155,9.0
74165,10.0
74174,9.0
74184,10.0
74193,9.0
74204,11.0
74214,10.0
74224,10.0
74234,10.0
74244,10.0
74254,10.0
74263,9.0
74273,10.0
74282,9.0
74294,12.0
74304,10.0
74316,12.0
74326,10.0
74335,9.0
74344,9.0
74355,11.0
74366,11.0
74376,10.0
74386,10.0
74396,10.0
74406,10.0
74416,10.0
74427,11.0
74437,10.0
74447,10.0
74458,11.0
74469,11.0
74478,9.0
74488,10.0
74497,9.0
74507,10.0
74518,11.0
74528,10.0
74539,11.0
74552,13.0
74566,14.0
74578,12.0
74650,72.0
74708,58.0
74936,228.0
75003,67.0
75047,44.0
75266,219.0
75384,118.0
75588,204.0
75751,163.0
75914,163.0
76052,138.0
76243,191.0
76404,161.0
76534,130.0
76672,138.0
76834,162.0
76992,158.0
77122,130.0
77253,131.0
77408,155.0
77535,127.0
77668,133.0
77859,191.0
78042,183.0
78327,285.0
78455,128.0
78605,150.0
78740,135.0
78898,158.0
79040,142.0
79193,153.0
79329,136.0
79452,123.0
79598,146.0
79759,161.0
79917,158.0
80066,149.0
80203,137.0
80357,154.0
80495,138.0
80661,166.0
80789,128.0
80955,166.0
81090,135.0
81203,113.0
81214,11.0
81226,12.0
81236,10.0
81245,9.0
81255,10.0
81265,10.0
81274,9.0
81283,9.0
81296,13.0
81307,11.0
81320,13.0
81331,11.0
81433,102.0
81563,130.0
81683,120.0
81792,109.0
81902,110.0
82014,112.0
82124,110.0
82235,111.0
82337,102.0
82449,112.0
82562,113.0
82674,112.0
82784,110.0
82895,111.0
83008,113.0
83115,107.0
83217,102.0
83326,109.0
83439,113.0
83554,115.0
83658,104.0
83670,12.0
83681,11.0
83692,11.0
83703,11.0
83712,9.0
83721,9.0
83730,9.0
83741,11.0
83755,14.0
83765,10.0
83777,12.0
83790,13.0
83890,100.0
84023,133.0
84126,103.0
84234,108.0
84334,100.0
84450,116.0
84562,112.0
84668,106.0
84776,108.0
84880,104.0
84983,103.0
85081,98.0
85092,11.0
85103,11.0
85113,10.0
85122,9.0
85131,9.0
85141,10.0
85150,9.0
85161,11.0
85170,9.0
85179,9.0
85189,10.0
85198,9.0
85207,9.0
85219,12.0
85231,12.0
85239,8.0
85251,12.0
85260,9.0
85269,9.0
85280,11.0
85290,10.0
85299,9.0
85309,10.0
85319,10.0
85330,11.0
85342,12.0
85352,10.0
85361,9.0
85372,11.0
85382,10.0
85392,10.0
85491,99.0
85616,125.0
85725,109.0
85833,108.0
85954,121.0
86071,117.0
86178,107.0
86297,119.0
86413,116.0
86543,130.0
86679,136.0
86809,130.0
86928,119.0
87059,131.0
87190,131.0
87313,123.0
87440,127.0
87569,129.0
87580,11.0
87592,12.0
87601,9.0
87612,11.0
87621,9.0
87632,11.0
87641,9.0
87651,10.0
87661,10.0
87672,11.0
87683,11.0
87694,11.0
87705,11.0
87717,12.0
87865,148.0
88001,136.0
88130,129.0
88282,152.0
88421,139.0
88572,151.0
88718,146.0
88861,143.0
89010,149.0
89163,153.0
89336,173.0
89492,156.0
89637,145.0
89787,150.0
89966,179.0
90158,192.0
90330,172.0
90341,11.0
90464,123.0
90602,138.0
90737,135.0
90873,136.0
90990,117.0
91129,139.0
91314,185.0
91493,179.0
91664,171.0
91849,185.0
92006,157.0
92166,160.0
92329,163.0
92502,173.0
92646,144.0
92798,152.0
92979,181.0
93156,177.0
93316,160.0
93461,145.0
93622,161.0
93772,150.0
93938,166.0
94127,189.0
94345,218.0
94529,184.0
94720,191.0
94907,187.0
95063,156.0
95236,173.0
95404,168.0
95576,172.0
95759,183.0
95939,180.0
96098,159.0
96110,12.0
96253,143.0
96264,11.0
96436,172.0
96618,182.0
96795,177.0
96974,179.0
97144,170.0
97332,188.0
97566,234.0
97802,236.0
98056,254.0
98327,271.0
98581,254.0
98841,260.0
99120,279.0
99491,371.0
99813,322.0
100125,312.0
100264,139.0
100402,138.0
100608,206.0
100876,268.0
101046,170.0
101188,142.0
101362,174.0
101517,155.0
101666,149.0
101947,281.0
102058,111.0
102150,92.0
102260,110.0
102346,86.0
102358,12.0
102367,9.0
102378,11.0
102387,9.0
102396,9.0
102406,10.0
102415,9.0
102425,10.0
102434,9.0
102445,11.0
102454,9.0
102464,10.0
102473,9.0
102483,10.0
102492,9.0
102500,8.0
102509,9.0
102518,9.0
102528,10.0
102538,10.0
102548,10.0
102558,10.0
102567,9.0
102578,11.0
102588,10.0
102596,8.0
102606,10.0
102616,10.0
102624,8.0
102634,10.0
102643,9.0
102653,10.0
102662,9.0
102672,10.0
102681,9.0
102691,10.0
102700,9.0
102709,9.0
102720,11.0
102729,9.0
102739,10.0
102748,9.0
102757,9.0
102765,8.0
102774,9.0
102785,11.0
102793,8.0
102806,13.0
102817,11.0
102827,10.0
102836,9.0
102845,9.0
102855,10.0
102864,9.0
102873,9.0
102883,10.0
102892,9.0
102901,9.0
102910,9.0
102920,10.0
102930,10.0
102939,9.0
102949,10.0
102960,11.0
102969,9.0
102978,9.0
102988,10.0
102997,9.0
103006,9.0
103015,9.0
103025,10.0
103034,9.0
103045,11.0
103056,11.0
103065,9.0
103074,9.0
103083,9.0
103092,9.0
103101,9.0
103110,9.0
103119,9.0
103128,9.0
103138,10.0
103146,8.0
103155,9.0
103164,9.0
103174,10.0
103183,9.0
103193,10.0
103202,9.0
103210,8.0
103219,9.0
103229,10.0
103239,10.0
103249,10.0
103259,10.0
103271,12.0
103279,8.0
103289,10.0
103300,11.0
103310,10.0
103319,9.0
103329,10.0
103340,11.0
103353,13.0
103363,10.0
103372,9.0
103383,11.0
103393,10.0
103403,10.0
103413,10.0
103422,9.0
103432,10.0
103443,11.0
103454,11.0
103463,9.0
103473,10.0
103482,9.0
103491,9.0
103501,10.0
103512,11.0
103523,11.0
103532,9.0
103541,9.0
103552,11.0
103563,11.0
103572,9.0
103582,10.0
103595,13.0
103605,10.0
103616,11.0
103728,112.0
103874,146.0
104003,129.0
104120,117.0
104221,101.0
104323,102.0
104438,115.0
104543,105.0
104642,99.0
104749,107.0
104861,112.0
104956,95.0
105056,100.0
105158,102.0
105257,99.0
105366,109.0
105465,99.0
105577,112.0
105593,16.0
105692,99.0
105785,93.0
105887,102.0
105990,103.0
106093,103.0
106193,100.0
106297,104.0
106407,110.0
106500,93.0
106614,114.0
106729,115.0
106838,109.0
106949,111.0
107055,106.0
107149,94.0
107251,102.0
107355,104.0
107455,100.0
107556,101.0
107653,97.0
107757,104.0
107869,112.0
107962,93.0
108076,114.0
108203,127.0
108314,111.0
108441,127.0
108592,151.0
108724,132.0
108850,126.0
108977,127.0
109102,125.0
109223,121.0
109334,111.0
109456,122.0
109575,119.0
109696,121.0
109835,139.0
109983,148.0
110128,145.0
110273,145.0
110403,130.0
110550,147.0
110714,164.0
110904,190.0
111015,111.0
111134,119.0
111312,178.0
111423,111.0
111533,110.0
111775,242.0
111906,131.0
112025,119.0
112138,113.0
112242,104.0
112255,13.0
112265,10.0
112274,9.0
112285,11.0
112294,9.0
112304,10.0
112313,9.0
112322,9.0
112331,9.0
112340,9.0
112351,11.0
112361,10.0
112372,11.0
112385,13.0
112395,10.0
112403,8.0
112414,11.0
112424,10.0
112432,8.0
112442,10.0
112452,10.0
112463,11.0
112581,118.0
112696,115.0
112814,118.0
112927,113.0
113057,130.0
113190,133.0
113298,108.0
113403,105.0
113490,87.0
113595,105.0
113712,117.0
113823,111.0
113933,110.0
114039,106.0
114152,113.0
114274,122.0
114425,151.0
114548,123.0
114676,128.0
114812,136.0
114953,141.0
115088,135.0
115100,12.0
115213,113.0
115297,84.0
115522,225.0
115674,152.0
115807,133.0
115938,131.0
116059,121.0
116174,115.0
116297,123.0
116403,106.0
116507,104.0
116612,105.0
116716,104.0
116824,108.0
116941,117.0
117060,119.0
117175,115.0
117285,110.0
117390,105.0
117512,122.0
117629,117.0
117744,115.0
117866,122.0
117876,10.0
117888,12.0
117898,10.0
117907,9.0
117916,9.0
117927,11.0
117936,9.0
117945,9.0
117957,12.0
117971,14.0
117983,12.0
118097,114.0
118210,113.0
118226,16.0
118237,11.0
118353,116.0
118472,119.0
118589,117.0
118702,113.0
118716,14.0
118729,13.0
118741,12.0
118751,10.0
118760,9.0
118770,10.0
118779,9.0
118789,10.0
118800,11.0
118811,11.0
118822,11.0
118832,10.0
118936,104.0
119047,111.0
119163,116.0
119279,116.0
119397,118.0
119524,127.0
119536,12.0
119547,11.0
119560,13.0
119571,11.0
119697,126.0
119831,134.0
119970,139.0
120114,144.0
120250,136.0
120384,134.0
120517,133.0
120653,136.0
120723,70.0
120784,61.0
120842,58.0
120899,57.0
120961,62.0
121030,69.0
121103,73.0
121171,68.0
121240,69.0
121306,66.0
121368,62.0
121440,72.0
121508,68.0
121573,65.0
121639,66.0
121714,75.0
121792,78.0
121864,72.0
121947,83.0
122020,73.0
122200,180.0
122374,174.0
122599,225.0
122839,240.0
123056,217.0
123283,227.0
123501,218.0
123717,216.0
123905,188.0
124081,176.0
124242,161.0
124429,187.0
124593,164.0
124729,136.0
124895,166.0
125090,195.0
125226,136.0
125472,246.0
125661,189.0
125840,179.0
126083,243.0
126243,160.0
126381,138.0
126509,128.0
126638,129.0
126794,156.0
126925,131.0
127123,198.0
127233,110.0
127336,103.0
127442,106.0
127567,125.0
127666,99.0
127772,106.0
127880,108.0
127986,106.0
128097,111.0
128306,209.0
128466,160.0
128603,137.0
128748,145.0
128900,152.0
129044,144.0
129162,118.0
129281,119.0
129392,111.0
129508,116.0
129621,113.0
129739,118.0
129857,118.0
129956,99.0
130061,105.0
130158,97.0
130257,99.0
130351,94.0
130445,94.0
130537,92.0
130628,91.0
130732,104.0
130832,100.0
130922,90.0
131007,85.0
131084,77.0
131164,80.0
131242,78.0
131319,77.0
131392,73.0
131466,74.0
131552,86.0
131639,87.0
131725,86.0
131803,78.0
131880,77.0
131892,12.0
131904,12.0
131914,10.0
131924,10.0
131934,10.0
131946,12.0
131956,10.0
131966,10.0
131975,9.0
131986,11.0
131995,9.0
132006,11.0
132015,9.0
132025,10.0
132035,10.0
132044,9.0
132052,8.0
132062,10.0
132073,11.0
132083,10.0
132092,9.0
132101,9.0
132110,9.0
132120,10.0
132129,9.0
132141,12.0
132152,11.0
132163,11.0
132173,10.0
132188,15.0
132200,12.0
132266,66.0
132337,71.0
132431,94.0
132520,89.0
132613,93.0
132720,107.0
132814,94.0
132909,95.0
133011,102.0
133110,99.0
133202,92.0
133287,85.0
133383,96.0
133463,80.0
133545,82.0
133627,82.0
133708,81.0
133786,78.0
133871,85.0
133970,99.0
134084,114.0
134197,113.0
134296,99.0
134422,126.0
134556,134.0
134687,131.0
134812,125.0
135013,201.0
135272,259.0
135526,254.0
135749,223.0
135885,136.0
136016,131.0
136159,143.0
136306,147.0
136423,117.0
136649,226.0
136935,286.0
137144,209.0
137275,131.0
137296,21.0
137334,38.0
137345,11.0
137354,9.0
137363,9.0
137375,12.0
137384,9.0
137393,9.0
137402,9.0
137412,10.0
137420,8.0
137430,10.0
137440,10.0
137450,10.0
137459,9.0
137467,8.0
137475,8.0
137484,9.0
137493,9.0
137501,8.0
137511,10.0
137520,9.0
137530,10.0
137539,9.0
137549,10.0
137559,10.0
137570,11.0
137580,10.0
137589,9.0
137600,11.0
137610,10.0
137618,8.0
137628,10.0
137639,11.0
137649,10.0
137659,10.0
137669,10.0
137678,9.0
137687,9.0
137696,9.0
137705,9.0
137714,9.0
137722,8.0
137732,10.0
137742,10.0
137751,9.0
137760,9.0
137769,9.0
137779,10.0
137787,8.0
137795,8.0
137804,9.0
137814,10.0
137825,11.0
137835,10.0
137844,9.0
137853,9.0
137864,11.0
137873,9.0
137883,10.0
137893,10.0
137902,9.0
137910,8.0
137918,8.0
137927,9.0
137936,9.0
137945,9.0
137954,9.0
137963,9.0
137972,9.0
137982,10.0
137994,12.0
138003,9.0
138014,11.0
138024,10.0
138035,11.0
138045,10.0
138054,9.0
138063,9.0
138072,9.0
138081,9.0
138091,10.0
138101,10.0
138109,8.0
138119,10.0
138128,9.0
138139,11.0
138147,8.0
138155,8.0
138165,10.0
138173,8.0
138184,11.0
138193,9.0
138203,10.0
138212,9.0
138223,11.0
138232,9.0
138240,8.0
138249,9.0
138258,9.0
138267,9.0
138277,10.0
138286,9.0
138295,9.0
138306,11.0
138315,9.0
138325,10.0
138334,9.0
138343,9.0
138355,12.0
138364,9.0
138373,9.0
138383,10.0
138394,11.0
138404,10.0
138415,11.0
138424,9.0
138434,10.0
138444,10.0
138453,9.0
138463,10.0
138473,10.0
138483,10.0
138492,9.0
138502,10.0
138512,10.0
138524,12.0
138534,10.0
138546,12.0
138556,10.0
138566,10.0
138575,9.0
138584,9.0
138594,10.0
138604,10.0
138614,10.0
138623,9.0
138632,9.0
138642,10.0
138652,10.0
138662,10.0
138674,12.0
138685,11.0
138695,10.0
138705,10.0
138730,25.0
138739,9.0
138749,10.0
138759,10.0
138768,9.0
138779,11.0
138789,10.0
138799,10.0
138809,10.0
138820,11.0
138830,10.0
138842,12.0
138852,10.0
138861,9.0
138870,9.0
138880,10.0
138889,9.0
138899,10.0
138910,11.0
138920,10.0
138948,28.0
138960,12.0
138982,22.0
138994,12.0
139018,24.0
139044,26.0
139070,26.0
139097,27.0
139119,22.0
139147,28.0
139167,20.0
139204,37.0
139232,28.0
139262,30.0
139301,39.0
139336,35.0
139372,36.0
139405,33.0
139466,61.0
139558,92.0
139654,96.0
139768,114.0
139799,31.0
139826,27.0
140112,286.0
140123,11.0
140169,46.0
140366,197.0
140482,116.0
140599,117.0
140719,120.0
140743,24.0
140892,149.0
140996,104.0
141128,132.0
141237,109.0
141356,119.0
141535,179.0
141651,116.0
141905,254.0
142003,98.0
142103,100.0
142189,86.0
142291,102.0
142397,106.0
142490,93.0
142593,103.0
142691,98.0
142807,116.0
142926,119.0
143020,94.0
143095,75.0
143171,76.0
143270,99.0
143389,119.0
143488,99.0
143600,112.0
143707,107.0
143800,93.0
143893,93.0
144009,116.0
144107,98.0
144352,245.0
144500,148.0
144751,251.0
144908,157.0
145057,149.0
145199,142.0
145299,100.0
145432,133.0
145529,97.0
145687,158.0
145790,103.0
145878,88.0
145964,86.0
146072,108.0
146140,68.0
146153,13.0
146282,129.0
146356,74.0
146441,85.0
146527,86.0
146610,83.0
146688,78.0
146770,82.0
146844,74.0
146913,69.0
146983,70.0
147057,74.0
147128,71.0
147197,69.0
147265,68.0
147339,74.0
147415,76.0
147490,75.0
147566,76.0
147642,76.0
147722,80.0
147800,78.0
147879,79.0
147954,75.0
148042,88.0
148137,95.0
148212,75.0
148297,85.0
148411,114.0
148525,114.0
148637,112.0
148745,108.0
148885,140.0
148995,110.0
149096,101.0
149190,94.0
149279,89.0
149405,126.0
149519,114.0
149611,92.0
149699,88.0
149779,80.0
149855,76.0
149949,94.0
150037,88.0
150104,67.0
150167,63.0
150239,72.0
150325,86.0
150412,87.0
150505,93.0
150592,87.0
150686,94.0
150762,76.0
150862,100.0
150973,111.0
151065,92.0
151136,71.0
151214,78.0
151273,59.0
151347,74.0
151409,62.0
151497,88.0
151561,64.0
151645,84.0
151863,218.0
152345,482.0
152415,70.0
152478,63.0
152600,122.0
152666,66.0
152745,79.0
152855,110.0
152993,138.0
153142,149.0
153196,54.0
153271,75.0
153333,62.0
153409,76.0
153474,65.0
153530,56.0
153593,63.0
153654,61.0
153668,14.0
153678,10.0
153688,10.0
153700,12.0
153709,9.0
153719,10.0
153728,9.0
153739,11.0
153749,10.0
153760,11.0
153770,10.0
153779,9.0
153789,10.0
153798,9.0
153809,11.0
153819,10.0
153830,11.0
153839,9.0
153849,10.0
153859,10.0
153871,12.0
153884,13.0
153893,9.0
153904,11.0
153915,11.0
153926,11.0
153936,10.0
153949,13.0
153961,12.0
154012,51.0
154068,56.0
154124,56.0
154187,63.0
154240,53.0
154294,54.0
154309,15.0
154374,65.0
154433,59.0
154499,66.0
154556,57.0
154613,57.0
154670,57.0
154733,63.0
154791,58.0
154850,59.0
154912,62.0
154973,61.0
155038,65.0
155100,62.0
155163,63.0
155228,65.0
155290,62.0
155353,63.0
155413,60.0
155474,61.0
155536,62.0
155599,63.0
155611,12.0
155625,14.0
155693,68.0
155768,75.0
155847,79.0
155932,85.0
156011,79.0
156086,75.0
156156,70.0
156228,72.0
156309,81.0
156386,77.0
156466,80.0
156544,78.0
156627,83.0
156716,89.0
156802,86.0
156896,94.0
156987,91.0
157100,113.0
157223,123.0
157348,125.0
157493,145.0
157652,159.0
157834,182.0
158012,178.0
158193,181.0
158392,199.0
158624,232.0
158879,255.0
159144,265.0
159368,224.0
159510,142.0
160010,500.0
160149,139.0
160303,154.0
160442,139.0
160566,124.0
160732,166.0
160894,162.0
161030,136.0
161182,152.0
161345,163.0
161492,147.0
161649,157.0
161916,267.0
162121,205.0
162150,29.0
162320,170.0
162332,12.0
162342,10.0
162351,9.0
162359,8.0
162370,11.0
162380,10.0
162390,10.0
162399,9.0
162409,10.0
162418,9.0
162428,10.0
162439,11.0
162452,13.0
162463,11.0
162489,26.0
162517,28.0
162598,81.0
162690,92.0
162738,48.0
162750,12.0
162759,9.0
162768,9.0
162778,10.0
162787,9.0
162798,11.0
162809,11.0
162819,10.0
162829,10.0
162841,12.0
162853,12.0
162863,10.0
162875,12.0
162968,93.0
163075,107.0
163164,89.0
163257,93.0
163378,121.0
163389,11.0
163480,91.0
163607,127.0
163726,119.0
163826,100.0
163955,129.0
164085,130.0
164223,138.0
164500,277.0
164590,90.0
164843,253.0
165054,211.0
165283,229.0
165534,251.0
165785,251.0
166074,289.0
166574,500.0
166664,90.0
166754,90.0
166844,90.0
166855,11.0
166866,11.0
166876,10.0
166886,10.0
167003,117.0
167084,81.0
167171,87.0
167266,95.0
167279,13.0
167291,12.0
167301,10.0
167313,12.0
167324,11.0
167334,10.0
167443,109.0
167530,87.0
167710,180.0
168101,391.0
168264,163.0
168383,119.0
168398,15.0
168513,115.0
168524,11.0
168653,129.0
168770,117.0
168883,113.0
168990,107.0
169096,106.0
169203,107.0
169214,11.0
169335,121.0
169456,121.0
169467,11.0
169577,110.0
169708,131.0
169836,128.0
169961,125.0
169976,15.0
170098,122.0
170221,123.0
170344,123.0
170476,132.0
170598,122.0
170717,119.0
170842,125.0
170960,118.0
171104,144.0
171270,166.0
171460,190.0
171652,192.0
171835,183.0
172047,212.0
172356,309.0
172764,408.0
173113,349.0
173613,500.0
174113,500.0
174470,357.0
174863,393.0
175130,267.0
175541,411.0
175835,294.0
175999,164.0
176148,149.0
176160,12.0
176180,20.0
176189,9.0
176204,15.0
176215,11.0
176224,9.0
176234,10.0
176243,9.0
176253,10.0
176262,9.0
176271,9.0
176281,10.0
176290,9.0
176300,10.0
176308,8.0
176316,8.0
176325,9.0
176334,9.0
176343,9.0
176351,8.0
176359,8.0
176369,10.0
176379,10.0
176389,10.0
176399,10.0
176408,9.0
176418,10.0
176427,9.0
176437,10.0
176446,9.0
176457,11.0
176465,8.0
176475,10.0
176483,8.0
176492,9.0
176500,8.0
176510,10.0
176520,10.0
176529,9.0
176538,9.0
176547,9.0
176556,9.0
176567,11.0
176576,9.0
176586,10.0
176597,11.0
176605,8.0
176615,10.0
176624,9.0
176635,11.0
176645,10.0
176654,9.0
176665,11.0
176676,11.0
176685,9.0
176694,9.0
176702,8.0
176712,10.0
176722,10.0
176732,10.0
176742,10.0
176750,8.0
176759,9.0
176768,9.0
176779,11.0
176787,8.0
176798,11.0
176807,9.0
176817,10.0
176826,9.0
176837,11.0
176845,8.0
176855,10.0
176864,9.0
176873,9.0
176882,9.0
176893,11.0
176902,9.0
176910,8.0
176920,10.0
176928,8.0
176939,11.0
176949,10.0
176959,10.0
176969,10.0
176977,8.0
176986,9.0
176997,11.0
177006,9.0
177016,10.0
177026,10.0
177036,10.0
177046,10.0
177056,10.0
177066,10.0
177075,9.0
177083,8.0
177093,10.0
177102,9.0
177114,12.0
177122,8.0
177132,10.0
177142,10.0
177151,9.0
177160,9.0
177169,9.0
177178,9.0
177187,9.0
177197,10.0
177205,8.0
177215,10.0
177223,8.0
177235,12.0
177245,10.0
177255,10.0
177264,9.0
177274,10.0
177284,10.0
177293,9.0
177303,10.0
177314,11.0
177324,10.0
177334,10.0
177345,11.0
177356,11.0
177365,9.0
177376,11.0
177387,11.0
177396,9.0
177406,10.0
177416,10.0
177426,10.0
177435,9.0
177445,10.0
177455,10.0
177466,11.0
177476,10.0
177492,16.0
177502,10.0
177512,10.0
177521,9.0
177530,9.0
177540,10.0
177550,10.0
177561,11.0
177572,11.0
177583,11.0
177720,137.0
177888,168.0
178047,159.0
178193,146.0
178332,139.0
178484,152.0
178637,153.0
178785,148.0
178937,152.0
179087,150.0
179246,159.0
179408,162.0
179566,158.0
179741,175.0
179933,192.0
180114,181.0
180321,207.0
180504,183.0
180689,185.0
180885,196.0
181071,186.0
181243,172.0
181441,198.0
181616,175.0
181791,175.0
181973,182.0
182185,212.0
182455,270.0
182728,273.0
182978,250.0
183182,204.0
183383,201.0
183672,289.0
183851,179.0
184048,197.0
184235,187.0
184385,150.0
184540,155.0
184709,169.0
184866,157.0
185015,149.0
185158,143.0
185301,143.0
185457,156.0
185601,144.0
185754,153.0
185887,133.0
186023,136.0
186179,156.0
186313,134.0
186328,15.0
186439,111.0
186564,125.0
186696,132.0
186837,141.0
186974,137.0
187125,151.0
187287,162.0
187459,172.0
187630,171.0
187815,185.0
188007,192.0
188244,237.0
188447,203.0
188661,214.0
188870,209.0
189110,240.0
189409,299.0
189736,327.0
190092,356.0
190341,249.0
190588,247.0
190843,255.0
191103,260.0
191350,247.0
191529,179.0
191756,227.0
192256,500.0
192670,414.0
193091,421.0
193397,306.0
193542,145.0
193688,146.0
193853,165.0
193978,125.0
194111,133.0
194226,115.0
194365,139.0
194484,119.0
194499,15.0
194509,10.0
194519,10.0
194529,10.0
194539,10.0
194549,10.0
194558,9.0
194568,10.0
194579,11.0
194589,10.0
194600,11.0
194608,8.0
194617,9.0
194628,11.0
194637,9.0
194646,9.0
194658,12.0
194667,9.0
194677,10.0
194686,9.0
194696,10.0
194704,8.0
194713,9.0
194722,9.0
194731,9.0
194743,12.0
194753,10.0
194763,10.0
194772,9.0
194780,8.0
194790,10.0
194799,9.0
194808,9.0
194818,10.0
194829,11.0
194839,10.0
194848,9.0
194859,11.0
194867,8.0
194877,10.0
194886,9.0
194896,10.0
194906,10.0
194915,9.0
194926,11.0
194937,11.0
194948,11.0
194958,10.0
194966,8.0
194976,10.0
194989,13.0
195000,11.0
195010,10.0
195020,10.0
195028,8.0
195038,10.0
195047,9.0
195056,9.0
195065,9.0
195075,10.0
195085,10.0
195097,12.0
195107,10.0
195117,10.0
195127,10.0
195138,11.0
195147,9.0
195159,12.0
195168,9.0
195178,10.0
195188,10.0
195197,9.0
195205,8.0
195217,12.0
195226,9.0
195234,8.0
195244,10.0
195253,9.0
195262,9.0
195272,10.0
195281,9.0
195292,11.0
195301,9.0
195311,10.0
195321,10.0
195330,9.0
195340,10.0
195352,12.0
195361,9.0
195370,9.0
195379,9.0
195387,8.0
195397,10.0
195407,10.0
195417,10.0
195427,10.0
195437,10.0
195446,9.0
195456,10.0
195465,9.0
195475,10.0
195486,11.0
195495,9.0
195505,10.0
195514,9.0
195524,10.0
195535,11.0
195544,9.0
195553,9.0
195563,10.0
195575,12.0
195586,11.0
195595,9.0
195604,9.0
195612,8.0
195622,10.0
195631,9.0
195641,10.0
195651,10.0
195659,8.0
195669,10.0
195678,9.0
195691,13.0
195701,10.0
195710,9.0
195719,9.0
195729,10.0
195738,9.0
195749,11.0
195759,10.0
195770,11.0
195780,10.0
195793,13.0
195803,10.0
195814,11.0
195826,12.0
195836,10.0
195846,10.0
195856,10.0
195866,10.0
195876,10.0
195888,12.0
195902,14.0
195915,13.0
196071,156.0
196226,155.0
196373,147.0
196523,150.0
196681,158.0
196821,140.0
196959,138.0
197093,134.0
197227,134.0
197372,145.0
197512,140.0
197650,138.0
197800,150.0
197956,156.0
198109,153.0
198283,174.0
198474,191.0
198661,187.0
198871,210.0
199054,183.0
199298,244.0
199509,211.0
199715,206.0
199903,188.0
200097,194.0
200335,238.0
200450,115.0
200541,91.0
200554,13.0
200562,8.0
200570,8.0
200579,9.0
200589,10.0
200599,10.0
200608,9.0
200617,9.0
200625,8.0
200635,10.0
200645,10.0
200656,11.0
200667,11.0
200679,12.0
200692,13.0
200702,10.0
200743,41.0
200793,50.0
201210,417.0
201220,10.0
201232,12.0
201242,10.0
201251,9.0
201261,10.0
201271,10.0
201282,11.0
201291,9.0
201301,10.0
201313,12.0
201323,10.0
201332,9.0
201343,11.0
201388,45.0
201576,188.0
201769,193.0
201954,185.0
202090,136.0
202204,114.0
202303,99.0
202361,58.0
202415,54.0
202462,47.0
202543,81.0
202660,117.0
202761,101.0
202835,74.0
202891,56.0
202987,96.0
203045,58.0
203108,63.0
203136,28.0
203240,104.0
203284,44.0
203362,78.0
203460,98.0
203544,84.0
203700,156.0
203953,253.0
204171,218.0
204422,251.0
204667,245.0
204923,256.0
205139,216.0
205460,321.0
205608,148.0
205810,202.0
206127,317.0
206263,136.0
206393,130.0
206533,140.0
206678,145.0
206834,156.0
207001,167.0
207189,188.0
207360,171.0
207525,165.0
207726,201.0
207921,195.0
208107,186.0
208250,143.0
208390,140.0
208511,121.0
208658,147.0
208804,146.0
208941,137.0
209050,109.0
209158,108.0
209268,110.0
209394,126.0
209497,103.0
209610,113.0
209723,113.0
209828,105.0
209938,110.0
210055,117.0
210176,121.0
210266,90.0
210384,118.0
210524,140.0
210647,123.0
210762,115.0
210885,123.0
211001,116.0
211196,195.0
211434,238.0
211643,209.0
211841,198.0
212145,304.0
212450,305.0
212679,229.0
212939,260.0
213220,281.0
213472,252.0
213688,216.0
213884,196.0
214082,198.0
214255,173.0
214409,154.0
214540,131.0
214696,156.0
214828,132.0
214976,148.0
215087,111.0
215098,11.0
215197,99.0
215327,130.0
215469,142.0
215594,125.0
215727,133.0
215866,139.0
215997,131.0
216116,119.0
216129,13.0
216239,110.0
216349,110.0
216466,117.0
216590,124.0
216724,134.0
216862,138.0
216994,132.0
217136,142.0
217283,147.0
217444,161.0
217645,201.0
217828,183.0
218013,185.0
218302,289.0
218555,253.0
218869,314.0
219133,264.0
219369,236.0
219562,193.0
219779,217.0
220000,221.0
220050,50.0
220137,87.0
220563,426.0
220741,178.0
220912,171.0
221093,181.0
221245,152.0
221371,126.0
221501,130.0
221617,116.0
221729,112.0
221849,120.0
221972,123.0
222101,129.0
222200,99.0
222322,122.0
222489,167.0
222661,172.0
222845,184.0
223026,181.0
223223,197.0
223448,225.0
223701,253.0
223936,235.0
223998,62.0
224172,174.0
224377,205.0
224574,197.0
224712,138.0
224728,16.0
224971,243.0
225411,440.0
225911,500.0
226411,500.0
226570,159.0
227070,500.0
227570,500.0
227693,123.0
227858,165.0
228073,215.0
228226,153.0
228364,138.0
228482,118.0
228494,12.0
228604,110.0
228724,120.0
228848,124.0
228966,118.0
229084,118.0
229187,103.0
229292,105.0
229384,92.0
229486,102.0
229579,93.0
229685,106.0
229802,117.0
229913,111.0
230061,148.0
230178,117.0
230311,133.0
230431,120.0
230544,113.0
230664,120.0
230780,116.0
230905,125.0
231021,116.0
231144,123.0
231268,124.0
231396,128.0
231528,132.0
231655,127.0
231802,147.0
231963,161.0
232104,141.0
232220,116.0
232333,113.0
232446,113.0
232562,116.0
232675,113.0
232781,106.0
232894,113.0
233008,114.0
233125,117.0
233251,126.0
233374,123.0
233496,122.0
233614,118.0
233737,123.0
233858,121.0
233979,121.0
234100,121.0
234230,130.0
234240,10.0
234249,9.0
234259,10.0
234269,10.0
234279,10.0
234288,9.0
234298,10.0
234308,10.0
234318,10.0
234328,10.0
234338,10.0
234348,10.0
234357,9.0
234366,9.0
234375,9.0
234385,10.0
234395,10.0
234405,10.0
234414,9.0
234424,10.0
234435,11.0
234444,9.0
234453,9.0
234462,9.0
234470,8.0
234478,8.0
234486,8.0
234496,10.0
234505,9.0
234514,9.0
234523,9.0
234532,9.0
234542,10.0
234551,9.0
234561,10.0
234571,10.0
234580,9.0
234589,9.0
234599,10.0
234608,9.0
234618,10.0
234629,11.0
234638,9.0
234648,10.0
234657,9.0
234668,11.0
234679,11.0
234688,9.0
234699,11.0
234710,11.0
234719,9.0
234729,10.0
234742,13.0
234751,9.0
234760,9.0
234769,9.0
234779,10.0
234789,10.0
234799,10.0
234809,10.0
234819,10.0
234829,10.0
234841,12.0
234851,10.0
234861,10.0
234872,11.0
234882,10.0
234891,9.0
234902,11.0
234913,11.0
234921,8.0
234931,10.0
234940,9.0
234949,9.0
234959,10.0
234969,10.0
234980,11.0
234990,10.0
234999,9.0
235009,10.0
235019,10.0
235028,9.0
235039,11.0
235049,10.0
235059,10.0
235070,11.0
235079,9.0
235088,9.0
235096,8.0
235106,10.0
235119,13.0
235129,10.0
235138,9.0
235147,9.0
235156,9.0
235164,8.0
235174,10.0
235182,8.0
235193,11.0
235204,11.0
235214,10.0
235225,11.0
235236,11.0
235246,10.0
235255,9.0
235264,9.0
235275,11.0
235286,11.0
235295,9.0
235305,10.0
235314,9.0
235323,9.0
235332,9.0
235342,10.0
235355,13.0
235365,10.0
235375,10.0
235384,9.0
235393,9.0
235403,10.0
235413,10.0
235422,9.0
235435,13.0
235448,13.0
235459,11.0
235470,11.0
235481,11.0
235491,10.0
235501,10.0
235512,11.0
235524,12.0
235535,11.0
235544,9.0
235555,11.0
235566,11.0
235578,12.0
235588,10.0
235600,12.0
235612,12.0
235624,12.0
235635,11.0
235647,12.0
235658,11.0
235672,14.0
235684,12.0
235827,143.0
235840,13.0
235852,12.0
236024,172.0
236232,208.0
236436,204.0
236644,208.0
236869,225.0
237081,212.0
237290,209.0
237489,199.0
237691,202.0
237873,182.0
238066,193.0
238266,200.0
238452,186.0
238648,196.0
238856,208.0
239054,198.0
239259,205.0
239456,197.0
239651,195.0
239836,185.0
240020,184.0
240235,215.0
240436,201.0
240632,196.0
240842,210.0
241042,200.0
241285,243.0
241785,500.0
241917,132.0
241928,11.0
242183,255.0
242683,500.0
243074,391.0
243574,500.0
244074,500.0
244223,149.0
244345,122.0
244441,96.0
244521,80.0
244608,87.0
244707,99.0
244800,93.0
244946,146.0
245122,176.0
245293,171.0
245456,163.0
245607,151.0
245766,159.0
245925,159.0
246076,151.0
246243,167.0
246396,153.0
246552,156.0
246697,145.0
246835,138.0
246997,162.0
247150,153.0
247277,127.0
247413,136.0
247552,139.0
247692,140.0
247822,130.0
247947,125.0
248088,141.0
248226,138.0
248247,21.0
248367,120.0
248521,154.0
248704,183.0
248919,215.0
249164,245.0
249446,282.0
249851,405.0
250351,500.0
250851,500.0
251030,179.0
251043,13.0
251053,10.0
251061,8.0
251071,10.0
251081,10.0
251092,11.0
251102,10.0
251111,9.0
251120,9.0
251129,9.0
251139,10.0
251148,9.0
251157,9.0
251165,8.0
251174,9.0
251191,17.0
251200,9.0
251209,9.0
251219,10.0
251228,9.0
251241,13.0
251250,9.0
251260,10.0
251270,10.0
251279,9.0
251288,9.0
251297,9.0
251306,9.0
251318,12.0
251326,8.0
251336,10.0
251346,10.0
251356,10.0
251366,10.0
251377,11.0
251387,10.0
251396,9.0
251405,9.0
251418,13.0
251426,8.0
251435,9.0
251443,8.0
251452,9.0
251462,10.0
251473,11.0
251485,12.0
251495,10.0
251505,10.0
251514,9.0
251524,10.0
251533,9.0
251542,9.0
251552,10.0
251560,8.0
251569,9.0
251578,9.0
251588,10.0
251597,9.0
251607,10.0
251616,9.0
251625,9.0
251634,9.0
251644,10.0
251654,10.0
251663,9.0
251672,9.0
251681,9.0
251691,10.0
251702,11.0
251711,9.0
251719,8.0
251729,10.0
251739,10.0
251748,9.0
251756,8.0
251764,8.0
251774,10.0
251784,10.0
251792,8.0
251802,10.0
251811,9.0
251820,9.0
251829,9.0
251839,10.0
251849,10.0
251859,10.0
251867,8.0
251877,10.0
251887,10.0
251897,10.0
251905,8.0
251915,10.0
251925,10.0
251933,8.0
251944,11.0
251954,10.0
251964,10.0
251975,11.0
251985,10.0
251994,9.0
252003,9.0
252014,11.0
252022,8.0
252031,9.0
252039,8.0
252049,10.0
252058,9.0
252068,10.0
252078,10.0
252087,9.0
252095,8.0
252104,9.0
252115,11.0
252126,11.0
252136,10.0
252146,10.0
252157,11.0
252167,10.0
252177,10.0
252188,11.0
252197,9.0
252207,10.0
252218,11.0
252229,11.0
252241,12.0
252257,16.0
252476,219.0
252748,272.0
252758,10.0
252770,12.0
252782,12.0
252794,12.0
252809,15.0
252822,13.0
253160,338.0
253342,182.0
253356,14.0
253366,10.0
253378,12.0
253390,12.0
253404,14.0
253414,10.0
253424,10.0
253433,9.0
253444,11.0
253455,11.0
253466,11.0
253476,10.0
253491,15.0
253690,199.0
253872,182.0
253886,14.0
253899,13.0
253910,11.0
253920,10.0
253932,12.0
253943,11.0
253954,11.0
253965,11.0
253975,10.0
253988,13.0
254001,13.0
254181,180.0
254366,185.0
254556,190.0
254741,185.0
254917,176.0
255091,174.0
255295,204.0
255309,14.0
255491,182.0
255688,197.0
255870,182.0
255884,14.0
256060,176.0
256289,229.0
256489,200.0
256679,190.0
256894,215.0
257101,207.0
257294,193.0
257473,179.0
257667,194.0
257833,166.0
258013,180.0
258257,244.0
258638,381.0
258926,288.0
259247,321.0
259747,500.0
260153,406.0
260333,180.0
260539,206.0
260711,172.0
260919,208.0
261063,144.0
261074,11.0
261084,10.0
261096,12.0
261105,9.0
261115,10.0
261125,10.0
261133,8.0
261143,10.0
261153,10.0
261162,9.0
261170,8.0
261179,9.0
261191,12.0
261199,8.0
261208,9.0
261217,9.0
261227,10.0
261237,10.0
261247,10.0
261256,9.0
261265,9.0
261275,10.0
261285,10.0
261295,10.0
261304,9.0
261315,11.0
261324,9.0
261334,10.0
261344,10.0
261353,9.0
261361,8.0
261371,10.0
261381,10.0
261391,10.0
261401,10.0
261410,9.0
261418,8.0
261427,9.0
261436,9.0
261446,10.0
261455,9.0
261464,9.0
261473,9.0
261483,10.0
261492,9.0
261501,9.0
261511,10.0
261521,10.0
261530,9.0
261539,9.0
261549,10.0
261559,10.0
261568,9.0
261577,9.0
261586,9.0
261597,11.0
261608,11.0
261617,9.0
261627,10.0
261637,10.0
261646,9.0
261655,9.0
261664,9.0
261676,12.0
261686,10.0
261695,9.0
261704,9.0
261714,10.0
261723,9.0
261731,8.0
261740,9.0
261749,9.0
261761,12.0
261770,9.0
261780,10.0
261789,9.0
261802,13.0
261813,11.0
261825,12.0
261835,10.0
261845,10.0
261854,9.0
261863,9.0
261873,10.0
261881,8.0
261891,10.0
261903,12.0
261914,11.0
261925,11.0
262001,76.0
262063,62.0
262076,13.0
262088,12.0
262098,10.0
262108,10.0
262118,10.0
262126,8.0
262135,9.0
262144,9.0
262154,10.0
262162,8.0
262171,9.0
262181,10.0
262191,10.0
262200,9.0
262209,9.0
262218,9.0
262228,10.0
262240,12.0
262249,9.0
262258,9.0
262267,9.0
262277,10.0
262285,8.0
262295,10.0
262305,10.0
262315,10.0
262323,8.0
262332,9.0
262343,11.0
262353,10.0
262363,10.0
262371,8.0
262380,9.0
262390,10.0
262398,8.0
262408,10.0
262417,9.0
262427,10.0
262435,8.0
262444,9.0
262452,8.0
262461,9.0
262471,10.0
262481,10.0
262492,11.0
262501,9.0
262512,11.0
262522,10.0
262533,11.0
262545,12.0
262556,11.0
262567,11.0
262578,11.0
262677,99.0
262807,130.0
262820,13.0
262832,12.0
262949,117.0
263069,120.0
263172,103.0
263276,104.0
263287,11.0
263300,13.0
263311,11.0
263412,101.0
263521,109.0
263533,12.0
263599,66.0
263700,101.0
263795,95.0
263806,11.0
263819,13.0
263831,12.0
263842,11.0
263854,12.0
263948,94.0
263959,11.0
264083,124.0
264094,11.0
264249,155.0
264339,90.0
264492,153.0
264673,181.0
264839,166.0
265010,171.0
265188,178.0
265378,190.0
265559,181.0
265723,164.0
265901,178.0
266066,165.0
266231,165.0
266389,158.0
266562,173.0
266721,159.0
266887,166.0
267060,173.0
267236,176.0
267426,190.0
267634,208.0
267858,224.0
268073,215.0
268304,231.0
268564,260.0
268823,259.0
269071,248.0
269302,231.0
269518,216.0
269741,223.0
269971,230.0
270354,383.0
270501,147.0
270686,185.0
270875,189.0
271076,201.0
271276,200.0
271467,191.0
271672,205.0
271856,184.0
272076,220.0
272279,203.0
272501,222.0
272720,219.0
272977,257.0
273193,216.0
273569,376.0
273908,339.0
274212,304.0
274712,500.0
275081,369.0
275581,500.0
275982,401.0
276246,264.0
276372,126.0
276497,125.0
276620,123.0
276766,146.0
276879,113.0
276995,116.0
277104,109.0
277119,15.0
277129,10.0
277139,10.0
277150,11.0
277160,10.0
277170,10.0
277181,11.0
277190,9.0
277199,9.0
277209,10.0
277217,8.0
277228,11.0
277239,11.0
277249,10.0
277258,9.0
277267,9.0
277277,10.0
277285,8.0
277296,11.0
277305,9.0
277317,12.0
277326,9.0
277336,10.0
277350,14.0
277360,10.0
277369,9.0
277379,10.0
277390,11.0
277400,10.0
277412,12.0
277423,11.0
277432,9.0
277442,10.0
277452,10.0
277464,12.0
277475,11.0
277487,12.0
277500,13.0
277511,11.0
277522,11.0
277533,11.0
277545,12.0
277558,13.0
277569,11.0
277580,11.0
277592,12.0
277602,10.0
277615,13.0
277628,13.0
277637,9.0
277723,86.0
277818,95.0
277911,93.0
278018,107.0
278122,104.0
278231,109.0
278348,117.0
278469,121.0
278589,120.0
278709,120.0
278833,124.0
278968,135.0
279110,142.0
279262,152.0
279437,175.0
279633,196.0
279834,201.0
280018,184.0
280261,243.0
280540,279.0
280902,362.0
281402,500.0
281902,500.0
281959,57.0
282459,500.0
282476,17.0
282487,11.0
282497,10.0
282508,11.0
282517,9.0
282526,9.0
282537,11.0
282546,9.0
282556,10.0
282568,12.0
282577,9.0
282775,198.0
283000,225.0
283023,23.0
283094,71.0
283107,13.0
283138,31.0
283149,11.0
283170,21.0
283184,14.0
283206,22.0
283234,28.0
283263,29.0
283289,26.0
283312,23.0
283337,25.0
283362,25.0
283392,30.0
283414,22.0
283477,63.0
283505,28.0
283764,259.0
283776,12.0
283807,31.0
283838,31.0
283929,91.0
283956,27.0
284180,224.0
284266,86.0
284307,41.0
284342,35.0
284387,45.0
284436,49.0
284467,31.0
284742,275.0
284933,191.0
285433,500.0
285688,255.0
285976,288.0
286223,247.0
286441,218.0
286652,211.0
286859,207.0
287069,210.0
287288,219.0
287491,203.0
287689,198.0
287888,199.0
288093,205.0
288290,197.0
288478,188.0
288659,181.0
288851,192.0
289032,181.0
289207,175.0
289370,163.0
289525,155.0
289691,166.0
289857,166.0
290005,148.0
290149,144.0
290262,113.0
290352,90.0
290437,85.0
290517,80.0
290595,78.0
290669,74.0
290791,122.0
290893,102.0
290972,79.0
291049,77.0
291122,73.0
291197,75.0
291271,74.0
291338,67.0
291420,82.0
291514,94.0
291630,116.0
291749,119.0
291863,114.0
291971,108.0
292084,113.0
292229,145.0
292390,161.0
292549,159.0
292711,162.0
292873,162.0
293027,154.0
293199,172.0
293364,165.0
293541,177.0
293706,165.0
293873,167.0
294056,183.0
294216,160.0
294351,135.0
294365,14.0
294466,101.0
294600,134.0
294762,162.0
294919,157.0
295062,143.0
295188,126.0
295308,120.0
295429,121.0
295547,118.0
295672,125.0
295792,120.0
295909,117.0
296024,115.0
296153,129.0
296298,145.0
296449,151.0
296608,159.0
296783,175.0
296968,185.0
297163,195.0
297382,219.0
297617,235.0
297848,231.0
298067,219.0
298289,222.0
298508,219.0
298718,210.0
298910,192.0
299112,202.0
299324,212.0
299547,223.0
299762,215.0
299991,229.0
300249,258.0
300572,323.0
300867,295.0
301163,296.0
301663,500.0
301936,273.0
302117,181.0
302127,10.0
302139,12.0
302149,10.0
302159,10.0
302168,9.0
302178,10.0
302188,10.0
302198,10.0
302207,9.0
302216,9.0
302226,10.0
302235,9.0
302243,8.0
302253,10.0
302263,10.0
302272,9.0
302281,9.0
302289,8.0
302297,8.0
302306,9.0
302316,10.0
302327,11.0
302339,12.0
302351,12.0
302362,11.0
302435,73.0
302514,79.0
302524,10.0
302603,79.0
302705,102.0
302717,12.0
302731,14.0
302743,12.0
302754,11.0
302764,10.0
302776,12.0
302853,77.0
302957,104.0
303024,67.0
303097,73.0
303108,11.0
303120,12.0
303131,11.0
303142,11.0
303152,10.0
303163,11.0
303175,12.0
303186,11.0
303196,10.0
303206,10.0
303217,11.0
303228,11.0
303237,9.0
303248,11.0
303258,10.0
303267,9.0
303276,9.0
303286,10.0
303295,9.0
303305,10.0
303314,9.0
303324,10.0
303334,10.0
303343,9.0
303353,10.0
303364,11.0
303376,12.0
303386,10.0
303398,12.0
303409,11.0
303421,12.0
303490,69.0
303578,88.0
303590,12.0
303603,13.0
303613,10.0
303623,10.0
303635,12.0
303647,12.0
303658,11.0
303668,10.0
303680,12.0
303692,12.0
303706,14.0
303775,69.0
303853,78.0
303925,72.0
303990,65.0
304056,66.0
304120,64.0
304132,12.0
304144,12.0
304154,10.0
304164,10.0
304174,10.0
304186,12.0
304197,11.0
304208,11.0
304220,12.0
304231,11.0
304240,9.0
304251,11.0
304262,11.0
304272,10.0
304284,12.0
304295,11.0
304307,12.0
304320,13.0
304330,10.0
304342,12.0
304354,12.0
304366,12.0
304377,11.0
304387,10.0
304397,10.0
304410,13.0
304423,13.0
304434,11.0
304446,12.0
304522,76.0
304603,81.0
304683,80.0
304752,69.0
304824,72.0
304837,13.0
304852,15.0
304863,11.0
304875,12.0
304887,12.0
304900,13.0
304911,11.0
304924,13.0
304934,10.0
304945,11.0
304958,13.0
304969,11.0
304979,10.0
304991,12.0
305002,11.0
305012,10.0
305024,12.0
305036,12.0
305047,11.0
305060,13.0
305073,13.0
305083,10.0
305094,11.0
305106,12.0
305193,87.0
305279,86.0
305363,84.0
305374,11.0
305464,90.0
305561,97.0
305662,101.0
305762,100.0
305863,101.0
305873,10.0
305977,104.0
306077,100.0
306175,98.0
306280,105.0
306400,120.0
306516,116.0
306633,117.0
306754,121.0
306880,126.0
307009,129.0
307163,154.0
307328,165.0
307490,162.0
307658,168.0
307837,179.0
308017,180.0
308213,196.0
308424,211.0
308637,213.0
308844,207.0
309064,220.0
309285,221.0
309511,226.0
309752,241.0
309990,238.0
310242,252.0
310628,386.0
310858,230.0
311120,262.0
311290,170.0
311446,156.0
311594,148.0
311738,144.0
311889,151.0
312024,135.0
312156,132.0
312260,104.0
312358,98.0
312480,122.0
312622,142.0
312748,126.0
312762,14.0
312878,116.0
313002,124.0
313120,118.0
313238,118.0
313359,121.0
313470,111.0
313578,108.0
313681,103.0
313786,105.0
313891,105.0
313988,97.0
314082,94.0
314176,94.0
314265,89.0
314357,92.0
314370,13.0
314448,78.0
314541,93.0
314629,88.0
314717,88.0
314806,89.0
314892,86.0
314980,88.0
315060,80.0
315142,82.0
315218,76.0
315298,80.0
315320,22.0
315388,68.0
315467,79.0
315546,79.0
315624,78.0
315707,83.0
315784,77.0
315861,77.0
315939,78.0
316014,75.0
316088,74.0
316167,79.0
316259,92.0
316339,80.0
316417,78.0
316501,84.0
316583,82.0
316674,91.0
316768,94.0
316865,97.0
316966,101.0
317049,83.0
317141,92.0
317228,87.0
317311,83.0
317389,78.0
317478,89.0
317560,82.0
317643,83.0
317725,82.0
317813,88.0
317904,91.0
317985,81.0
318092,107.0
318204,112.0
318311,107.0
318422,111.0
318533,111.0
318649,116.0
318760,111.0
318775,15.0
318896,121.0
319029,133.0
319187,158.0
319354,167.0
319503,149.0
319665,162.0
319820,155.0
319993,173.0
320178,185.0
320386,208.0
320585,199.0
320723,138.0
320884,161.0
321067,183.0
321197,130.0
321320,123.0
321422,102.0
321571,149.0
321792,221.0
322073,281.0
322328,255.0
322518,190.0
322692,174.0
322937,245.0
323128,191.0
323289,161.0
323454,165.0
323620,166.0
323768,148.0
323893,125.0
324008,115.0
324129,121.0
324279,150.0
324430,151.0
324561,131.0
324710,149.0
324872,162.0
325036,164.0
325178,142.0
325326,148.0
325487,161.0
325631,144.0
325796,165.0
325955,159.0
326106,151.0
326240,134.0
326360,120.0
326481,121.0
326611,130.0
326734,123.0
326865,131.0
326990,125.0
327002,12.0
327014,12.0
327026,12.0
327037,11.0
327050,13.0
327059,9.0
327070,11.0
327180,110.0
327194,14.0
327309,115.0
327429,120.0
327549,120.0
327681,132.0
327798,117.0
327926,128.0
328051,125.0
328173,122.0
328309,136.0
328448,139.0
328582,134.0
328732,150.0
328879,147.0
329015,136.0
329157,142.0
329308,151.0
329457,149.0
329612,155.0
329782,170.0
329932,150.0
330102,170.0
330303,201.0
330512,209.0
330708,196.0
330888,180.0
331091,203.0
331286,195.0
331506,220.0
331771,265.0
332096,325.0
332432,336.0
332835,403.0
333145,310.0
333155,10.0
333166,11.0
333177,11.0
333187,10.0
333197,10.0
333206,9.0
333217,11.0
333228,11.0
333239,11.0
333249,10.0
333264,15.0
333274,10.0
333286,12.0
333298,12.0
333315,17.0
333328,13.0
333341,13.0
333353,12.0
333441,88.0
333542,101.0
333633,91.0
333728,95.0
333824,96.0
333917,93.0
334014,97.0
334108,94.0
334193,85.0
334285,92.0
334375,90.0
334470,95.0
334561,91.0
334663,102.0
334763,100.0
334860,97.0
334871,11.0
334975,104.0
335088,113.0
335100,12.0
335115,15.0
335127,12.0
335220,93.0
335323,103.0
335417,94.0
335508,91.0
335601,93.0
335690,89.0
335783,93.0
335872,89.0
335959,87.0
336043,84.0
336113,70.0
336201,88.0
336291,90.0
336302,11.0
336315,13.0
336326,11.0
336398,72.0
336488,90.0
336574,86.0
336654,80.0
336739,85.0
336819,80.0
336912,93.0
337013,101.0
337104,91.0
337205,101.0
337317,112.0
337438,121.0
337555,117.0
337675,120.0
337688,13.0
337701,13.0
337713,12.0
337724,11.0
337834,110.0
337847,13.0
337983,136.0
338169,186.0
338336,167.0
338498,162.0
338659,161.0
338833,174.0
338984,151.0
339128,144.0
339282,154.0
339456,174.0
339646,190.0
339840,194.0
340041,201.0
340212,171.0
340358,146.0
340497,139.0
340632,135.0
340760,128.0
340772,12.0
340930,158.0
341080,150.0
341245,165.0
341422,177.0
341606,184.0
341799,193.0
341961,162.0
342105,144.0
342344,239.0
342844,500.0
343344,500.0
343603,259.0
343732,129.0
343872,140.0
344000,128.0
344133,133.0
344506,373.0
344804,298.0
345304,500.0
345415,111.0
345539,124.0
345663,124.0
345777,114.0
345917,140.0
346043,126.0
346182,139.0
346463,281.0
346753,290.0
346937,184.0
347074,137.0
347195,121.0
347412,217.0
347618,206.0
347986,368.0
348154,168.0
348316,162.0
348452,136.0
348467,15.0
348586,119.0
348717,131.0
348870,153.0
349037,167.0
349234,197.0
349424,190.0
349654,230.0
350002,348.0
350160,158.0
350290,130.0
350411,121.0
350547,136.0
350768,221.0
350885,117.0
351018,133.0
351181,163.0
351334,153.0
351347,13.0
351359,12.0
351370,11.0
351503,133.0
351660,157.0
351836,176.0
352165,329.0
352205,40.0
352387,182.0
352398,11.0
352410,12.0
352419,9.0
352428,9.0
352438,10.0
352449,11.0
352512,63.0
352652,140.0
352783,131.0
352909,126.0
353004,95.0
353130,126.0
353175,45.0
353254,79.0
353265,11.0
353276,11.0
353306,30.0
353347,41.0
353395,48.0
353409,14.0
353421,12.0
353435,14.0
353447,12.0
353457,10.0
353471,14.0
353482,11.0
353495,13.0
353541,46.0
353567,26.0
353665,98.0
353820,155.0
353864,44.0
353911,47.0
353961,50.0
353973,12.0
354123,150.0
354351,228.0
354393,42.0
354420,27.0
354631,211.0
354865,234.0
354903,38.0
355156,253.0
355374,218.0
355600,226.0
355756,156.0
356072,316.0
356279,207.0
356717,438.0
356906,189.0
357123,217.0
357376,253.0
357652,276.0
357959,307.0
358295,336.0
358758,463.0
359127,369.0
359376,249.0
359663,287.0
359897,234.0
360113,216.0
360362,249.0
360582,220.0
360816,234.0
361046,230.0
361317,271.0
361589,272.0
361845,256.0
362109,264.0
362352,243.0
362540,188.0
362556,16.0
362568,12.0
362582,14.0
362592,10.0
362602,10.0
362613,11.0
362622,9.0
362632,10.0
362644,12.0
362658,14.0
362670,12.0
362685,15.0
362855,170.0
363063,208.0
363361,298.0
363669,308.0
364000,331.0
364335,335.0
364652,317.0
364957,305.0
365278,321.0
365584,306.0
365842,258.0
366128,286.0
366484,356.0
366842,358.0
367256,414.0
367756,500.0
368256,500.0
368756,500.0
368922,166.0
369090,168.0
369215,125.0
369355,140.0
369513,158.0
369640,127.0
369781,141.0
369916,135.0
370042,126.0
370158,116.0
370281,123.0
370408,127.0
370532,124.0
370648,116.0
370660,12.0
370757,97.0
370872,115.0
370983,111.0
371090,107.0
371101,11.0
371206,105.0
371344,138.0
371489,145.0
371713,224.0
371852,139.0
371984,132.0
372107,123.0
372210,103.0
372319,109.0
372424,105.0
372533,109.0
372637,104.0
372743,106.0
372847,104.0
372955,108.0
373055,100.0
373151,96.0
373242,91.0
373335,93.0
373428,93.0
373515,87.0
373529,14.0
373635,106.0
373732,97.0
373826,94.0
373919,93.0
374015,96.0
374117,102.0
374218,101.0
374331,113.0
374438,107.0
374545,107.0
374650,105.0
374762,112.0
374867,105.0
374975,108.0
375085,110.0
375192,107.0
375304,112.0
375404,100.0
375506,102.0
375602,96.0
375707,105.0
375827,120.0
375930,103.0
376031,101.0
376129,98.0
376143,14.0
376247,104.0
376340,93.0
376439,99.0
376452,13.0
376550,98.0
376648,98.0
376750,102.0
376852,102.0
376966,114.0
377079,113.0
377184,105.0
377201,17.0
377217,16.0
377232,15.0
377244,12.0
377341,97.0
377441,100.0
377541,100.0
377642,101.0
377740,98.0
377842,102.0
377936,94.0
378032,96.0
378137,105.0
378243,106.0
378353,110.0
378477,124.0
378593,116.0
378718,125.0
378849,131.0
378989,140.0
379121,132.0
379232,111.0
379246,14.0
379370,124.0
379502,132.0
379623,121.0
379740,117.0
379853,113.0
379968,115.0
380081,113.0
380198,117.0
380336,138.0
380463,127.0
380580,117.0
380709,129.0
380825,116.0
380959,134.0
381092,133.0
381218,126.0
381364,146.0
381495,131.0
381622,127.0
381741,119.0
381862,121.0
381977,115.0
382098,121.0
382256,158.0
382416,160.0
382534,118.0
382651,117.0
382779,128.0
382993,214.0
383147,154.0
383282,135.0
383457,175.0
383957,500.0
384457,500.0
384957,500.0
385457,500.0
385957,500.0
386343,386.0
386585,242.0
387085,500.0
387585,500.0
387596,11.0
388096,500.0
388596,500.0
389096,500.0
389596,500.0
389934,338.0
390082,148.0
390339,257.0
390641,302.0
390651,10.0
390812,161.0
391002,190.0
391236,234.0
391460,224.0
391692,232.0
391898,206.0
392086,188.0
392243,157.0
392399,156.0
392411,12.0
392422,11.0
392433,11.0
392443,10.0
392455,12.0
392463,8.0
392472,9.0
392483,11.0
392492,9.0
392504,12.0
392514,10.0
392525,11.0
392534,9.0
392544,10.0
392556,12.0
392568,12.0
392577,9.0
392587,10.0
392599,12.0
392608,9.0
392618,10.0
392628,10.0
392762,134.0
392910,148.0
393053,143.0
393200,147.0
393334,134.0
393448,114.0
393543,95.0
393646,103.0
393742,96.0
393851,109.0
393966,115.0
393979,13.0
393991,12.0
394002,11.0
394012,10.0
394022,10.0
394034,12.0
394043,9.0
394053,10.0
394066,13.0
394080,14.0
394193,113.0
394323,130.0
394458,135.0
394472,14.0
394601,129.0
394741,140.0
394756,15.0
394909,153.0
395059,150.0
395205,146.0
395335,130.0
395459,124.0
395576,117.0
395690,114.0
395814,124.0
395934,120.0
396052,118.0
396162,110.0
396268,106.0
396371,103.0
396477,106.0
396581,104.0
396592,11.0
396710,118.0
396831,121.0
396959,128.0
397100,141.0
397253,153.0
397448,195.0
397664,216.0
397879,215.0
398102,223.0
398130,28.0
398618,488.0
398632,14.0
398939,307.0
399170,231.0
399407,237.0
399615,208.0
399816,201.0
399980,164.0
400115,135.0
400242,127.0
400373,131.0
400387,14.0
400504,117.0
400622,118.0
400743,121.0
400869,126.0
400990,121.0
401119,129.0
401285,166.0
401441,156.0
401601,160.0
401752,151.0
401908,156.0
402064,156.0
402217,153.0
402372,155.0
402540,168.0
402715,175.0
402905,190.0
403111,206.0
403611,500.0
404111,500.0
404611,500.0
405111,500.0
405611,500.0
406111,500.0
406258,147.0
406356,98.0
406454,98.0
406577,123.0
406687,110.0
406784,97.0
406877,93.0
406974,97.0
407070,96.0
407179,109.0
407302,123.0
407423,121.0
407547,124.0
407686,139.0
407813,127.0
407829,16.0
407842,13.0
407854,12.0
407867,13.0
407881,14.0
407893,12.0
407905,12.0
407917,12.0
407928,11.0
407938,10.0
407948,10.0
407959,11.0
407970,11.0
407981,11.0
407992,11.0
408004,12.0
408014,10.0
408027,13.0
408038,11.0
408050,12.0
408061,11.0
408072,11.0
408082,10.0
408096,14.0
408106,10.0
408116,10.0
408127,11.0
408136,9.0
408148,12.0
408160,12.0
408171,11.0
408182,11.0
408191,9.0
408201,10.0
408212,11.0
408223,11.0
408235,12.0
408247,12.0
408259,12.0
408272,13.0
408283,11.0
408296,13.0
408308,12.0
408319,11.0
408331,12.0
408350,19.0
408360,10.0
408372,12.0
408384,12.0
408397,13.0
408411,14.0
408525,114.0
408540,15.0
408658,118.0
408769,111.0
408876,107.0
408899,23.0
409003,104.0
409110,107.0
409218,108.0
409235,17.0
409348,113.0
409465,117.0
409602,137.0
409731,129.0
409883,152.0
410016,133.0
410034,18.0
410045,11.0
410063,18.0
410191,128.0
410313,122.0
410434,121.0
410553,119.0
410672,119.0
410790,118.0
410920,130.0
411035,115.0
411048,13.0
411159,111.0
411291,132.0
411425,134.0
411560,135.0
411710,150.0
411858,148.0
411998,140.0
412136,138.0
412285,149.0
412461,176.0
412623,162.0
412793,170.0
412808,15.0
412983,175.0
413157,174.0
413309,152.0
413476,167.0
413631,155.0
413784,153.0
413947,163.0
414095,148.0
414229,134.0
414348,119.0
414476,128.0
414597,121.0
414722,125.0
414845,123.0
414957,112.0
415073,116.0
415230,157.0
415422,192.0
415595,173.0
415759,164.0
415928,169.0
416107,179.0
416244,137.0
416381,137.0
416561,180.0
416722,161.0
416847,125.0
416979,132.0
417095,116.0
417231,136.0
417430,199.0
417623,193.0
417785,162.0
417929,144.0
418112,183.0
418288,176.0
418450,162.0
418670,220.0
418864,194.0
419053,189.0
419354,301.0
419854,500.0
420354,500.0
420854,500.0
421354,500.0
421585,231.0
421751,166.0
421947,196.0
422119,172.0
422362,243.0
422862,500.0
423362,500.0
423373,11.0
423383,10.0
423392,9.0
423403,11.0
423415,12.0
423424,9.0
423433,9.0
423442,9.0
423451,9.0
423462,11.0
423472,10.0
423483,11.0
423494,11.0
423504,10.0
423518,14.0
423530,12.0
423539,9.0
423551,12.0
423560,9.0
423571,11.0
423584,13.0
423597,13.0
423608,11.0
423621,13.0
423634,13.0
423646,12.0
423659,13.0
423672,13.0
423686,14.0
423701,15.0
423712,11.0
423722,10.0
423734,12.0
423743,9.0
423759,16.0
423773,14.0
423784,11.0
423797,13.0
423810,13.0
423825,15.0
423839,14.0
423853,14.0
423866,13.0
423879,13.0
423891,12.0
423902,11.0
423915,13.0
423930,15.0
423940,10.0
423952,12.0
423967,15.0
423977,10.0
423988,11.0
424002,14.0
424015,13.0
424028,13.0
424186,158.0
424200,14.0
424214,14.0
424225,11.0
424240,15.0
424252,12.0
424263,11.0
424274,11.0
424284,10.0
424295,11.0
424306,11.0
424319,13.0
424333,14.0
424344,11.0
424356,12.0
424367,11.0
424381,14.0
424393,12.0
424520,127.0
424531,11.0
424543,12.0
424557,14.0
424671,114.0
424776,105.0
424860,84.0
424870,10.0
424964,94.0
425062,98.0
425152,90.0
425245,93.0
425334,89.0
425424,90.0
425440,16.0
425535,95.0
425635,100.0
425734,99.0
425840,106.0
425955,115.0
426065,110.0
426170,105.0
426277,107.0
426288,11.0
426303,15.0
426315,12.0
426419,104.0
426527,108.0
426540,13.0
426661,121.0
426793,132.0
426935,142.0
427092,157.0
427245,153.0
427410,165.0
427568,158.0
427731,163.0
427902,171.0
428074,172.0
428285,211.0
428629,344.0
429084,455.0
429356,272.0
429856,500.0
430356,500.0
430856,500.0
431356,500.0
431856,500.0
432356,500.0
432856,500.0
433356,500.0
433856,500.0
434356,500.0
434856,500.0
435356,500.0
435722,366.0
436222,500.0
436629,407.0
436799,170.0
437003,204.0
437163,160.0
437311,148.0
437322,11.0
437333,11.0
437343,10.0
437352,9.0
437363,11.0
437371,8.0
437382,11.0
437393,11.0
437404,11.0
437413,9.0
437424,11.0
437434,10.0
437444,10.0
437455,11.0
437464,9.0
437583,119.0
437596,13.0
437759,163.0
437921,162.0
438076,155.0
438090,14.0
438104,14.0
438216,112.0
438339,123.0
438459,120.0
438580,121.0
438693,113.0
438808,115.0
438921,113.0
439027,106.0
439139,112.0
439153,14.0
439269,116.0
439382,113.0
439493,111.0
439603,110.0
439615,12.0
439626,11.0
439636,10.0
439745,109.0
439851,106.0
439863,12.0
439874,11.0
439885,11.0
439895,10.0
439905,10.0
439915,10.0
439926,11.0
439937,11.0
439948,11.0
439959,11.0
440062,103.0
440171,109.0
440184,13.0
440195,11.0
440205,10.0
440216,11.0
440226,10.0
440238,12.0
440252,14.0
440364,112.0
440375,11.0
440494,119.0
440623,129.0
440763,140.0
440778,15.0
440905,127.0
441027,122.0
441154,127.0
441285,131.0
441417,132.0
441549,132.0
441668,119.0
441793,125.0
441805,12.0
441927,122.0
441938,11.0
441950,12.0
441966,16.0
441978,12.0
442103,125.0
442224,121.0
442346,122.0
442357,11.0
442472,115.0
442592,120.0
442711,119.0
442821,110.0
442936,115.0
443044,108.0
443147,103.0
443248,101.0
443359,111.0
443472,113.0
443589,117.0
443708,119.0
443823,115.0
443949,126.0
444077,128.0
444228,151.0
444403,175.0
444562,159.0
444742,180.0
445078,336.0
445431,353.0
445612,181.0
445729,117.0
445833,104.0
445933,100.0
446037,104.0
446154,117.0
446168,14.0
446287,119.0
446423,136.0
446565,142.0
446711,146.0
446865,154.0
447016,151.0
447178,162.0
447356,178.0
447545,189.0
447779,234.0
447980,201.0
448184,204.0
448195,11.0
448413,218.0
448613,200.0
448800,187.0
448994,194.0
449177,183.0
449373,196.0
449450,77.0
449462,12.0
449693,231.0
449920,227.0
450313,393.0
450472,159.0
450690,218.0
450874,184.0
451090,216.0
451302,212.0
451317,15.0
451523,206.0
451851,328.0
452316,465.0
452723,407.0
453109,386.0
453530,421.0
453918,388.0
454136,218.0
454315,179.0
454459,144.0
454613,154.0
454626,13.0
454772,146.0
454787,15.0
454966,179.0
455138,172.0
455293,155.0
455305,12.0
455473,168.0
455629,156.0
455787,158.0
455952,165.0
456118,166.0
456308,190.0
456533,225.0
456782,249.0
456812,30.0
457184,372.0
457684,500.0
458184,500.0
458380,196.0
458880,500.0
459285,405.0
459391,106.0
459504,113.0
459623,119.0
459754,131.0
459882,128.0
460026,144.0
460133,107.0
460251,118.0
460381,130.0
460509,128.0
460621,112.0
460715,94.0
460807,92.0
460897,90.0
460989,92.0
461090,101.0
461202,112.0
461338,136.0
461489,151.0
461671,182.0
461810,139.0
461948,138.0
462087,139.0
462266,179.0
462450,184.0
462888,438.0
463218,330.0
463348,130.0
463490,142.0
463633,143.0
463756,123.0
463885,129.0
464019,134.0
464131,112.0
464235,104.0
464373,138.0
464791,418.0
464883,92.0
464894,11.0
464905,11.0
464916,11.0
464927,11.0
464940,13.0
464951,11.0
464964,13.0
464975,11.0
464989,14.0
465002,13.0
465014,12.0
465028,14.0
465040,12.0
465052,12.0
465062,10.0
465074,12.0
465085,11.0
465180,95.0
465286,106.0
465385,99.0
465398,13.0
465503,105.0
465611,108.0
465622,11.0
465725,103.0
465827,102.0
465931,104.0
466029,98.0
466131,102.0
466236,105.0
466250,14.0
466269,19.0
466373,104.0
466473,100.0
466571,98.0
466668,97.0
466680,12.0
466693,13.0
466704,11.0
466717,13.0
466727,10.0
466830,103.0
466926,96.0
467030,104.0
467041,11.0
467054,13.0
467158,104.0
467263,105.0
467364,101.0
467378,14.0
467483,105.0
467588,105.0
467688,100.0
467794,106.0
467893,99.0
468002,109.0
468107,105.0
468214,107.0
468320,106.0
468426,106.0
468533,107.0
468645,112.0
468750,105.0
468862,112.0
468973,111.0
469087,114.0
469206,119.0
469335,129.0
469465,130.0
469595,130.0
469738,143.0
469880,142.0
470019,139.0
470194,175.0
470403,209.0
470613,210.0
470802,189.0
470979,177.0
471177,198.0
471312,135.0
471446,134.0
471594,148.0
471727,133.0
471846,119.0
471966,120.0
472102,136.0
472251,149.0
472396,145.0
472542,146.0
472663,121.0
472776,113.0
472953,177.0
473153,200.0
473296,143.0
473448,152.0
473813,365.0
473984,171.0
474151,167.0
474274,123.0
474383,109.0
474495,112.0
474599,104.0
474708,109.0
474824,116.0
474933,109.0
475042,109.0
475149,107.0
475270,121.0
475406,136.0
475538,132.0
475664,126.0
475792,128.0
475943,151.0
476147,204.0
476267,120.0
476372,105.0
476474,102.0
476581,107.0
476697,116.0
476804,107.0
476916,112.0
477020,104.0
477137,117.0
477256,119.0
477393,137.0
477516,123.0
477703,187.0
478203,500.0
478703,500.0
479203,500.0
479344,141.0
479449,105.0
479549,100.0
479669,120.0
479775,106.0
479889,114.0
479998,109.0
480108,110.0
480222,114.0
480382,160.0
480882,500.0
481382,500.0
481515,133.0
481631,116.0
481753,122.0
481871,118.0
481988,117.0
482101,113.0
482203,102.0
482300,97.0
482399,99.0
482502,103.0
482602,100.0
482705,103.0
482794,89.0
482884,90.0
482977,93.0
483111,134.0
483611,500.0
483811,200.0
484311,500.0
484428,117.0
484542,114.0
484644,102.0
484746,102.0
484858,112.0
484998,140.0
485105,107.0
485255,150.0
485404,149.0
485817,413.0
486258,441.0
486379,121.0
486488,109.0
486592,104.0
486711,119.0
486821,110.0
486933,112.0
487035,102.0
487157,122.0
487458,301.0
487765,307.0
488265,500.0
488389,124.0
488515,126.0
488635,120.0
488757,122.0
488865,108.0
488982,117.0
489127,145.0
489627,500.0
490127,500.0
490427,300.0
490600,173.0
490771,171.0
490916,145.0
491041,125.0
491150,109.0
491262,112.0
491361,99.0
491428,67.0
491524,96.0
491640,116.0
491749,109.0
491830,81.0
491847,17.0
491861,14.0
491873,12.0
491886,13.0
491900,14.0
491912,12.0
491923,11.0
491935,12.0
491948,13.0
491962,14.0
491972,10.0
491986,14.0
491999,13.0
492011,12.0
492026,15.0
492038,12.0
492050,12.0
492063,13.0
492077,14.0
492089,12.0
492103,14.0
492120,17.0
492135,15.0
492147,12.0
492161,14.0
492176,15.0
492190,14.0
492204,14.0
492223,19.0
492244,21.0
492257,13.0
492272,15.0
492362,90.0
492460,98.0
492560,100.0
492666,106.0
492769,103.0
492870,101.0
492964,94.0
493060,96.0
493158,98.0
493176,18.0
493271,95.0
493365,94.0
493464,99.0
493561,97.0
493656,95.0
493753,97.0
493846,93.0
493945,99.0
493957,12.0
494054,97.0
494067,13.0
494168,101.0
494275,107.0
494380,105.0
494481,101.0
494583,102.0
494684,101.0
494787,103.0
494887,100.0
494985,98.0
495095,110.0
495199,104.0
495305,106.0
495410,105.0
495517,107.0
495626,109.0
495638,12.0
495738,100.0
495752,14.0
495861,109.0
495967,106.0
496070,103.0
496174,104.0
496279,105.0
496380,101.0
496486,106.0
496592,106.0
496702,110.0
496803,101.0
496904,101.0
497004,100.0
497105,101.0
497209,104.0
497313,104.0
497424,111.0
497531,107.0
497638,107.0
497742,104.0
497845,103.0
497961,116.0
498073,112.0
498180,107.0
498278,98.0
498376,98.0
498390,14.0
498492,102.0
498598,106.0
498702,104.0
498803,101.0
498904,101.0
499006,102.0
499102,96.0
499209,107.0
499310,101.0
499419,109.0
499534,115.0
499638,104.0
499745,107.0
499854,109.0
499961,107.0
500066,105.0
500078,12.0
500184,106.0
500196,12.0
500293,97.0
500396,103.0
500498,102.0
500601,103.0
500612,11.0
500713,101.0
500821,108.0
500921,100.0
501021,100.0
501030,9.0
501132,102.0
501228,96.0
501329,101.0
501434,105.0
501539,105.0
501643,104.0
501655,12.0
501758,103.0
501865,107.0
501975,110.0
502072,97.0
502176,104.0
502281,105.0
502386,105.0
502496,110.0
502610,114.0
502722,112.0
502838,116.0
502957,119.0
503077,120.0
503219,142.0
503369,150.0
503513,144.0
503690,177.0
503850,160.0
504012,162.0
504481,469.0
504491,10.0
504501,10.0
504510,9.0
504519,9.0
504529,10.0
504538,9.0
504549,11.0
504560,11.0
504570,10.0
504580,10.0
504589,9.0
504598,9.0
504608,10.0
504617,9.0
504626,9.0
504635,9.0
504646,11.0
504656,10.0
504666,10.0
504676,10.0
504685,9.0
504694,9.0
504704,10.0
504714,10.0
504726,12.0
504736,10.0
504747,11.0
504757,10.0
504767,10.0
504777,10.0
504786,9.0
504794,8.0
504804,10.0
504812,8.0
504822,10.0
504831,9.0
504840,9.0
504849,9.0
504859,10.0
504868,9.0
504877,9.0
504887,10.0
504897,10.0
504907,10.0
504916,9.0
504926,10.0
504935,9.0
504943,8.0
504956,13.0
504965,9.0
504975,10.0
504987,12.0
504999,12.0
505009,10.0
505018,9.0
505026,8.0
505035,9.0
505045,10.0
505055,10.0
505064,9.0
505074,10.0
505084,10.0
505094,10.0
505103,9.0
505113,10.0
505123,10.0
505133,10.0
505143,10.0
505153,10.0
505163,10.0
505172,9.0
505182,10.0
505193,11.0
505204,11.0
505214,10.0
505224,10.0
505232,8.0
505243,11.0
505253,10.0
505263,10.0
505273,10.0
505283,10.0
505292,9.0
505301,9.0
505311,10.0
505320,9.0
505329,9.0
505340,11.0
505350,10.0
505360,10.0
505370,10.0
505380,10.0
505391,11.0
505400,9.0
505411,11.0
505421,10.0
505431,10.0
505440,9.0
505450,10.0
505463,13.0
505472,9.0
505483,11.0
505495,12.0
505505,10.0
505515,10.0
505524,9.0
505535,11.0
505884,349.0
506260,376.0
506271,11.0
506282,11.0
506292,10.0
506304,12.0
506313,9.0
506323,10.0
506332,9.0
506345,13.0
506355,10.0
506366,11.0
506672,306.0
506932,260.0
506943,11.0
507323,380.0
507600,277.0
507611,11.0
507621,10.0
507863,242.0
508075,212.0
508283,208.0
508294,11.0
508305,11.0
508316,11.0
508487,171.0
508499,12.0
508710,211.0
508962,252.0
509162,200.0
509662,500.0
509767,105.0
509858,91.0
509968,110.0
510076,108.0
510205,129.0
510359,154.0
510500,141.0
510675,175.0
510862,187.0
511362,500.0
511373,11.0
511384,11.0
511395,11.0
511603,208.0
511819,216.0
512000,181.0
512185,185.0
512369,184.0
512555,186.0
512796,241.0
513016,220.0
513254,238.0
513443,189.0
513620,177.0
513803,183.0
513991,188.0
514174,183.0
514436,262.0
514822,386.0
515013,191.0
515248,235.0
515517,269.0
515527,10.0
515539,12.0
515550,11.0
515811,261.0
516003,192.0
516220,217.0
516412,192.0
516621,209.0
516805,184.0
517011,206.0
517270,259.0
517654,384.0
517805,151.0
517957,152.0
518115,158.0
518244,129.0
518377,133.0
518565,188.0
518826,261.0
518837,11.0
519004,167.0
519182,178.0
519196,14.0
519364,168.0
519554,190.0
519760,206.0
519935,175.0
519946,11.0
519960,14.0
519970,10.0
519982,12.0
519992,10.0
520001,9.0
520009,8.0
520019,10.0
520029,10.0
520214,185.0
520714,500.0
520852,138.0
520984,132.0
521097,113.0
521245,148.0
521379,134.0
521517,138.0
521681,164.0
521810,129.0
521952,142.0
522138,186.0
522401,263.0
522413,12.0
522424,11.0
522434,10.0
522445,11.0
522456,11.0
522657,201.0
522844,187.0
523036,192.0
523242,206.0
523450,208.0
523688,238.0
523921,233.0
524139,218.0
524365,226.0
524599,234.0
524848,249.0
525251,403.0
525356,105.0
525456,100.0
525572,116.0
525686,114.0
525797,111.0
525906,109.0
526025,119.0
526153,128.0
526385,232.0
526566,181.0
526763,197.0
526957,194.0
527191,234.0
527299,108.0
527397,98.0
527496,99.0
527663,167.0
528131,468.0
528233,102.0
528324,91.0
528417,93.0
528517,100.0
528610,93.0
528713,103.0
528806,93.0
528896,90.0
528987,91.0
529079,92.0
529166,87.0
529255,89.0
529341,86.0
529445,104.0
529545,100.0
529636,91.0
529648,12.0
529659,11.0
529671,12.0
529682,11.0
529694,12.0
529705,11.0
529799,94.0
529890,91.0
529981,91.0
530074,93.0
530163,89.0
530253,90.0
530350,97.0
530441,91.0
530534,93.0
530620,86.0
530702,82.0
530792,90.0
530881,89.0
530967,86.0
531050,83.0
531132,82.0
531213,81.0
531226,13.0
531237,11.0
531247,10.0
531257,10.0
531268,11.0
531280,12.0
531292,12.0
531303,11.0
531315,12.0
531326,11.0
531413,87.0
531506,93.0
531597,91.0
531608,11.0
531702,94.0
531805,103.0
531906,101.0
532006,100.0
532095,89.0
532195,100.0
532292,97.0
532385,93.0
532481,96.0
532571,90.0
532669,98.0
532680,11.0
532777,97.0
532877,100.0
532983,106.0
533084,101.0
533180,96.0
533283,103.0
533392,109.0
533501,109.0
533606,105.0
533724,118.0
533842,118.0
533952,110.0
534054,102.0
534173,119.0
534292,119.0
534425,133.0
534557,132.0
534684,127.0
534833,149.0
534963,130.0
535094,131.0
535207,113.0
535311,104.0
535416,105.0
535527,111.0
535703,176.0
536203,500.0
536464,261.0
536475,11.0
536975,500.0
537192,217.0
537205,13.0
537530,325.0
537634,104.0
537740,106.0
537843,103.0
537942,99.0
538043,101.0
538158,115.0
538658,500.0
538805,147.0
538942,137.0
539105,163.0
539223,118.0
539341,118.0
539468,127.0
539651,183.0
539780,129.0
539945,165.0
540162,217.0
540276,114.0
540498,222.0
540631,133.0
540780,149.0
540905,125.0
541069,164.0
541569,500.0
541673,104.0
541767,94.0
541904,137.0
542280,376.0
542412,132.0
542539,127.0
542703,164.0
542852,149.0
542980,128.0
543100,120.0
543215,115.0
543322,107.0
543429,107.0
543532,103.0
543656,124.0
543775,119.0
543883,108.0
544003,120.0
544172,169.0
544306,134.0
544416,110.0
544544,128.0
544672,128.0
544790,118.0
545290,500.0
545409,119.0
545515,106.0
545652,137.0
545775,123.0
545886,111.0
546005,119.0
546148,143.0
546342,194.0
546555,213.0
546721,166.0
546846,125.0
546962,116.0
547100,138.0
547215,115.0
547326,111.0
547423,97.0
547526,103.0
547622,96.0
547714,92.0
547821,107.0
547926,105.0
548018,92.0
548113,95.0
548214,101.0
548312,98.0
548409,97.0
548508,99.0
548613,105.0
548711,98.0
548723,12.0
548734,11.0
548745,11.0
548754,9.0
548763,9.0
548773,10.0
548782,9.0
548793,11.0
548803,10.0
548814,11.0
548825,11.0
548835,10.0
548846,11.0
548858,12.0
548875,17.0
548888,13.0
548900,12.0
548914,14.0
549010,96.0
549025,15.0
549042,17.0
549054,12.0
549067,13.0
549078,11.0
549090,12.0
549102,12.0
549113,11.0
549125,12.0
549138,13.0
549151,13.0
549165,14.0
549179,14.0
549191,12.0
549205,14.0
549218,13.0
549234,16.0
549248,14.0
549263,15.0
549354,91.0
549366,12.0
549380,14.0
549398,18.0
549413,15.0
549428,15.0
549445,17.0
549461,16.0
549478,17.0
549495,17.0
549522,27.0
549539,17.0
549626,87.0
549721,95.0
549813,92.0
549907,94.0
550000,93.0
550021,21.0
550115,94.0
550209,94.0
550303,94.0
550398,95.0
550495,97.0
550590,95.0
550687,97.0
550705,18.0
550803,98.0
550816,13.0
550916,100.0
551013,97.0
551112,99.0
551204,92.0
551301,97.0
551319,18.0
551333,14.0
551351,18.0
551367,16.0
551456,89.0
551551,95.0
551642,91.0
551736,94.0
551746,10.0
551845,99.0
551943,98.0
552038,95.0
552052,14.0
552152,100.0
552247,95.0
552342,95.0
552438,96.0
552537,99.0
552635,98.0
552736,101.0
552828,92.0
552923,95.0
553020,97.0
553120,100.0
553225,105.0
553338,113.0
553445,107.0
553550,105.0
553664,114.0
553778,114.0
553895,117.0
554007,112.0
554116,109.0
554230,114.0
554330,100.0
554433,103.0
554535,102.0
554637,102.0
554739,102.0
554845,106.0
554920,75.0
554987,67.0
555058,71.0
555136,78.0
555208,72.0
555279,71.0
555367,88.0
555483,116.0
555600,117.0
555701,101.0
555812,111.0
555937,125.0
556051,114.0
556139,88.0
556212,73.0
556291,79.0
556362,71.0
556419,57.0
556476,57.0
556540,64.0
556612,72.0
556667,55.0
556724,57.0
556787,63.0
556846,59.0
556912,66.0
556980,68.0
557062,82.0
557172,110.0
557333,161.0
557459,126.0
557590,131.0
557714,124.0
557837,123.0
557962,125.0
558080,118.0
558208,128.0
558338,130.0
558473,135.0
558608,135.0
558735,127.0
558865,130.0
558986,121.0
559105,119.0
559116,11.0
559234,118.0
559352,118.0
559469,117.0
559586,117.0
559710,124.0
559834,124.0
559955,121.0
560064,109.0
560177,113.0
560349,172.0
560528,179.0
560683,155.0
560811,128.0
560951,140.0
561090,139.0
561220,130.0
561341,121.0
561454,113.0
561579,125.0
561719,140.0
561873,154.0
562016,143.0
562516,500.0
562689,173.0
562985,296.0
563289,304.0
563480,191.0
563659,179.0
563838,179.0
564034,196.0
564338,304.0
564462,124.0
564578,116.0
564690,112.0
564810,120.0
564950,140.0
565089,139.0
565197,108.0
565317,120.0
565432,115.0
565538,106.0
565654,116.0
565764,110.0
565863,99.0
565957,94.0
566007,50.0
566047,40.0
566105,58.0
566159,54.0
566219,60.0
566275,56.0
566333,58.0
566426,93.0
566494,68.0
566584,90.0
566893,309.0
567130,237.0
567292,162.0
567455,163.0
567613,158.0
567769,156.0
567911,142.0
568064,153.0
568235,171.0
568397,162.0
568538,141.0
568727,189.0
568779,52.0
568969,190.0
569117,148.0
569233,116.0
569343,110.0
569438,95.0
569453,15.0
569464,11.0
569476,12.0
569488,12.0
569500,12.0
569510,10.0
569520,10.0
569531,11.0
569543,12.0
569554,11.0
569564,10.0
569575,11.0
569670,95.0
569681,11.0
569784,103.0
569795,11.0
569909,114.0
570027,118.0
570165,138.0
570350,185.0
570554,204.0
570756,202.0
570964,208.0
571160,196.0
571333,173.0
571489,156.0
571636,147.0
571791,155.0
571947,156.0
572076,129.0
572201,125.0
572215,14.0
572350,135.0
572491,141.0
572635,144.0
572773,138.0
572918,145.0
573059,141.0
573195,136.0
573314,119.0
573441,127.0
573565,124.0
573698,133.0
573820,122.0
573938,118.0
574069,131.0
574217,148.0
574366,149.0
574549,183.0
574739,190.0
574918,179.0
575090,172.0
575231,141.0
575242,11.0
575257,15.0
575270,13.0
575392,122.0
575525,133.0
575644,119.0
575767,123.0
575904,137.0
576030,126.0
576157,127.0
576279,122.0
576397,118.0
576527,130.0
576672,145.0
576818,146.0
576998,180.0
577195,197.0
577400,205.0
577606,206.0
577814,208.0
578010,196.0
578218,208.0
578438,220.0
578632,194.0
578780,148.0
578928,148.0
579141,213.0
579355,214.0
579517,162.0
579662,145.0
579808,146.0
579950,142.0
580075,125.0
580089,14.0
580266,177.0
580466,200.0
580606,140.0
580743,137.0
580876,133.0
581007,131.0
581156,149.0
581370,214.0
581660,290.0
581883,223.0
582106,223.0
582368,262.0
582644,276.0
582911,267.0
583177,266.0
583375,198.0
583487,112.0
583630,143.0
583913,283.0
584297,384.0
584489,192.0
584715,226.0
585001,286.0
585121,120.0
585312,191.0
585442,130.0
585659,217.0
585825,166.0
585836,11.0
585847,11.0
585858,11.0
585869,11.0
585878,9.0
585889,11.0
585900,11.0
585911,11.0
585923,12.0
585935,12.0
585946,11.0
585959,13.0
585970,11.0
585979,9.0
585992,13.0
586117,125.0
586127,10.0
586136,9.0
586152,16.0
586161,9.0
586171,10.0
586180,9.0
586189,9.0
586199,10.0
586211,12.0
586220,9.0
586231,11.0
586241,10.0
586252,11.0
586265,13.0
586380,115.0
586391,11.0
586402,11.0
586529,127.0
586653,124.0
586780,127.0
586915,135.0
587054,139.0
587192,138.0
587339,147.0
587486,147.0
587642,156.0
587796,154.0
587956,160.0
588115,159.0
588282,167.0
588295,13.0
588480,185.0
588660,180.0
588842,182.0
589035,193.0
589249,214.0
589462,213.0
589670,208.0
589896,226.0
590114,218.0
590348,234.0
590578,230.0
590827,249.0
591071,244.0
591344,273.0
591627,283.0
591913,286.0
592209,296.0
592517,308.0
592804,287.0
592942,138.0
593234,292.0
593444,210.0
593655,211.0
593867,212.0
594071,204.0
594344,273.0
594699,355.0
595045,346.0
595542,497.0
596026,484.0
596159,133.0
596505,346.0
596637,132.0
596749,112.0
596839,90.0
596945,106.0
597015,70.0
597031,16.0
597116,85.0
597211,95.0
597307,96.0
597365,58.0
597457,92.0
597550,93.0
597608,58.0
597696,88.0
597789,93.0
597885,96.0
597982,97.0
598068,86.0
598077,9.0
598171,94.0
598260,89.0
598361,101.0
598456,95.0
598545,89.0
598635,90.0
598722,87.0
598810,88.0
598898,88.0
598909,11.0
599013,104.0
599115,102.0
599218,103.0
599317,99.0
599418,101.0
599531,113.0
599640,109.0
599750,110.0
599858,108.0
599970,112.0
600088,118.0
600210,122.0
600320,110.0
600459,139.0
600600,141.0
600763,163.0
600959,196.0
601091,132.0
601332,241.0
601498,166.0
601679,181.0
601910,231.0
601926,16.0
601938,12.0
601947,9.0
601957,10.0
601966,9.0
601975,9.0
601985,10.0
601994,9.0
602004,10.0
602015,11.0
602027,12.0
602038,11.0
602050,12.0
602061,11.0
602073,12.0
602086,13.0
602097,11.0
602110,13.0
602234,124.0
602404,170.0
602832,428.0
603332,500.0
603630,298.0
604130,500.0
604630,500.0
605080,450.0
605093,13.0
605115,22.0
605134,19.0
605220,86.0
605285,65.0
605350,65.0
605433,83.0
605530,97.0
605637,107.0
605720,83.0
605799,79.0
605882,83.0
605957,75.0
606038,81.0
606120,82.0
606217,97.0
606327,110.0
606455,128.0
606552,97.0
606656,104.0
606788,132.0
606920,132.0
607053,133.0
607188,135.0
607297,109.0
607388,91.0
607476,88.0
607562,86.0
607640,78.0
607726,86.0
607798,72.0
607877,79.0
608003,126.0
608161,158.0
608661,500.0
608882,221.0
608898,16.0
609173,275.0
609274,101.0
609348,74.0
609408,60.0
609501,93.0
609559,58.0
609612,53.0
609708,96.0
609779,71.0
609870,91.0
609962,92.0
610056,94.0
610110,54.0
610177,67.0
610253,76.0
610322,69.0
610386,64.0
610448,62.0
610517,69.0
610584,67.0
610641,57.0
610699,58.0
610771,72.0
610780,9.0
610842,62.0
610907,65.0
610974,67.0
611028,54.0
611063,35.0
611114,51.0
611160,46.0
611204,44.0
611259,55.0
611314,55.0
611328,14.0
611367,39.0
611419,52.0
611474,55.0
611538,64.0
611597,59.0
611655,58.0
611706,51.0
611768,62.0
611822,54.0
611881,59.0
611932,51.0
611985,53.0
612035,50.0
612088,53.0
612185,97.0
612282,97.0
612384,102.0
612484,100.0
612571,87.0
612664,93.0
612752,88.0
612852,100.0
612945,93.0
613043,98.0
613130,87.0
613220,90.0
613233,13.0
613330,97.0
613422,92.0
613517,95.0
613612,95.0
613709,97.0
613801,92.0
613900,99.0
613948,48.0
614038,90.0
614132,94.0
614226,94.0
614317,91.0
614405,88.0
614496,91.0
614587,91.0
614675,88.0
614759,84.0
614845,86.0
614929,84.0
615011,82.0
615095,84.0
615189,94.0
615276,87.0
615289,13.0
615375,86.0
615470,95.0
615562,92.0
615660,98.0
615758,98.0
615852,94.0
615953,101.0
616051,98.0
616144,93.0
616237,93.0
616323,86.0
616402,79.0
616490,88.0
616577,87.0
616665,88.0
616746,81.0
616761,15.0
616851,90.0
616935,84.0
617014,79.0
617101,87.0
617190,89.0
617284,94.0
617393,109.0
617511,118.0
617628,117.0
617788,160.0
617967,179.0
618261,294.0
618439,178.0
618673,234.0
618875,202.0
619315,440.0
619437,122.0
619556,119.0
619676,120.0
619799,123.0
619905,106.0
620009,104.0
620104,95.0
620200,96.0
620250,50.0
620341,91.0
620443,102.0
620485,42.0
620535,50.0
620555,20.0
620603,48.0
620637,34.0
620686,49.0
620729,43.0
620777,48.0
620834,57.0
620892,58.0
620942,50.0
620989,47.0
621043,54.0
621142,99.0
621246,104.0
621346,100.0
621452,106.0
621556,104.0
621655,99.0
621759,104.0
621854,95.0
621948,94.0
622044,96.0
622057,13.0
622155,98.0
622254,99.0
622349,95.0
622453,104.0
622552,99.0
622653,101.0
622752,99.0
622852,100.0
622950,98.0
623059,109.0
623157,98.0
623255,98.0
623359,104.0
623455,96.0
623560,105.0
623655,95.0
623756,101.0
623859,103.0
623968,109.0
624073,105.0
624187,114.0
624296,109.0
624396,100.0
624491,95.0
624587,96.0
624684,97.0
624807,123.0
624909,102.0
625017,108.0
625113,96.0
625209,96.0
625305,96.0
625398,93.0
625494,96.0
625583,89.0
625678,95.0
625775,97.0
625863,88.0
625936,73.0
626006,70.0
626076,70.0
626151,75.0
626234,83.0
626310,76.0
626397,87.0
626498,101.0
626599,101.0
626691,92.0
626795,104.0
626905,110.0
627047,142.0
627174,127.0
627389,215.0
627593,204.0
627787,194.0
628088,301.0
628504,416.0
628731,227.0
629056,325.0
629271,215.0
629417,146.0
629544,127.0
629665,121.0
629792,127.0
629908,116.0
630024,116.0
630117,93.0
630196,79.0
630286,90.0
630362,76.0
630440,78.0
630505,65.0
630614,109.0
630717,103.0
630798,81.0
630876,78.0
630943,67.0
631006,63.0
631099,93.0
631314,215.0
631444,130.0
631572,128.0
631916,344.0
632091,175.0
632326,235.0
632444,118.0
632583,139.0
633083,500.0
633192,109.0
633292,100.0
633393,101.0
633496,103.0
633596,100.0
633698,102.0
633809,111.0
633914,105.0
634012,98.0
634112,100.0
634245,133.0
634460,215.0
634674,214.0
634852,178.0
635070,218.0
635169,99.0
635277,108.0
635370,93.0
635483,113.0
635578,95.0
635679,101.0
635806,127.0
635909,103.0
636015,106.0
636109,94.0
636217,108.0
636319,102.0
636420,101.0
636506,86.0
636596,90.0
636687,91.0
636775,88.0
636869,94.0
636965,96.0
637007,42.0
637036,29.0
637061,25.0
637077,16.0
637094,17.0
637119,25.0
637148,29.0
637166,18.0
637185,19.0
637200,15.0
637213,13.0
637226,13.0
637241,15.0
637254,13.0
637267,13.0
637285,18.0
637303,18.0
637317,14.0
637332,15.0
637344,12.0
637356,12.0
637371,15.0
637385,14.0
637397,12.0
637407,10.0
637420,13.0
637434,14.0
637445,11.0
637457,12.0
637470,13.0
637491,21.0
637505,14.0
637522,17.0
637539,17.0
637555,16.0
637567,12.0
637581,14.0
637594,13.0
637607,13.0
637621,14.0
637632,11.0
637644,12.0
637660,16.0
637673,13.0
637685,12.0
637697,12.0
637710,13.0
637721,11.0
637736,15.0
637749,13.0
637763,14.0
637778,15.0
637790,12.0
637806,16.0
637819,13.0
637831,12.0
637843,12.0
637856,13.0
637867,11.0
637881,14.0
637895,14.0
637909,14.0
637921,12.0
637934,13.0
637948,14.0
637963,15.0
637975,12.0
637988,13.0
638002,14.0
638015,13.0
638033,18.0
638046,13.0
638061,15.0
638076,15.0
638090,14.0
638105,15.0
638117,12.0
638129,12.0
638139,10.0
638151,12.0
638166,15.0
638178,12.0
638190,12.0
638203,13.0
638216,13.0
638232,16.0
638312,80.0
638326,14.0
638341,15.0
638352,11.0
638372,20.0
638445,73.0
638460,15.0
638474,14.0
638549,75.0
638629,80.0
638643,14.0
638727,84.0
638739,12.0
638818,79.0
638892,74.0
638972,80.0
639051,79.0
639136,85.0
639220,84.0
639305,85.0
639391,86.0
639469,78.0
639554,85.0
639566,12.0
639650,84.0
639745,95.0
639821,76.0
639909,88.0
639992,83.0
640079,87.0
640179,100.0
640280,101.0
640382,102.0
640491,109.0
640593,102.0
640693,100.0
640792,99.0
640891,99.0
640904,13.0
641047,143.0
641178,131.0
641323,145.0
641336,13.0
641346,10.0
641357,11.0
641369,12.0
641380,11.0
641394,14.0
641403,9.0
641416,13.0
641427,11.0
641438,11.0
641449,11.0
641459,10.0
641472,13.0
641486,14.0
641501,15.0
641513,12.0
641526,13.0
641539,13.0
641552,13.0
641561,9.0
641662,101.0
641780,118.0
641893,113.0
642011,118.0
642123,112.0
642247,124.0
642372,125.0
642506,134.0
642628,122.0
642742,114.0
642842,100.0
642950,108.0
643078,128.0
643193,115.0
643319,126.0
643466,147.0
643600,134.0
643730,130.0
643852,122.0
643980,128.0
644117,137.0
644237,120.0
644364,127.0
644491,127.0
644612,121.0
644625,13.0
644732,107.0
644853,121.0
644976,123.0
645095,119.0
645216,121.0
645337,121.0
645464,127.0
645587,123.0
645721,134.0
645857,136.0
645873,16.0
646008,135.0
646134,126.0
646149,15.0
646272,123.0
646390,118.0
646509,119.0
646632,123.0
646761,129.0
646899,138.0
647029,130.0
647162,133.0
647291,129.0
647412,121.0
647546,134.0
647676,130.0
647800,124.0
647932,132.0
648072,140.0
648226,154.0
648375,149.0
648527,152.0
648683,156.0
648696,13.0
648854,158.0
649091,237.0
649591,500.0
649779,188.0
650083,304.0
650375,292.0
650663,288.0
650913,250.0
651146,233.0
651306,160.0
651473,167.0
651636,163.0
651808,172.0
651944,136.0
652115,171.0
652257,142.0
652439,182.0
652608,169.0
652706,98.0
652850,144.0
652997,147.0
653144,147.0
653293,149.0
653445,152.0
653624,179.0
653764,140.0
653920,156.0
654061,141.0
654211,150.0
654362,151.0
654505,143.0
654710,205.0
654877,167.0
655071,194.0
655269,198.0
655463,194.0
655608,145.0
655767,159.0
656021,254.0
656169,148.0
656302,133.0
656446,144.0
656597,151.0
656706,109.0
656835,129.0
656955,120.0
657084,129.0
657196,112.0
657374,178.0
657515,141.0
657672,157.0
657825,153.0
657982,157.0
658134,152.0
658145,11.0
658157,12.0
658166,9.0
658177,11.0
658188,11.0
658200,12.0
658356,156.0
658519,163.0
658675,156.0
658836,161.0
658990,154.0
659134,144.0
659282,148.0
659445,163.0
659610,165.0
659779,169.0
659953,174.0
660171,218.0
660420,249.0
660610,190.0
660871,261.0
660883,12.0
660896,13.0
661066,170.0
661080,14.0
661092,12.0
661104,12.0
661113,9.0
661124,11.0
661136,12.0
661149,13.0
661158,9.0
661167,9.0
661178,11.0
661189,11.0
661200,11.0
661213,13.0
661229,16.0
661240,11.0
661253,13.0
661266,13.0
661278,12.0
661290,12.0
661304,14.0
661424,120.0
661548,124.0
661662,114.0
661676,14.0
661795,119.0
661912,117.0
662028,116.0
662143,115.0
662271,128.0
662286,15.0
662410,124.0
662423,13.0
662437,14.0
662566,129.0
662704,138.0
662839,135.0
662967,128.0
663106,139.0
663249,143.0
663383,134.0
663524,141.0
663664,140.0
663811,147.0
663956,145.0
664098,142.0
664260,162.0
664275,15.0
664433,158.0
664604,171.0
664760,156.0
664925,165.0
665103,178.0
665282,179.0
665296,14.0
665487,191.0
665680,193.0
665857,177.0
666046,189.0
666243,197.0
666432,189.0
666631,199.0
666849,218.0
667042,193.0
667214,172.0
667387,173.0
667574,187.0
667748,174.0
667943,195.0
668113,170.0
668306,193.0
668523,217.0
668710,187.0
668921,211.0
669130,209.0
669374,244.0
669616,242.0
669856,240.0
670148,292.0
670499,351.0
670716,217.0
670999,283.0
671429,430.0
671929,500.0
672429,500.0
672929,500.0
673429,500.0
673929,500.0
674429,500.0
674929,500.0
675429,500.0
675752,323.0
676009,257.0
676022,13.0
676033,11.0
676042,9.0
676055,13.0
676065,10.0
676079,14.0
676088,9.0
676101,13.0
676115,14.0
676127,12.0
676138,11.0
676531,393.0
677025,494.0
677525,500.0
677540,15.0
678040,500.0
678540,500.0
679040,500.0
679540,500.0
680040,500.0
680540,500.0
681040,500.0
681540,500.0
682040,500.0
682239,199.0
682253,14.0
682330,77.0
682415,85.0
682499,84.0
682584,85.0
682659,75.0
682746,87.0
682831,85.0
682923,92.0
683075,152.0
683284,209.0
683784,500.0
684068,284.0
684363,295.0
684784,421.0
685284,500.0
685762,478.0
686210,448.0
686530,320.0
686905,375.0
687140,235.0
687272,132.0
687285,13.0
687297,12.0
687307,10.0
687317,10.0
687329,12.0
687340,11.0
687350,10.0
687363,13.0
687374,11.0
687505,131.0
687640,135.0
687653,13.0
687768,115.0
687886,118.0
687898,12.0
688010,112.0
688147,137.0
688306,159.0
688480,174.0
688677,197.0
688915,238.0
689230,315.0
689695,465.0
690195,500.0
690695,500.0
691195,500.0
691310,115.0
691423,113.0
691539,116.0
692039,500.0
692539,500.0
693039,500.0
693539,500.0
694039,500.0
694539,500.0
695039,500.0
695539,500.0
696039,500.0
696479,440.0
696489,10.0
696502,13.0
697002,500.0
697199,197.0
697211,12.0
697330,119.0
697746,416.0
697970,224.0
698263,293.0
698293,30.0
698465,172.0
698476,11.0
698485,9.0
698498,13.0
698759,261.0
698770,11.0
698780,10.0
699130,350.0
699147,17.0
699647,500.0
700126,479.0
700381,255.0
700627,246.0
700864,237.0
701101,237.0
701340,239.0
701601,261.0
701834,233.0
702334,500.0
702617,283.0
702891,274.0
703148,257.0
703388,240.0
703595,207.0
703802,207.0
704049,247.0
704310,261.0
704556,246.0
704761,205.0
704978,217.0
705228,250.0
705481,253.0
705731,250.0
705970,239.0
706133,163.0
706148,15.0
706291,143.0
706437,146.0
706585,148.0
706740,155.0
706888,148.0
707036,148.0
707184,148.0
707329,145.0
707476,147.0
707620,144.0
707761,141.0
707900,139.0
708055,155.0
708206,151.0
708346,140.0
708498,152.0
708512,14.0
708643,131.0
708791,148.0
708945,154.0
709091,146.0
709252,161.0
709428,176.0
709617,189.0
709818,201.0
710030,212.0
710232,202.0
710408,176.0
710571,163.0
710718,147.0
710891,173.0
711055,164.0
711242,187.0
711441,199.0
711637,196.0
711856,219.0
712080,224.0
712251,171.0
712410,159.0
712565,155.0
712726,161.0
712739,13.0
712890,151.0
713046,156.0
713236,190.0
713462,226.0
713698,236.0
713937,239.0
714188,251.0
714446,258.0
714681,235.0
714892,211.0
715093,201.0
715265,172.0
715417,152.0
715605,188.0
715772,167.0
715932,160.0
716114,182.0
716400,286.0
716678,278.0
716964,286.0
717289,325.0
717683,394.0
718060,377.0
718392,332.0
718710,318.0
719031,321.0
719344,313.0
719588,244.0
719845,257.0
720112,267.0
720612,500.0
720731,119.0
720741,10.0
720863,122.0
720875,12.0
720890,15.0
720901,11.0
720912,11.0
720921,9.0
720932,11.0
720942,10.0
720955,13.0
721086,131.0
721223,137.0
721393,170.0
721685,292.0
721851,166.0
721989,138.0
722142,153.0
722152,10.0
722304,152.0
722317,13.0
722447,130.0
722459,12.0
722592,133.0
722603,11.0
722613,10.0
722751,138.0
722763,12.0
722773,10.0
722901,128.0
722913,12.0
723040,127.0
723172,132.0
723317,145.0
723479,162.0
723643,164.0
723812,169.0
723974,162.0
724144,170.0
724357,213.0
724574,217.0
724797,223.0
725027,230.0
725266,239.0
725501,235.0
725732,231.0
725958,226.0
726197,239.0
726423,226.0
726659,236.0
726898,239.0
727127,229.0
727390,263.0
727643,253.0
727913,270.0
728153,240.0
728417,264.0
728695,278.0
728973,278.0
729283,310.0
729592,309.0
729898,306.0
730258,360.0
730706,448.0
731124,418.0
731523,399.0
732011,488.0
732511,500.0
733011,500.0
733511,500.0
733793,282.0
734293,500.0
734793,500.0
735293,500.0
735793,500.0
736293,500.0
736793,500.0
737256,463.0
737370,114.0
737484,114.0
737618,134.0
737733,115.0
737799,66.0
737867,68.0
737943,76.0
737955,12.0
738041,86.0
738124,83.0
738240,116.0
738384,144.0
738525,141.0
738658,133.0
738793,135.0
738929,136.0
739068,139.0
739221,153.0
739366,145.0
739481,115.0
739604,123.0
739732,128.0
739845,113.0
739967,122.0
740129,162.0
740629,500.0
740748,119.0
740849,101.0
740963,114.0
741119,156.0
741619,500.0
742043,424.0
742412,369.0
742598,186.0
742802,204.0
742975,173.0
743104,129.0
743244,140.0
743391,147.0
743528,137.0
743648,120.0
743661,13.0
743673,12.0
743685,12.0
743733,48.0
743744,11.0
743756,12.0
743768,12.0
743781,13.0
743792,11.0
743802,10.0
743922,120.0
743933,11.0
743944,11.0
744077,133.0
744089,12.0
744214,125.0
744329,115.0
744439,110.0
744556,117.0
744680,124.0
744783,103.0
744944,161.0
745098,154.0
745278,180.0
745778,500.0
745813,35.0
745940,127.0
746125,185.0
746266,141.0
746418,152.0
746551,133.0
746717,166.0
746938,221.0
746972,34.0
747120,148.0
747435,315.0
747643,208.0
747653,10.0
747663,10.0
747673,10.0
747683,10.0
747694,11.0
747705,11.0
747714,9.0
747723,9.0
747732,9.0
747746,14.0
747756,10.0
747766,10.0
747780,14.0
747791,11.0
747801,10.0
747811,10.0
747820,9.0
747831,11.0
747840,9.0
747849,9.0
747859,10.0
747869,10.0
747882,13.0
747893,11.0
747905,12.0
748101,196.0
748310,209.0
748501,191.0
748673,172.0
748843,170.0
749018,175.0
749204,186.0
749213,9.0
749383,170.0
749396,13.0
749608,212.0
749858,250.0
750082,224.0
750307,225.0
750542,235.0
750554,12.0
750693,139.0
751193,500.0
751382,189.0
751544,162.0
751699,155.0
751846,147.0
751859,13.0
751993,134.0
752118,125.0
752229,111.0
752238,9.0
752351,113.0
752362,11.0
752474,112.0
752594,120.0
752710,116.0
752828,118.0
752948,120.0
753066,118.0
753196,130.0
753329,133.0
753456,127.0
753467,11.0
753594,127.0
753728,134.0
753852,124.0
753981,129.0
754105,124.0
754239,134.0
754376,137.0
754514,138.0
754653,139.0
754795,142.0
754936,141.0
755093,157.0
755239,146.0
755421,182.0
755623,202.0
755812,189.0
756001,189.0
756202,201.0
756413,211.0
756620,207.0
756818,198.0
757008,190.0
757243,235.0
757476,233.0
757667,191.0
757859,192.0
758054,195.0
758303,249.0
758562,259.0
758819,257.0
759058,239.0
759294,236.0
759541,247.0
759780,239.0
760018,238.0
760280,262.0
760551,271.0
760735,184.0
760957,222.0
761165,208.0
761336,171.0
761517,181.0
761698,181.0
761908,210.0
762100,192.0
762352,252.0
762624,272.0
762947,323.0
763378,431.0
763477,99.0
763977,500.0
764162,185.0
764175,13.0
764225,50.0
764275,50.0
764315,40.0
764362,47.0
764400,38.0
764438,38.0
764475,37.0
764522,47.0
764573,51.0
764620,47.0
764658,38.0
764706,48.0
764752,46.0
764792,40.0
764827,35.0
764864,37.0
764908,44.0
764950,42.0
764990,40.0
765027,37.0
765076,49.0
765137,61.0
765189,52.0
765254,65.0
765315,61.0
765419,104.0
765522,103.0
765621,99.0
765727,106.0
765823,96.0
765925,102.0
766024,99.0
766120,96.0
766219,99.0
766318,99.0
766428,110.0
766532,104.0
766638,106.0
766748,110.0
766846,98.0
766942,96.0
767029,87.0
767132,103.0
767632,500.0
768132,500.0
768340,208.0
768481,141.0
768625,144.0
768784,159.0
768943,159.0
769094,151.0
769594,500.0
769726,132.0
769850,124.0
769966,116.0
770082,116.0
770199,117.0
770335,136.0
770491,156.0
770628,137.0
770792,164.0
771099,307.0
771331,232.0
771802,471.0
771878,76.0
771973,95.0
772246,273.0
772462,216.0
772694,232.0
772909,215.0
773190,281.0
773469,279.0
773639,170.0
773697,58.0
773774,77.0
774274,500.0
774527,253.0
774996,469.0
775082,86.0
775174,92.0
775276,102.0
775288,12.0
775374,86.0
775470,96.0
775575,105.0
775680,105.0
775778,98.0
775878,100.0
775989,111.0
776142,153.0
776642,500.0
776760,118.0
776862,102.0
776968,106.0
777070,102.0
777217,147.0
777717,500.0
778217,500.0
778717,500.0
778973,256.0
779108,135.0
779292,184.0
779792,500.0
779937,145.0
780070,133.0
780176,106.0
780266,90.0
780281,15.0
780357,76.0
780439,82.0
780517,78.0
780607,90.0
780690,83.0
780782,92.0
780866,84.0
780955,89.0
781043,88.0
781126,83.0
781216,90.0
781303,87.0
781393,90.0
781477,84.0
781566,89.0
781649,83.0
781732,83.0
781821,89.0
781921,100.0
782017,96.0
782112,95.0
782195,83.0
782207,12.0
782222,15.0
782234,12.0
782248,14.0
782261,13.0
782275,14.0
782286,11.0
782297,11.0
782306,9.0
782316,10.0
782326,10.0
782336,10.0
782348,12.0
782359,11.0
782369,10.0
782383,14.0
782393,10.0
782407,14.0
782483,76.0
782493,10.0
782507,14.0
782520,13.0
782533,13.0
782545,12.0
782559,14.0
782642,83.0
782660,18.0
782737,77.0
782823,86.0
782904,81.0
782990,86.0
783073,83.0
783156,83.0
783236,80.0
783320,84.0
783398,78.0
783415,17.0
783437,22.0
783517,80.0
783597,80.0
783681,84.0
783694,13.0
783773,79.0
783851,78.0
783931,80.0
784021,90.0
784104,83.0
784186,82.0
784196,10.0
784207,11.0
784220,13.0
784230,10.0
784242,12.0
784255,13.0
784266,11.0
784277,11.0
784289,12.0
784366,77.0
784378,12.0
784390,12.0
784468,78.0
784548,80.0
784629,81.0
784714,85.0
784803,89.0
784893,90.0
784987,94.0
785002,15.0
785095,93.0
785185,90.0
785280,95.0
785383,103.0
785540,157.0
785871,331.0
785883,12.0
786288,405.0
786483,195.0
786621,138.0
786634,13.0
787134,500.0
787373,239.0
787796,423.0
787808,12.0
787818,10.0
787828,10.0
787838,10.0
787850,12.0
787860,10.0
787869,9.0
787879,10.0
787888,9.0
787897,9.0
787905,8.0
787914,9.0
787925,11.0
787934,9.0
787943,9.0
787953,10.0
787963,10.0
787972,9.0
787982,10.0
787992,10.0
788002,10.0
788013,11.0
788022,9.0
788031,9.0
788043,12.0
788052,9.0
788062,10.0
788072,10.0
788081,9.0
788092,11.0
788102,10.0
788112,10.0
788122,10.0
788132,10.0
788142,10.0
788152,10.0
788163,11.0
788173,10.0
788184,11.0
788193,9.0
788203,10.0
788212,9.0
788222,10.0
788232,10.0
788241,9.0
788251,10.0
788259,8.0
788270,11.0
788280,10.0
788290,10.0
788299,9.0
788308,9.0
788317,9.0
788327,10.0
788336,9.0
788345,9.0
788355,10.0
788365,10.0
788378,13.0
788388,10.0
788397,9.0
788407,10.0
788419,12.0
788429,10.0
788441,12.0
788451,10.0
788461,10.0
788471,10.0
788482,11.0
788491,9.0
788502,11.0
788513,11.0
788524,11.0
788535,11.0
788546,11.0
788556,10.0
788566,10.0
788577,11.0
788588,11.0
788827,239.0
789006,179.0
789018,12.0
789029,11.0
789040,11.0
789051,11.0
789063,12.0
789073,10.0
789082,9.0
789093,11.0
789103,10.0
789115,12.0
789126,11.0
789266,140.0
789277,11.0
789448,171.0
789628,180.0
789638,10.0
789812,174.0
789824,12.0
790051,227.0
790061,10.0
790284,223.0
790297,13.0
790501,204.0
790682,181.0
790868,186.0
791057,189.0
791254,197.0
791449,195.0
791644,195.0
791659,15.0
791887,228.0
792084,197.0
792277,193.0
792475,198.0
792664,189.0
792860,196.0
793058,198.0
793291,233.0
793540,249.0
793799,259.0
794045,246.0
794319,274.0
794549,230.0
794793,244.0
795043,250.0
795328,285.0
795675,347.0
795979,304.0
796217,238.0
796456,239.0
796685,229.0
796935,250.0
797271,336.0
797631,360.0
798005,374.0
798505,500.0
798752,247.0
799252,500.0
799513,261.0
800013,500.0
800143,130.0
800643,500.0
800915,272.0
801415,500.0
801915,500.0
802384,469.0
802415,31.0
802828,413.0
802994,166.0
803149,155.0
803299,150.0
803438,139.0
803591,153.0
803737,146.0
803880,143.0
804022,142.0
804140,118.0
804259,119.0
804388,129.0
804505,117.0
804627,122.0
804750,123.0
804872,122.0
805001,129.0
805121,120.0
805259,138.0
805398,139.0
805549,151.0
805757,208.0
805989,232.0
806128,139.0
806265,137.0
806399,134.0
806542,143.0
806671,129.0
806803,132.0
806927,124.0
807059,132.0
807191,132.0
807317,126.0
807451,134.0
807586,135.0
807736,150.0
807885,149.0
808042,157.0
808405,363.0
808751,346.0
809086,335.0
809586,500.0
809646,60.0
809937,291.0
810134,197.0
810345,211.0
810554,209.0
810781,227.0
811071,290.0
811571,500.0
812071,500.0
812212,141.0
812321,109.0
812411,90.0
812424,13.0
812517,93.0
812530,13.0
812622,92.0
812633,11.0
812645,12.0
812658,13.0
812750,92.0
812829,79.0
812909,80.0
812921,12.0
813013,92.0
813108,95.0
813204,96.0
813462,258.0
813741,279.0
813899,158.0
814049,150.0
814205,156.0
814363,158.0
814539,176.0
814693,154.0
814856,163.0
815017,161.0
815179,162.0
815298,119.0
815307,9.0
815319,12.0
815328,9.0
815339,11.0
815348,9.0
815357,9.0
815366,9.0
815376,10.0
815386,10.0
815395,9.0
815404,9.0
815414,10.0
815425,11.0
815433,8.0
815442,9.0
815453,11.0
815462,9.0
815471,9.0
815480,9.0
815490,10.0
815500,10.0
815509,9.0
815518,9.0
815528,10.0
815536,8.0
815546,10.0
815555,9.0
815566,11.0
815575,9.0
815585,10.0
815594,9.0
815604,10.0
815614,10.0
815624,10.0
815633,9.0
815643,10.0
815653,10.0
815663,10.0
815672,9.0
815683,11.0
815693,10.0
815703,10.0
815712,9.0
815722,10.0
815731,9.0
815740,9.0
815750,10.0
815760,10.0
815769,9.0
815777,8.0
815785,8.0
815794,9.0
815806,12.0
815815,9.0
815824,9.0
815833,9.0
815843,10.0
815853,10.0
815862,9.0
815874,12.0
815882,8.0
815891,9.0
815901,10.0
815910,9.0
815918,8.0
815928,10.0
815936,8.0
815945,9.0
815953,8.0
815961,8.0
815970,9.0
815979,9.0
815991,12.0
816000,9.0
816010,10.0
816018,8.0
816026,8.0
816036,10.0
816045,9.0
816055,10.0
816064,9.0
816073,9.0
816082,9.0
816092,10.0
816101,9.0
816111,10.0
816120,9.0
816131,11.0
816141,10.0
816149,8.0
816157,8.0
816168,11.0
816177,9.0
816188,11.0
816197,9.0
816207,10.0
816218,11.0
816227,9.0
816236,9.0
816245,9.0
816255,10.0
816265,10.0
816273,8.0
816283,10.0
816291,8.0
816301,10.0
816310,9.0
816319,9.0
816330,11.0
816338,8.0
816348,10.0
816358,10.0
816366,8.0
816378,12.0
816389,11.0
816399,10.0
816409,10.0
816421,12.0
816431,10.0
816440,9.0
816450,10.0
816459,9.0
816468,9.0
816478,10.0
816487,9.0
816496,9.0
816506,10.0
816515,9.0
816524,9.0
816534,10.0
816543,9.0
816554,11.0
816563,9.0
816572,9.0
816582,10.0
816592,10.0
816603,11.0
816613,10.0
816624,11.0
816633,9.0
816645,12.0
816657,12.0
816668,11.0
816681,13.0
816691,10.0
816703,12.0
816714,11.0
816724,10.0
816735,11.0
816882,147.0
817051,169.0
817179,128.0
817340,161.0
817484,144.0
817495,11.0
817506,11.0
817517,11.0
817527,10.0
817538,11.0
817547,9.0
817558,11.0
817764,206.0
817902,138.0
818110,208.0
818332,222.0
818546,214.0
818781,235.0
819013,232.0
819061,48.0
819072,11.0
819084,12.0
819097,13.0
819320,223.0
819563,243.0
819805,242.0
820057,252.0
820087,30.0
820363,276.0
820610,247.0
820846,236.0
821121,275.0
821405,284.0
821699,294.0
822016,317.0
822333,317.0
822683,350.0
823007,324.0
823421,414.0
823643,222.0
823718,75.0
823810,92.0
823893,83.0
824000,107.0
824087,87.0
824310,223.0
824487,177.0
824664,177.0
824841,177.0
825011,170.0
825210,199.0
825413,203.0
825592,179.0
825816,224.0
826012,196.0
826283,271.0
826596,313.0
826866,270.0
827143,277.0
827467,324.0
827959,492.0
828170,211.0
828355,185.0
828546,191.0
828731,185.0
828903,172.0
829082,179.0
829352,270.0
829590,238.0
829842,252.0
830077,235.0
830228,151.0
830276,48.0
830344,68.0
830421,77.0
830492,71.0
830560,68.0
830619,59.0
830664,45.0
830675,11.0
830685,10.0
830696,11.0
830708,12.0
830720,12.0
830730,10.0
830741,11.0
830750,9.0
830759,9.0
830771,12.0
830781,10.0
830792,11.0
830804,12.0
830814,10.0
830847,33.0
830859,12.0
830898,39.0
830939,41.0
830978,39.0
831037,59.0
831091,54.0
831165,74.0
831237,72.0
831357,120.0
831485,128.0
831629,144.0
831754,125.0
831903,149.0
832028,125.0
832141,113.0
832224,83.0
832304,80.0
832374,70.0
832439,65.0
832511,72.0
832588,77.0
832663,75.0
832732,69.0
832800,68.0
832868,68.0
832936,68.0
833004,68.0
833063,59.0
833126,63.0
833194,68.0
833263,69.0
833332,69.0
833406,74.0
833494,88.0
833573,79.0
833658,85.0
833752,94.0
833844,92.0
833979,135.0
834128,149.0
834191,63.0
834250,59.0
834315,65.0
834376,61.0
834449,73.0
834520,71.0
834585,65.0
834650,65.0
834719,69.0
834779,60.0
834845,66.0
834928,83.0
835004,76.0
835076,72.0
835141,65.0
835217,76.0
835284,67.0
835383,99.0
835482,99.0
835591,109.0
835688,97.0
835797,109.0
835880,83.0
835983,103.0
836062,79.0
836127,65.0
836139,12.0
836200,61.0
836273,73.0
836339,66.0
836407,68.0
836418,11.0
836486,68.0
836556,70.0
836569,13.0
836581,12.0
836645,64.0
836656,11.0
836726,70.0
836796,70.0
836865,69.0
836933,68.0
837005,72.0
837076,71.0
837144,68.0
837216,72.0
837284,68.0
837352,68.0
837414,62.0
837476,62.0
837534,58.0
837593,59.0
837651,58.0
837711,60.0
837722,11.0
837774,52.0
837834,60.0
837896,62.0
837967,71.0
838028,61.0
838091,63.0
838102,11.0
838113,11.0
838168,55.0
838178,10.0
838246,68.0
838312,66.0
838378,66.0
838448,70.0
838520,72.0
838587,67.0
838650,63.0
838716,66.0
838780,64.0
838791,11.0
838802,11.0
838814,12.0
838823,9.0
838886,63.0
838896,10.0
838960,64.0
839024,64.0
839086,62.0
839147,61.0
839204,57.0
839265,61.0
839325,60.0
839391,66.0
839456,65.0
839522,66.0
839589,67.0
839659,70.0
839729,70.0
839797,68.0
839865,68.0
839938,73.0
840015,77.0
840089,74.0
840169,80.0
840240,71.0
840312,72.0
840388,76.0
840459,71.0
840540,81.0
840619,79.0
840693,74.0
840771,78.0
840783,12.0
840862,79.0
840939,77.0
841029,90.0
841115,86.0
841200,85.0
841301,101.0
841801,500.0
842301,500.0
842801,500.0
843301,500.0
843801,500.0
843948,147.0
844131,183.0
844310,179.0
844631,321.0
845131,500.0
845141,10.0
845154,13.0
845164,10.0
845175,11.0
845187,12.0
845197,10.0
845697,500.0
845710,13.0
845723,13.0
845733,10.0
845743,10.0
845979,236.0
846177,198.0
846677,500.0
847177,500.0
847677,500.0
847796,119.0
848296,500.0
848796,500.0
849116,320.0
849316,200.0
849577,261.0
849799,222.0
850021,222.0
850227,206.0
850436,209.0
850628,192.0
850823,195.0
851013,190.0
851208,195.0
851400,192.0
851578,178.0
851588,10.0
851777,189.0
851980,203.0
852298,318.0
852583,285.0
852811,228.0
853033,222.0
853287,254.0
853501,214.0
853723,222.0
853938,215.0
854144,206.0
854338,194.0
854525,187.0
854718,193.0
854917,199.0
855101,184.0
855264,163.0
855278,14.0
855434,156.0
855598,164.0
855760,162.0
855774,14.0
855972,198.0
856122,150.0
856132,10.0
856269,137.0
856397,128.0
856532,135.0
856667,135.0
856801,134.0
856811,10.0
856937,126.0
856949,12.0
857096,147.0
857274,178.0
857478,204.0
857684,206.0
857897,213.0
858130,233.0
858345,215.0
858542,197.0
858740,198.0
858941,201.0
859130,189.0
859309,179.0
859494,185.0
859670,176.0
859865,195.0
860047,182.0
860230,183.0
860426,196.0
860625,199.0
860824,199.0
861016,192.0
861270,254.0
861501,231.0
861794,293.0
862042,248.0
862304,262.0
862499,195.0
862699,200.0
862883,184.0
863383,500.0
863883,500.0
863993,110.0
864085,92.0
864183,98.0
864491,308.0
864692,201.0
864885,193.0
865065,180.0
865244,179.0
865432,188.0
865598,166.0
865817,219.0
865993,176.0
866005,12.0
866187,182.0
866385,198.0
866585,200.0
866801,216.0
867018,217.0
867245,227.0
867466,221.0
867672,206.0
867898,226.0
868100,202.0
868329,229.0
868535,206.0
868548,13.0
868735,187.0
868747,12.0
868943,196.0
868955,12.0
869455,500.0
869955,500.0
870455,500.0
870955,500.0
871455,500.0
871955,500.0
872455,500.0
872955,500.0
873455,500.0
873580,125.0
873714,134.0
873825,111.0
873959,134.0
874085,126.0
874585,500.0
874717,132.0
875217,500.0
875717,500.0
876217,500.0
876247,30.0
876367,120.0
876381,14.0
876538,157.0
877038,500.0
877538,500.0
878038,500.0
878538,500.0
878742,204.0
878977,235.0
879298,321.0
879517,219.0
879722,205.0
879920,198.0
880102,182.0
880255,153.0
880404,149.0
880568,164.0
880725,157.0
880878,153.0
881022,144.0
881189,167.0
881352,163.0
881502,150.0
881646,144.0
881784,138.0
881932,148.0
882100,168.0
882112,12.0
882283,171.0
882296,13.0
882498,202.0
882658,160.0
882669,11.0
882683,14.0
882694,11.0
882704,10.0
882839,135.0
882998,159.0
883154,156.0
883302,148.0
883476,174.0
883628,152.0
883793,165.0
883953,160.0
884126,173.0
884282,156.0
884439,157.0
884595,156.0
884749,154.0
884758,9.0
884962,204.0
885014,52.0
885040,26.0
885207,167.0
885384,177.0
885547,163.0
885558,11.0
885728,170.0
885920,192.0
886097,177.0
886280,183.0
886456,176.0
886643,187.0
886828,185.0
887025,197.0
887213,188.0
887378,165.0
887558,180.0
887728,170.0
887906,178.0
888091,185.0
888267,176.0
888419,152.0
888571,152.0
888738,167.0
888898,160.0
889046,148.0
889215,169.0
889387,172.0
889887,500.0
890227,340.0
890355,128.0
890493,138.0
890505,12.0
890519,14.0
890530,11.0
890666,136.0
890816,150.0
890958,142.0
891104,146.0
891288,184.0
891484,196.0
891686,202.0
891891,205.0
892063,172.0
892563,500.0
893063,500.0
893563,500.0
893739,176.0
893950,211.0
894068,118.0
894168,100.0
894273,105.0
894284,11.0
894297,13.0
894308,11.0
894320,12.0
894332,12.0
894343,11.0
894356,13.0
894368,12.0
894478,110.0
894488,10.0
894609,121.0
894726,117.0
894844,118.0
894962,118.0
895072,110.0
895165,93.0
895258,93.0
895353,95.0
895448,95.0
895463,15.0
895560,97.0
895662,102.0
895759,97.0
895854,95.0
895866,12.0
895881,15.0
895974,93.0
896073,99.0
896180,107.0
896346,166.0
896540,194.0
896718,178.0
897169,451.0
897669,500.0
897969,300.0
898469,500.0
898969,500.0
899301,332.0
899311,10.0
899321,10.0
899329,8.0
899338,9.0
899346,8.0
899356,10.0
899364,8.0
899372,8.0
899382,10.0
899392,10.0
899401,9.0
899411,10.0
899420,9.0
899429,9.0
899438,9.0
899447,9.0
899458,11.0
899469,11.0
899478,9.0
899487,9.0
899498,11.0
899509,11.0
899519,10.0
899529,10.0
899538,9.0
899548,10.0
899559,11.0
899569,10.0
899578,9.0
899589,11.0
899598,9.0
899607,9.0
899617,10.0
899628,11.0
899637,9.0
899646,9.0
899656,10.0
899664,8.0
899674,10.0
899683,9.0
899691,8.0
899701,10.0
899710,9.0
899719,9.0
899731,12.0
899740,9.0
899749,9.0
899759,10.0
899767,8.0
899777,10.0
899788,11.0
899796,8.0
899806,10.0
899816,10.0
899825,9.0
899835,10.0
899845,10.0
899854,9.0
899862,8.0
899871,9.0
899881,10.0
899891,10.0
899899,8.0
899909,10.0
899919,10.0
899929,10.0
899938,9.0
899948,10.0
899957,9.0
899967,10.0
899977,10.0
899987,10.0
899997,10.0
900006,9.0
900017,11.0
900027,10.0
900036,9.0
900045,9.0
900055,10.0
900066,11.0
900076,10.0
900086,10.0
900095,9.0
900104,9.0
900113,9.0
900123,10.0
900132,9.0
900143,11.0
900152,9.0
900164,12.0
900175,11.0
900186,11.0
900202,16.0
900212,10.0
900222,10.0
900232,10.0
900281,49.0
900292,11.0
900394,102.0
900568,174.0
900740,172.0
900956,216.0
901174,218.0
901185,11.0
901195,10.0
901206,11.0
901216,10.0
901227,11.0
901237,10.0
901247,10.0
901257,10.0
901267,10.0
901277,10.0
901287,10.0
901296,9.0
901407,111.0
901907,500.0
902407,500.0
902907,500.0
903407,500.0
903907,500.0
904407,500.0
904907,500.0
905271,364.0
905281,10.0
905291,10.0
905301,10.0
905312,11.0
905415,103.0
905426,11.0
905439,13.0
905449,10.0
905543,94.0
905557,14.0
905655,98.0
905666,11.0
905677,11.0
905688,11.0
905799,111.0
905903,104.0
905915,12.0
906017,102.0
906116,99.0
906130,14.0
906143,13.0
906257,114.0
906444,187.0
906944,500.0
907332,388.0
907482,150.0
907495,13.0
907663,168.0
907828,165.0
908003,175.0
908180,177.0
908348,168.0
908538,190.0
908746,208.0
908971,225.0
909172,201.0
909386,214.0
909605,219.0
909812,207.0
910016,204.0
910047,31.0
910242,195.0
910422,180.0
910625,203.0
910828,203.0
911032,204.0
911292,260.0
911584,292.0
911905,321.0
912257,352.0
912550,293.0
912858,308.0
913169,311.0
913669,500.0
914030,361.0
914346,316.0
914608,262.0
914884,276.0
915236,352.0
915530,294.0
916030,500.0
916530,500.0
917030,500.0
917530,500.0
918030,500.0
918530,500.0
919030,500.0
919530,500.0
920030,500.0
920530,500.0
921030,500.0
921530,500.0
922030,500.0
922062,32.0
922533,471.0
922784,251.0
922982,198.0
922997,15.0
923497,500.0
923997,500.0
924497,500.0
924997,500.0
925497,500.0
925679,182.0
925828,149.0
925979,151.0
926117,138.0
926617,500.0
927117,500.0
927617,500.0
928117,500.0
928617,500.0
929117,500.0
929617,500.0
930117,500.0
930617,500.0
931117,500.0
931359,242.0
931419,60.0
931431,12.0
931931,500.0
932431,500.0
932931,500.0
933128,197.0
933258,130.0
933372,114.0
933482,110.0
933591,109.0
933697,106.0
933801,104.0
933908,107.0
934018,110.0
934128,110.0
934227,99.0
934333,106.0
934452,119.0
934567,115.0
934696,129.0
934823,127.0
934964,141.0
935105,141.0
935236,131.0
935362,126.0
935477,115.0
935593,116.0
935709,116.0
935816,107.0
935924,108.0
936025,101.0
936127,102.0
936139,12.0
936149,10.0
936246,97.0
936341,95.0
936435,94.0
936536,101.0
936640,104.0
936738,98.0
936833,95.0
936930,97.0
936943,13.0
936957,14.0
937051,94.0
937146,95.0
937241,95.0
937254,13.0
937269,15.0
937361,92.0
937378,17.0
937481,103.0
937574,93.0
937669,95.0
937759,90.0
937852,93.0
937862,10.0
937957,95.0
938041,84.0
938132,91.0
938217,85.0
938307,90.0
938390,83.0
938478,88.0
938566,88.0
938653,87.0
938667,14.0
938766,99.0
938861,95.0
938964,103.0
939073,109.0
939198,125.0
939313,115.0
939458,145.0
939615,157.0
939784,169.0
939975,191.0
940192,217.0
940393,201.0
940572,179.0
940753,181.0
940918,165.0
941094,176.0
941284,190.0
941513,229.0
941746,233.0
941964,218.0
942195,231.0
942391,196.0
942574,183.0
942733,159.0
942882,149.0
943036,154.0
943217,181.0
943450,233.0
943703,253.0
943915,212.0
944415,500.0
944668,253.0
944939,271.0
945439,500.0
945939,500.0
946439,500.0
946615,176.0
946676,61.0
946850,174.0
946993,143.0
947140,147.0
947152,12.0
947317,165.0
947501,184.0
947586,85.0
947767,181.0
947780,13.0
947895,115.0
948138,243.0
948152,14.0
948338,186.0
948531,193.0
948716,185.0
948791,75.0
948962,171.0
949151,189.0
949239,88.0
949538,299.0
949771,233.0
949983,212.0
950214,231.0
950518,304.0
950778,260.0
951024,246.0
951524,500.0
952024,500.0
952524,500.0
952748,224.0
952915,167.0
953084,169.0
953247,163.0
953422,175.0
953611,189.0
953781,170.0
953970,189.0
954190,220.0
954371,181.0
954550,179.0
954718,168.0
954888,170.0
955063,175.0
955238,175.0
955451,213.0
955646,195.0
955848,202.0
956030,182.0
956230,200.0
956561,331.0
956786,225.0
956800,14.0
957300,500.0
957800,500.0
958300,500.0
958800,500.0
959300,500.0
959482,182.0
959968,486.0
959995,27.0
960091,96.0
960102,11.0
960112,10.0
960123,11.0
960134,11.0
960145,11.0
960155,10.0
960428,273.0
960438,10.0
960448,10.0
960459,11.0
960470,11.0
960479,9.0
960488,9.0
960498,10.0
960508,10.0
960518,10.0
960532,14.0
960541,9.0
960554,13.0
960565,11.0
960574,9.0
960584,10.0
960598,14.0
960611,13.0
960621,10.0
960706,85.0
960720,14.0
960810,90.0
960871,61.0
960882,11.0
960940,58.0
960992,52.0
961042,50.0
961109,67.0
961172,63.0
961239,67.0
961358,119.0
961464,106.0
961612,148.0
961750,138.0
961932,182.0
962108,176.0
962325,217.0
962642,317.0
963142,500.0
963642,500.0
964142,500.0
964642,500.0
965099,457.0
965599,500.0
966099,500.0
966599,500.0
967099,500.0
967599,500.0
968099,500.0
968599,500.0
969099,500.0
969599,500.0
970099,500.0
970599,500.0
971099,500.0
971599,500.0
971675,76.0
972175,500.0
972675,500.0
973175,500.0
973675,500.0
974175,500.0
974602,427.0
974616,14.0
974842,226.0
975055,213.0
975411,356.0
975651,240.0
975937,286.0
976172,235.0
976385,213.0
976578,193.0
976775,197.0
976969,194.0
977155,186.0
977351,196.0
977667,316.0
977896,229.0
978146,250.0
978360,214.0
978582,222.0
978755,173.0
978913,158.0
979072,159.0
979259,187.0
979586,327.0
980086,500.0
980586,500.0
981086,500.0
981586,500.0
982086,500.0
982586,500.0
983086,500.0
983586,500.0
984086,500.0
984586,500.0
985086,500.0
985586,500.0
985596,10.0
985607,11.0
985617,10.0
985626,9.0
985636,10.0
985645,9.0
985655,10.0
985665,10.0
985674,9.0
985684,10.0
985695,11.0
985706,11.0
986206,500.0
986216,10.0
986230,14.0
986241,11.0
986741,500.0
986753,12.0
986764,11.0
986774,10.0
986784,10.0
986797,13.0
986808,11.0
986818,10.0
986829,11.0
987329,500.0
987341,12.0
987352,11.0
987362,10.0
987862,500.0
987877,15.0
987887,10.0
987899,12.0
987911,12.0
987922,11.0
988380,458.0
988390,10.0
988401,11.0
988412,11.0
988425,13.0
988436,11.0
988448,12.0
988458,10.0
988469,11.0
988626,157.0
988637,11.0
989123,486.0
989623,500.0
990123,500.0
990623,500.0
990805,182.0
990992,187.0
991182,190.0
991357,175.0
991548,191.0
991726,178.0
991878,152.0
992028,150.0
992179,151.0
992338,159.0
992500,162.0
992669,169.0
992862,193.0
993058,196.0
993246,188.0
993439,193.0
993705,266.0
993891,186.0
994100,209.0
994353,253.0
994606,253.0
994884,278.0
995102,218.0
995251,149.0
995263,12.0
995275,12.0
995287,12.0
995297,10.0
995308,11.0
995320,12.0
995333,13.0
995349,16.0
995362,13.0
995512,150.0
995656,144.0
995791,135.0
995924,133.0
996046,122.0
996194,148.0
996385,191.0
996626,241.0
996877,251.0
997127,250.0
997440,313.0
997770,330.0
998006,236.0
998294,288.0
998627,333.0
998946,319.0
999279,333.0
999609,330.0
999907,298.0
