env_step,episode_return
16,16.0
46,30.0
73,27.0
106,33.0
130,24.0
141,11.0
157,16.0
177,20.0
192,15.0
201,9.0
217,16.0
234,17.0
246,12.0
256,10.0
274,18.0
285,11.0
311,26.0
328,17.0
358,30.0
376,18.0
385,9.0
396,11.0
406,10.0
427,21.0
445,18.0
459,14.0
479,20.0
492,13.0
514,22.0
527,13.0
545,18.0
602,57.0
622,20.0
647,25.0
658,11.0
669,11.0
698,29.0
714,16.0
736,22.0
773,37.0
856,83.0
876,20.0
902,26.0
933,31.0
978,45.0
997,19.0
1017,20.0
1028,11.0
1046,18.0
1066,20.0
1099,33.0
1115,16.0
1136,21.0
1150,14.0
1174,24.0
1193,19.0
1222,29.0
1249,27.0
1261,12.0
1278,17.0
1305,27.0
1322,17.0
1355,33.0
1372,17.0
1388,16.0
1431,43.0
1448,17.0
1472,24.0
1482,10.0
1496,14.0
1528,32.0
1550,22.0
1564,14.0
1575,11.0
1585,10.0
1605,20.0
1622,17.0
1635,13.0
1643,8.0
1655,12.0
1667,12.0
1681,14.0
1709,28.0
1726,17.0
1741,15.0
1752,11.0
1772,20.0
1784,12.0
1798,14.0
1816,18.0
1836,20.0
1845,9.0
1855,10.0
1868,13.0
1879,11.0
1891,12.0
1904,13.0
1923,19.0
1935,12.0
1966,31.0
1981,15.0
1992,11.0
2006,14.0
2018,12.0
2032,14.0
2044,12.0
2058,14.0
2073,15.0
2087,14.0
2097,10.0
2111,14.0
2134,23.0
2143,9.0
2158,15.0
2170,12.0
2182,12.0
2196,14.0
2214,18.0
2227,13.0
2238,11.0
2251,13.0
2268,17.0
2283,15.0
2294,11.0
2305,11.0
2315,10.0
2323,8.0
2334,11.0
2357,23.0
2368,11.0
2380,12.0
2391,11.0
2404,13.0
2416,12.0
2430,14.0
2448,18.0
2461,13.0
2475,14.0
2489,14.0
2500,11.0
2524,24.0
2549,25.0
2562,13.0
2577,15.0
2591,14.0
2601,10.0
2616,15.0
2626,10.0
2635,9.0
2667,32.0
2679,12.0
2699,20.0
2715,16.0
2732,17.0
2745,13.0
2755,10.0
2775,20.0
2792,17.0
2807,15.0
2821,14.0
2836,15.0
2849,13.0
2858,9.0
2870,12.0
2881,11.0
2894,13.0
2916,22.0
2936,20.0
2961,25.0
2975,14.0
2989,14.0
3001,12.0
3020,19.0
3029,9.0
3048,19.0
3070,22.0
3082,12.0
3093,11.0
3109,16.0
3133,24.0
3152,19.0
3171,19.0
3186,15.0
3199,13.0
3215,16.0
3226,11.0
3256,30.0
3269,13.0
3288,19.0
3312,24.0
3329,17.0
3353,24.0
3366,13.0
3416,50.0
3429,13.0
3445,16.0
3466,21.0
3489,23.0
3519,30.0
3569,50.0
3595,26.0
3616,21.0
3636,20.0
3650,14.0
3666,16.0
3695,29.0
3713,18.0
3753,40.0
3779,26.0
3802,23.0
3825,23.0
3846,21.0
3861,15.0
3888,27.0
3909,21.0
3928,19.0
3945,17.0
3962,17.0
3978,16.0
3992,14.0
4031,39.0
4044,13.0
4059,15.0
4070,11.0
4091,21.0
4112,21.0
4143,31.0
4160,17.0
4185,25.0
4200,15.0
4227,27.0
4267,40.0
4293,26.0
4310,17.0
4324,14.0
4339,15.0
4352,13.0
4389,37.0
4403,14.0
4423,20.0
4437,14.0
4470,33.0
4494,24.0
4516,22.0
4535,19.0
4559,24.0
4574,15.0
4619,45.0
4643,24.0
4654,11.0
4684,30.0
4702,18.0
4722,20.0
4736,14.0
4757,21.0
4773,16.0
4797,24.0
4819,22.0
4836,17.0
4858,22.0
4895,37.0
4910,15.0
4926,16.0
4939,13.0
4956,17.0
4977,21.0
5006,29.0
5026,20.0
5044,18.0
5065,21.0
5081,16.0
5099,18.0
5134,35.0
5161,27.0
5190,29.0
5219,29.0
5253,34.0
5276,23.0
5308,32.0
5323,15.0
5347,24.0
5369,22.0
5394,25.0
5423,29.0
5462,39.0
5482,20.0
5525,43.0
5557,32.0
5596,39.0
5620,24.0
5682,62.0
5703,21.0
5734,31.0
5769,35.0
5830,61.0
5862,32.0
5952,90.0
5991,39.0
6041,50.0
6062,21.0
6098,36.0
6208,110.0
6264,56.0
6349,85.0
6387,38.0
6429,42.0
6469,40.0
6518,49.0
6573,55.0
6614,41.0
6707,93.0
6769,62.0
6826,57.0
6888,62.0
6968,80.0
7027,59.0
7068,41.0
7088,20.0
7115,27.0
7130,15.0
7162,32.0
7176,14.0
7194,18.0
7206,12.0
7220,14.0
7231,11.0
7241,10.0
7252,11.0
7261,9.0
7271,10.0
7283,12.0
7291,8.0
7300,9.0
7313,13.0
7324,11.0
7333,9.0
7344,11.0
7356,12.0
7365,9.0
7373,8.0
7382,9.0
7393,11.0
7403,10.0
7412,9.0
7422,10.0
7432,10.0
7444,12.0
7455,11.0
7464,9.0
7474,10.0
7486,12.0
7495,9.0
7505,10.0
7515,10.0
7524,9.0
7534,10.0
7544,10.0
7554,10.0
7563,9.0
7572,9.0
7581,9.0
7589,8.0
7599,10.0
7608,9.0
7618,10.0
7628,10.0
7637,9.0
7648,11.0
7659,11.0
7668,9.0
7679,11.0
7688,9.0
7699,11.0
7709,10.0
7718,9.0
7727,9.0
7736,9.0
7746,10.0
7759,13.0
7770,11.0
7783,13.0
7794,11.0
7805,11.0
7818,13.0
7828,10.0
7840,12.0
7851,11.0
7863,12.0
7876,13.0
7887,11.0
7898,11.0
7909,11.0
7922,13.0
7934,12.0
7944,10.0
7957,13.0
7967,10.0
7980,13.0
7991,11.0
8001,10.0
8012,11.0
8023,11.0
8035,12.0
8049,14.0
8061,12.0
8074,13.0
8083,9.0
8095,12.0
8110,15.0
8119,9.0
8128,9.0
8138,10.0
8151,13.0
8161,10.0
8172,11.0
8182,10.0
8193,11.0
8209,16.0
8221,12.0
8231,10.0
8242,11.0
8251,9.0
8261,10.0
8271,10.0
8284,13.0
8295,11.0
8307,12.0
8323,16.0
8334,11.0
8345,11.0
8355,10.0
8365,10.0
8375,10.0
8384,9.0
8393,9.0
8405,12.0
8418,13.0
8427,9.0
8438,11.0
8447,9.0
8458,11.0
8470,12.0
8481,11.0
8491,10.0
8500,9.0
8509,9.0
8520,11.0
8534,14.0
8544,10.0
8555,11.0
8565,10.0
8574,9.0
8583,9.0
8593,10.0
8602,9.0
8610,8.0
8620,10.0
8631,11.0
8640,9.0
8650,10.0
8659,9.0
8670,11.0
8680,10.0
8692,12.0
8702,10.0
8711,9.0
8721,10.0
8730,9.0
8739,9.0
8750,11.0
8760,10.0
8771,11.0
8780,9.0
8792,12.0
8802,10.0
8811,9.0
8820,9.0
8830,10.0
8839,9.0
8850,11.0
8861,11.0
8871,10.0
8883,12.0
8894,11.0
8906,12.0
8916,10.0
8928,12.0
8939,11.0
8948,9.0
8957,9.0
8969,12.0
8979,10.0
8992,13.0
9002,10.0
9013,11.0
9021,8.0
9030,9.0
9044,14.0
9055,11.0
9066,11.0
9077,11.0
9087,10.0
9097,10.0
9106,9.0
9116,10.0
9128,12.0
9138,10.0
9148,10.0
9158,10.0
9166,8.0
9175,9.0
9184,9.0
9195,11.0
9203,8.0
9213,10.0
9222,9.0
9234,12.0
9242,8.0
9252,10.0
9263,11.0
9276,13.0
9286,10.0
9294,8.0
9303,9.0
9312,9.0
9323,11.0
9338,15.0
9350,12.0
9360,10.0
9369,9.0
9383,14.0
9392,9.0
9402,10.0
9412,10.0
9422,10.0
9433,11.0
9443,10.0
9451,8.0
9461,10.0
9469,8.0
9479,10.0
9488,9.0
9499,11.0
9508,9.0
9522,14.0
9534,12.0
9544,10.0
9556,12.0
9566,10.0
9577,11.0
9587,10.0
9595,8.0
9603,8.0
9613,10.0
9623,10.0
9633,10.0
9644,11.0
9654,10.0
9663,9.0
9675,12.0
9686,11.0
9695,9.0
9708,13.0
9718,10.0
9727,9.0
9736,9.0
9746,10.0
9756,10.0
9766,10.0
9777,11.0
9788,11.0
9797,9.0
9809,12.0
9821,12.0
9832,11.0
9842,10.0
9851,9.0
9860,9.0
9872,12.0
9884,12.0
9894,10.0
9904,10.0
9915,11.0
9925,10.0
9935,10.0
9946,11.0
9958,12.0
9969,11.0
9979,10.0
9989,10.0
10002,13.0
10014,12.0
10027,13.0
10039,12.0
10048,9.0
10057,9.0
10068,11.0
10079,11.0
10090,11.0
10104,14.0
10115,11.0
10124,9.0
10134,10.0
10142,8.0
10155,13.0
10166,11.0
10177,11.0
10185,8.0
10195,10.0
10205,10.0
10215,10.0
10225,10.0
10237,12.0
10248,11.0
10259,11.0
10268,9.0
10279,11.0
10294,15.0
10305,11.0
10315,10.0
10327,12.0
10336,9.0
10345,9.0
10354,9.0
10365,11.0
10375,10.0
10385,10.0
10394,9.0
10405,11.0
10416,11.0
10424,8.0
10433,9.0
10445,12.0
10454,9.0
10466,12.0
10477,11.0
10487,10.0
10499,12.0
10509,10.0
10518,9.0
10529,11.0
10540,11.0
10550,10.0
10559,9.0
10569,10.0
10581,12.0
10591,10.0
10602,11.0
10614,12.0
10625,11.0
10635,10.0
10648,13.0
10658,10.0
10669,11.0
10682,13.0
10694,12.0
10706,12.0
10717,11.0
10728,11.0
10738,10.0
10750,12.0
10760,10.0
10770,10.0
10784,14.0
10795,11.0
10807,12.0
10820,13.0
10830,10.0
10843,13.0
10853,10.0
10866,13.0
10877,11.0
10887,10.0
10896,9.0
10907,11.0
10916,9.0
10924,8.0
10934,10.0
10944,10.0
10953,9.0
10963,10.0
10975,12.0
10986,11.0
10996,10.0
11005,9.0
11015,10.0
11024,9.0
11033,9.0
11041,8.0
11050,9.0
11060,10.0
11069,9.0
11081,12.0
11090,9.0
11100,10.0
11109,9.0
11120,11.0
11130,10.0
11141,11.0
11151,10.0
11160,9.0
11170,10.0
11180,10.0
11189,9.0
11198,9.0
11208,10.0
11217,9.0
11228,11.0
11239,11.0
11248,9.0
11258,10.0
11267,9.0
11277,10.0
11287,10.0
11296,9.0
11306,10.0
11316,10.0
11325,9.0
11336,11.0
11345,9.0
11354,9.0
11364,10.0
11373,9.0
11382,9.0
11391,9.0
11401,10.0
11411,10.0
11420,9.0
11431,11.0
11441,10.0
11451,10.0
11461,10.0
11471,10.0
11481,10.0
11490,9.0
11500,10.0
11509,9.0
11518,9.0
11527,9.0
11537,10.0
11545,8.0
11555,10.0
11565,10.0
11575,10.0
11585,10.0
11595,10.0
11605,10.0
11615,10.0
11624,9.0
11633,9.0
11641,8.0
11652,11.0
11661,9.0
11670,9.0
11679,9.0
11689,10.0
11699,10.0
11708,9.0
11717,9.0
11726,9.0
11735,9.0
11744,9.0
11754,10.0
11764,10.0
11774,10.0
11784,10.0
11793,9.0
11803,10.0
11812,9.0
11821,9.0
11830,9.0
11840,10.0
11849,9.0
11859,10.0
11869,10.0
11878,9.0
11888,10.0
11897,9.0
11905,8.0
11915,10.0
11924,9.0
11934,10.0
11943,9.0
11954,11.0
11964,10.0
11973,9.0
11983,10.0
11992,9.0
12001,9.0
12011,10.0
12019,8.0
12030,11.0
12039,9.0
12048,9.0
12058,10.0
12067,9.0
12077,10.0
12086,9.0
12095,9.0
12103,8.0
12112,9.0
12122,10.0
12131,9.0
12140,9.0
12149,9.0
12159,10.0
12168,9.0
12177,9.0
12186,9.0
12196,10.0
12204,8.0
12214,10.0
12224,10.0
12233,9.0
12243,10.0
12252,9.0
12261,9.0
12271,10.0
12281,10.0
12291,10.0
12300,9.0
12309,9.0
12318,9.0
12326,8.0
12336,10.0
12344,8.0
12354,10.0
12364,10.0
12372,8.0
12383,11.0
12392,9.0
12401,9.0
12410,9.0
12419,9.0
12428,9.0
12438,10.0
12447,9.0
12457,10.0
12467,10.0
12477,10.0
12485,8.0
12494,9.0
12504,10.0
12513,9.0
12521,8.0
12529,8.0
12538,9.0
12547,9.0
12556,9.0
12567,11.0
12577,10.0
12586,9.0
12597,11.0
12606,9.0
12615,9.0
12624,9.0
12633,9.0
12643,10.0
12651,8.0
12661,10.0
12671,10.0
12680,9.0
12690,10.0
12699,9.0
12708,9.0
12718,10.0
12728,10.0
12738,10.0
12748,10.0
12758,10.0
12768,10.0
12777,9.0
12786,9.0
12795,9.0
12803,8.0
12812,9.0
12822,10.0
12831,9.0
12841,10.0
12851,10.0
12861,10.0
12871,10.0
12880,9.0
12889,9.0
12898,9.0
12906,8.0
12915,9.0
12924,9.0
12933,9.0
12941,8.0
12951,10.0
12961,10.0
12972,11.0
12983,11.0
12992,9.0
13002,10.0
13012,10.0
13022,10.0
13031,9.0
13042,11.0
13052,10.0
13061,9.0
13070,9.0
13080,10.0
13089,9.0
13100,11.0
13109,9.0
13117,8.0
13126,9.0
13135,9.0
13144,9.0
13153,9.0
13163,10.0
13173,10.0
13183,10.0
13194,11.0
13203,9.0
13213,10.0
13221,8.0
13232,11.0
13241,9.0
13249,8.0
13260,11.0
13268,8.0
13277,9.0
13286,9.0
13296,10.0
13305,9.0
13315,10.0
13324,9.0
13334,10.0
13344,10.0
13353,9.0
13363,10.0
13373,10.0
13384,11.0
13395,11.0
13405,10.0
13415,10.0
13425,10.0
13435,10.0
13445,10.0
13454,9.0
13463,9.0
13474,11.0
13483,9.0
13493,10.0
13503,10.0
13516,13.0
13526,10.0
13538,12.0
13552,14.0
13562,10.0
13572,10.0
13584,12.0
13594,10.0
13606,12.0
13619,13.0
13628,9.0
13638,10.0
13651,13.0
13660,9.0
13671,11.0
13681,10.0
13690,9.0
13701,11.0
13710,9.0
13718,8.0
13731,13.0
13743,12.0
13753,10.0
13765,12.0
13776,11.0
13788,12.0
13799,11.0
13811,12.0
13821,10.0
13835,14.0
13845,10.0
13858,13.0
13868,10.0
13879,11.0
13888,9.0
13899,11.0
13910,11.0
13922,12.0
13932,10.0
13940,8.0
13950,10.0
13961,11.0
13970,9.0
13979,9.0
13989,10.0
13998,9.0
14009,11.0
14019,10.0
14029,10.0
14039,10.0
14048,9.0
14059,11.0
14069,10.0
14077,8.0
14086,9.0
14095,9.0
14105,10.0
14114,9.0
14122,8.0
14134,12.0
14143,9.0
14152,9.0
14162,10.0
14173,11.0
14183,10.0
14192,9.0
14203,11.0
14214,11.0
14223,9.0
14231,8.0
14242,11.0
14252,10.0
14262,10.0
14273,11.0
14282,9.0
14291,9.0
14300,9.0
14310,10.0
14318,8.0
14329,11.0
14339,10.0
14350,11.0
14360,10.0
14369,9.0
14380,11.0
14389,9.0
14399,10.0
14408,9.0
14418,10.0
14429,11.0
14440,11.0
14450,10.0
14460,10.0
14468,8.0
14480,12.0
14490,10.0
14499,9.0
14510,11.0
14520,10.0
14532,12.0
14541,9.0
14551,10.0
14562,11.0
14572,10.0
14582,10.0
14592,10.0
14601,9.0
14611,10.0
14621,10.0
14632,11.0
14641,9.0
14651,10.0
14660,9.0
14668,8.0
14678,10.0
14686,8.0
14694,8.0
14703,9.0
14712,9.0
14720,8.0
14729,9.0
14739,10.0
14749,10.0
14760,11.0
14768,8.0
14778,10.0
14787,9.0
14796,9.0
14806,10.0
14816,10.0
14826,10.0
14835,9.0
14843,8.0
14853,10.0
14864,11.0
14874,10.0
14883,9.0
14893,10.0
14902,9.0
14912,10.0
14922,10.0
14931,9.0
14941,10.0
14950,9.0
14959,9.0
14968,9.0
14977,9.0
14988,11.0
14998,10.0
15008,10.0
15018,10.0
15028,10.0
15037,9.0
15047,10.0
15057,10.0
15066,9.0
15075,9.0
15084,9.0
15092,8.0
15101,9.0
15110,9.0
15120,10.0
15130,10.0
15139,9.0
15148,9.0
15158,10.0
15167,9.0
15175,8.0
15186,11.0
15196,10.0
15206,10.0
15216,10.0
15225,9.0
15233,8.0
15243,10.0
15253,10.0
15261,8.0
15269,8.0
15279,10.0
15289,10.0
15298,9.0
15307,9.0
15317,10.0
15325,8.0
15334,9.0
15344,10.0
15354,10.0
15364,10.0
15374,10.0
15382,8.0
15392,10.0
15401,9.0
15409,8.0
15419,10.0
15429,10.0
15438,9.0
15448,10.0
15457,9.0
15467,10.0
15478,11.0
15488,10.0
15497,9.0
15507,10.0
15516,9.0
15526,10.0
15536,10.0
15546,10.0
15556,10.0
15566,10.0
15576,10.0
15586,10.0
15595,9.0
15605,10.0
15615,10.0
15626,11.0
15635,9.0
15644,9.0
15654,10.0
15665,11.0
15674,9.0
15684,10.0
15693,9.0
15702,9.0
15712,10.0
15722,10.0
15731,9.0
15740,9.0
15750,10.0
15758,8.0
15767,9.0
15776,9.0
15786,10.0
15795,9.0
15804,9.0
15814,10.0
15825,11.0
15834,9.0
15843,9.0
15851,8.0
15861,10.0
15870,9.0
15880,10.0
15889,9.0
15899,10.0
15910,11.0
15919,9.0
15928,9.0
15936,8.0
15946,10.0
15956,10.0
15965,9.0
15973,8.0
15983,10.0
15993,10.0
16003,10.0
16013,10.0
16023,10.0
16034,11.0
16044,10.0
16054,10.0
16062,8.0
16071,9.0
16081,10.0
16091,10.0
16099,8.0
16109,10.0
16118,9.0
16128,10.0
16137,9.0
16145,8.0
16154,9.0
16163,9.0
16172,9.0
16182,10.0
16191,9.0
16199,8.0
16208,9.0
16218,10.0
16228,10.0
16238,10.0
16248,10.0
16257,9.0
16265,8.0
16277,12.0
16287,10.0
16296,9.0
16305,9.0
16316,11.0
16327,11.0
16336,9.0
16344,8.0
16353,9.0
16361,8.0
16373,12.0
16383,10.0
16394,11.0
16404,10.0
16414,10.0
16424,10.0
16432,8.0
16442,10.0
16451,9.0
16461,10.0
16472,11.0
16481,9.0
16491,10.0
16500,9.0
16510,10.0
16521,11.0
16531,10.0
16542,11.0
16551,9.0
16564,13.0
16576,12.0
16586,10.0
16597,11.0
16606,9.0
16617,11.0
16626,9.0
16638,12.0
16648,10.0
16658,10.0
16668,10.0
16681,13.0
16691,10.0
16701,10.0
16714,13.0
16727,13.0
16740,13.0
16752,12.0
16765,13.0
16778,13.0
16787,9.0
16798,11.0
16808,10.0
16819,11.0
16831,12.0
16841,10.0
16851,10.0
16866,15.0
16880,14.0
16891,11.0
16904,13.0
16916,12.0
16926,10.0
16936,10.0
16947,11.0
16960,13.0
16972,12.0
16985,13.0
16997,12.0
17008,11.0
17017,9.0
17032,15.0
17044,12.0
17058,14.0
17070,12.0
17085,15.0
17096,11.0
17108,12.0
17120,12.0
17134,14.0
17148,14.0
17161,13.0
17175,14.0
17185,10.0
17200,15.0
17212,12.0
17225,13.0
17240,15.0
17252,12.0
17267,15.0
17281,14.0
17290,9.0
17301,11.0
17314,13.0
17325,11.0
17335,10.0
17346,11.0
17356,10.0
17369,13.0
17384,15.0
17394,10.0
17407,13.0
17421,14.0
17434,13.0
17447,13.0
17457,10.0
17471,14.0
17483,12.0
17495,12.0
17508,13.0
17521,13.0
17535,14.0
17549,14.0
17561,12.0
17576,15.0
17591,15.0
17604,13.0
17615,11.0
17627,12.0
17642,15.0
17652,10.0
17664,12.0
17679,15.0
17691,12.0
17702,11.0
17717,15.0
17729,12.0
17741,12.0
17754,13.0
17768,14.0
17778,10.0
17790,12.0
17802,12.0
17813,11.0
17826,13.0
17838,12.0
17851,13.0
17864,13.0
17874,10.0
17887,13.0
17900,13.0
17911,11.0
17924,13.0
17935,11.0
17946,11.0
17956,10.0
17972,16.0
17983,11.0
17998,15.0
18012,14.0
18026,14.0
18036,10.0
18049,13.0
18062,13.0
18072,10.0
18086,14.0
18099,13.0
18109,10.0
18121,12.0
18136,15.0
18147,11.0
18163,16.0
18176,13.0
18189,13.0
18202,13.0
18211,9.0
18223,12.0
18233,10.0
18244,11.0
18259,15.0
18271,12.0
18281,10.0
18297,16.0
18307,10.0
18323,16.0
18334,11.0
18346,12.0
18360,14.0
18376,16.0
18387,11.0
18401,14.0
18414,13.0
18424,10.0
18435,11.0
18446,11.0
18456,10.0
18470,14.0
18482,12.0
18494,12.0
18507,13.0
18519,12.0
18533,14.0
18544,11.0
18556,12.0
18567,11.0
18578,11.0
18587,9.0
18599,12.0
18610,11.0
18622,12.0
18633,11.0
18642,9.0
18654,12.0
18665,11.0
18676,11.0
18687,11.0
18699,12.0
18709,10.0
18722,13.0
18731,9.0
18743,12.0
18753,10.0
18764,11.0
18773,9.0
18783,10.0
18796,13.0
18806,10.0
18815,9.0
18826,11.0
18837,11.0
18850,13.0
18860,10.0
18871,11.0
18880,9.0
18891,11.0
18902,11.0
18914,12.0
18926,12.0
18936,10.0
18946,10.0
18956,10.0
18970,14.0
18984,14.0
19000,16.0
19010,10.0
19022,12.0
19033,11.0
19044,11.0
19055,11.0
19070,15.0
19083,13.0
19093,10.0
19107,14.0
19120,13.0
19134,14.0
19147,13.0
19159,12.0
19175,16.0
19189,14.0
19200,11.0
19213,13.0
19227,14.0
19241,14.0
19253,12.0
19265,12.0
19278,13.0
19293,15.0
19310,17.0
19323,13.0
19342,19.0
19355,13.0
19370,15.0
19385,15.0
19398,13.0
19410,12.0
19427,17.0
19439,12.0
19453,14.0
19465,12.0
19482,17.0
19494,12.0
19507,13.0
19523,16.0
19537,14.0
19553,16.0
19564,11.0
19578,14.0
19593,15.0
19608,15.0
19623,15.0
19634,11.0
19649,15.0
19662,13.0
19678,16.0
19689,11.0
19702,13.0
19712,10.0
19726,14.0
19741,15.0
19756,15.0
19769,13.0
19783,14.0
19800,17.0
19813,13.0
19826,13.0
19839,13.0
19851,12.0
19866,15.0
19883,17.0
19897,14.0
19911,14.0
19923,12.0
19938,15.0
19951,13.0
19968,17.0
19982,14.0
19997,15.0
20010,13.0
20025,15.0
20042,17.0
20059,17.0
20076,17.0
20096,20.0
20111,15.0
20130,19.0
20146,16.0
20164,18.0
20181,17.0
20195,14.0
20208,13.0
20226,18.0
20239,13.0
20255,16.0
20268,13.0
20286,18.0
20306,20.0
20319,13.0
20333,14.0
20351,18.0
20365,14.0
20380,15.0
20393,13.0
20408,15.0
20424,16.0
20440,16.0
20456,16.0
20471,15.0
20485,14.0
20502,17.0
20522,20.0
20536,14.0
20551,15.0
20568,17.0
20583,15.0
20602,19.0
20619,17.0
20638,19.0
20652,14.0
20670,18.0
20692,22.0
20712,20.0
20728,16.0
20751,23.0
20770,19.0
20795,25.0
20819,24.0
20842,23.0
20865,23.0
20891,26.0
20915,24.0
20931,16.0
20961,30.0
20982,21.0
21021,39.0
21054,33.0
21084,30.0
21121,37.0
21149,28.0
21189,40.0
21232,43.0
21265,33.0
21298,33.0
21324,26.0
21350,26.0
21379,29.0
21405,26.0
21444,39.0
21473,29.0
21523,50.0
21557,34.0
21580,23.0
21606,26.0
21636,30.0
21672,36.0
21714,42.0
21761,47.0
21785,24.0
21816,31.0
21846,30.0
21885,39.0
21915,30.0
21937,22.0
21972,35.0
22017,45.0
22084,67.0
22142,58.0
22176,34.0
22230,54.0
22287,57.0
22354,67.0
22390,36.0
22432,42.0
22475,43.0
22526,51.0
22584,58.0
22641,57.0
22706,65.0
22759,53.0
22887,128.0
22955,68.0
23121,166.0
23159,38.0
23219,60.0
23240,21.0
23337,97.0
23387,50.0
23414,27.0
23438,24.0
23456,18.0
23488,32.0
23510,22.0
23523,13.0
23538,15.0
23552,14.0
23564,12.0
23575,11.0
23585,10.0
23595,10.0
23607,12.0
23617,10.0
23628,11.0
23639,11.0
23650,11.0
23658,8.0
23671,13.0
23682,11.0
23696,14.0
23706,10.0
23720,14.0
23733,13.0
23746,13.0
23756,10.0
23771,15.0
23781,10.0
23793,12.0
23808,15.0
23822,14.0
23832,10.0
23846,14.0
23863,17.0
23878,15.0
23893,15.0
23911,18.0
23925,14.0
23941,16.0
23961,20.0
23977,16.0
23995,18.0
24015,20.0
24039,24.0
24055,16.0
24076,21.0
24096,20.0
24112,16.0
24133,21.0
24153,20.0
24180,27.0
24209,29.0
24236,27.0
24283,47.0
24302,19.0
24332,30.0
24359,27.0
24390,31.0
24428,38.0
24495,67.0
24526,31.0
24569,43.0
24607,38.0
24633,26.0
24664,31.0
24724,60.0
24759,35.0
24786,27.0
24920,134.0
24995,75.0
25049,54.0
25108,59.0
25165,57.0
25209,44.0
25290,81.0
25344,54.0
25396,52.0
25478,82.0
25512,34.0
25554,42.0
25604,50.0
25665,61.0
25717,52.0
25755,38.0
25826,71.0
25875,49.0
25970,95.0
26012,42.0
26059,47.0
26124,65.0
26161,37.0
26236,75.0
26294,58.0
26368,74.0
26403,35.0
26488,85.0
26595,107.0
26625,30.0
26666,41.0
26690,24.0
26722,32.0
26811,89.0
26850,39.0
26882,32.0
26914,32.0
26944,30.0
26974,30.0
27005,31.0
27043,38.0
27081,38.0
27118,37.0
27141,23.0
27169,28.0
27194,25.0
27213,19.0
27242,29.0
27270,28.0
27294,24.0
27332,38.0
27350,18.0
27373,23.0
27399,26.0
27431,32.0
27454,23.0
27476,22.0
27506,30.0
27526,20.0
27549,23.0
27570,21.0
27592,22.0
27623,31.0
27642,19.0
27665,23.0
27689,24.0
27714,25.0
27737,23.0
27755,18.0
27776,21.0
27799,23.0
27821,22.0
27849,28.0
27872,23.0
27896,24.0
27919,23.0
27936,17.0
27960,24.0
27987,27.0
28011,24.0
28037,26.0
28076,39.0
28108,32.0
28137,29.0
28161,24.0
28211,50.0
28233,22.0
28263,30.0
28299,36.0
28333,34.0
28359,26.0
28398,39.0
28510,112.0
28571,61.0
28636,65.0
28699,63.0
28746,47.0
28788,42.0
28870,82.0
28935,65.0
29012,77.0
29093,81.0
29261,168.0
29325,64.0
29381,56.0
29466,85.0
29527,61.0
29579,52.0
29625,46.0
29712,87.0
29763,51.0
29828,65.0
29885,57.0
29943,58.0
29997,54.0
30049,52.0
30108,59.0
30141,33.0
30230,89.0
30259,29.0
30293,34.0
30334,41.0
30374,40.0
30411,37.0
30446,35.0
30487,41.0
30521,34.0
30546,25.0
30571,25.0
30602,31.0
30624,22.0
30645,21.0
30668,23.0
30689,21.0
30734,45.0
30767,33.0
30789,22.0
30815,26.0
30843,28.0
30864,21.0
30889,25.0
30912,23.0
30940,28.0
30961,21.0
30988,27.0
31030,42.0
31052,22.0
31073,21.0
31100,27.0
31129,29.0
31153,24.0
31174,21.0
31201,27.0
31244,43.0
31283,39.0
31320,37.0
31356,36.0
31382,26.0
31444,62.0
31475,31.0
31503,28.0
31526,23.0
31578,52.0
31627,49.0
31664,37.0
31691,27.0
31734,43.0
31804,70.0
31840,36.0
31883,43.0
31959,76.0
32018,59.0
32068,50.0
32117,49.0
32153,36.0
32222,69.0
32285,63.0
32345,60.0
32409,64.0
32467,58.0
32534,67.0
32599,65.0
32660,61.0
32719,59.0
32761,42.0
32847,86.0
32906,59.0
32980,74.0
33098,118.0
33144,46.0
33223,79.0
33279,56.0
33329,50.0
33375,46.0
33477,102.0
33537,60.0
33582,45.0
33698,116.0
33758,60.0
33825,67.0
33938,113.0
34026,88.0
34077,51.0
34157,80.0
34255,98.0
34321,66.0
34366,45.0
34407,41.0
34468,61.0
34576,108.0
34632,56.0
34717,85.0
34804,87.0
34857,53.0
34906,49.0
34989,83.0
35037,48.0
35100,63.0
35181,81.0
35260,79.0
35324,64.0
35384,60.0
35438,54.0
35500,62.0
35553,53.0
35638,85.0
35731,93.0
35822,91.0
35947,125.0
36028,81.0
36143,115.0
36197,54.0
36258,61.0
36328,70.0
36414,86.0
36532,118.0
36593,61.0
36644,51.0
36685,41.0
36738,53.0
36826,88.0
36907,81.0
37000,93.0
37044,44.0
37198,154.0
37269,71.0
37316,47.0
37367,51.0
37418,51.0
37493,75.0
37556,63.0
37645,89.0
37722,77.0
37776,54.0
37821,45.0
37860,39.0
37909,49.0
37956,47.0
37994,38.0
38032,38.0
38078,46.0
38111,33.0
38143,32.0
38208,65.0
38244,36.0
38288,44.0
38334,46.0
38374,40.0
38402,28.0
38445,43.0
38485,40.0
38508,23.0
38546,38.0
38579,33.0
38607,28.0
38643,36.0
38673,30.0
38694,21.0
38716,22.0
38732,16.0
38756,24.0
38773,17.0
38796,23.0
38820,24.0
38837,17.0
38855,18.0
38872,17.0
38886,14.0
38900,14.0
38920,20.0
38937,17.0
38951,14.0
38965,14.0
38986,21.0
39003,17.0
39020,17.0
39035,15.0
39056,21.0
39069,13.0
39088,19.0
39101,13.0
39115,14.0
39134,19.0
39149,15.0
39167,18.0
39185,18.0
39211,26.0
39230,19.0
39245,15.0
39265,20.0
39291,26.0
39306,15.0
39329,23.0
39348,19.0
39365,17.0
39390,25.0
39413,23.0
39437,24.0
39464,27.0
39490,26.0
39506,16.0
39536,30.0
39555,19.0
39590,35.0
39624,34.0
39647,23.0
39681,34.0
39714,33.0
39743,29.0
39773,30.0
39799,26.0
39827,28.0
39858,31.0
39894,36.0
39932,38.0
39969,37.0
39997,28.0
40032,35.0
40076,44.0
40122,46.0
40163,41.0
40204,41.0
40257,53.0
40287,30.0
40325,38.0
40363,38.0
40396,33.0
40435,39.0
40480,45.0
40520,40.0
40554,34.0
40611,57.0
40656,45.0
40703,47.0
40750,47.0
40794,44.0
40833,39.0
40893,60.0
40959,66.0
40997,38.0
41055,58.0
41087,32.0
41131,44.0
41174,43.0
41234,60.0
41321,87.0
41366,45.0
41436,70.0
41490,54.0
41561,71.0
41665,104.0
41707,42.0
41772,65.0
41859,87.0
41988,129.0
42061,73.0
42116,55.0
42217,101.0
42279,62.0
42363,84.0
42448,85.0
42543,95.0
42624,81.0
42702,78.0
42750,48.0
42811,61.0
42911,100.0
42957,46.0
43037,80.0
43101,64.0
43323,222.0
43379,56.0
43440,61.0
43493,53.0
43575,82.0
43688,113.0
43762,74.0
43843,81.0
43898,55.0
43960,62.0
44018,58.0
44069,51.0
44138,69.0
44225,87.0
44290,65.0
44381,91.0
44424,43.0
44477,53.0
44528,51.0
44609,81.0
44647,38.0
44687,40.0
44754,67.0
44810,56.0
44846,36.0
44891,45.0
44924,33.0
44982,58.0
45008,26.0
45065,57.0
45096,31.0
45127,31.0
45162,35.0
45190,28.0
45221,31.0
45244,23.0
45273,29.0
45306,33.0
45331,25.0
45363,32.0
45378,15.0
45400,22.0
45422,22.0
45444,22.0
45470,26.0
45489,19.0
45506,17.0
45529,23.0
45556,27.0
45576,20.0
45595,19.0
45614,19.0
45637,23.0
45657,20.0
45676,19.0
45698,22.0
45720,22.0
45735,15.0
45753,18.0
45782,29.0
45813,31.0
45840,27.0
45861,21.0
45890,29.0
45911,21.0
45934,23.0
45951,17.0
45970,19.0
45998,28.0
46018,20.0
46034,16.0
46060,26.0
46093,33.0
46114,21.0
46139,25.0
46159,20.0
46188,29.0
46213,25.0
46236,23.0
46267,31.0
46291,24.0
46314,23.0
46339,25.0
46371,32.0
46402,31.0
46430,28.0
46455,25.0
46478,23.0
46500,22.0
46520,20.0
46548,28.0
46570,22.0
46595,25.0
46621,26.0
46646,25.0
46675,29.0
46703,28.0
46732,29.0
46759,27.0
46782,23.0
46809,27.0
46839,30.0
46876,37.0
46908,32.0
46934,26.0
46969,35.0
46995,26.0
47033,38.0
47069,36.0
47099,30.0
47122,23.0
47156,34.0
47190,34.0
47220,30.0
47249,29.0
47294,45.0
47322,28.0
47357,35.0
47423,66.0
47458,35.0
47506,48.0
47550,44.0
47604,54.0
47636,32.0
47671,35.0
47742,71.0
47779,37.0
47837,58.0
47908,71.0
47952,44.0
47987,35.0
48037,50.0
48091,54.0
48136,45.0
48184,48.0
48226,42.0
48288,62.0
48353,65.0
48386,33.0
48436,50.0
48501,65.0
48543,42.0
48595,52.0
48655,60.0
48701,46.0
48745,44.0
48812,67.0
48856,44.0
48891,35.0
48926,35.0
48953,27.0
48982,29.0
49019,37.0
49054,35.0
49089,35.0
49126,37.0
49164,38.0
49191,27.0
49238,47.0
49267,29.0
49312,45.0
49363,51.0
49402,39.0
49441,39.0
49490,49.0
49523,33.0
49568,45.0
49625,57.0
49693,68.0
49737,44.0
49782,45.0
49848,66.0
49879,31.0
49915,36.0
49969,54.0
50008,39.0
50055,47.0
50098,43.0
50149,51.0
50200,51.0
50240,40.0
50306,66.0
50341,35.0
50441,100.0
50558,117.0
50603,45.0
50651,48.0
50693,42.0
50759,66.0
50854,95.0
50953,99.0
51086,133.0
51130,44.0
51188,58.0
51242,54.0
51315,73.0
51384,69.0
51451,67.0
51575,124.0
51614,39.0
51682,68.0
51772,90.0
51890,118.0
51955,65.0
52020,65.0
52092,72.0
52173,81.0
52229,56.0
52299,70.0
52381,82.0
52447,66.0
52495,48.0
52555,60.0
52620,65.0
52700,80.0
52804,104.0
52865,61.0
52924,59.0
53041,117.0
53107,66.0
53219,112.0
53279,60.0
53330,51.0
53391,61.0
53447,56.0
53502,55.0
53570,68.0
53670,100.0
53733,63.0
53888,155.0
53940,52.0
54074,134.0
54156,82.0
54243,87.0
54299,56.0
54369,70.0
54423,54.0
54477,54.0
54587,110.0
54634,47.0
54670,36.0
54753,83.0
54809,56.0
54887,78.0
54941,54.0
54992,51.0
55039,47.0
55096,57.0
55161,65.0
55209,48.0
55272,63.0
55318,46.0
55390,72.0
55463,73.0
55529,66.0
55604,75.0
55682,78.0
55725,43.0
55765,40.0
55851,86.0
55892,41.0
55926,34.0
55965,39.0
55997,32.0
56062,65.0
56098,36.0
56145,47.0
56184,39.0
56227,43.0
56282,55.0
56330,48.0
56369,39.0
56395,26.0
56433,38.0
56469,36.0
56517,48.0
56588,71.0
56629,41.0
56669,40.0
56698,29.0
56731,33.0
56760,29.0
56821,61.0
56860,39.0
56907,47.0
56960,53.0
57067,107.0
57113,46.0
57149,36.0
57191,42.0
57237,46.0
57271,34.0
57333,62.0
57371,38.0
57448,77.0
57532,84.0
57575,43.0
57629,54.0
57671,42.0
57709,38.0
57814,105.0
57855,41.0
57909,54.0
57957,48.0
57995,38.0
58088,93.0
58146,58.0
58203,57.0
58271,68.0
58393,122.0
58436,43.0
58489,53.0
58547,58.0
58633,86.0
58680,47.0
58726,46.0
58783,57.0
58836,53.0
58901,65.0
58974,73.0
59023,49.0
59169,146.0
59241,72.0
59291,50.0
59370,79.0
59442,72.0
59484,42.0
59546,62.0
59614,68.0
59659,45.0
59724,65.0
59789,65.0
59853,64.0
59897,44.0
60030,133.0
60093,63.0
60163,70.0
60214,51.0
60287,73.0
60340,53.0
60409,69.0
60452,43.0
60540,88.0
60591,51.0
60634,43.0
60697,63.0
60759,62.0
60802,43.0
60935,133.0
60992,57.0
61076,84.0
61217,141.0
61281,64.0
61380,99.0
61426,46.0
61476,50.0
61518,42.0
61561,43.0
61615,54.0
61655,40.0
61755,100.0
61791,36.0
61841,50.0
61892,51.0
61954,62.0
61997,43.0
62033,36.0
62065,32.0
62102,37.0
62141,39.0
62194,53.0
62231,37.0
62270,39.0
62312,42.0
62372,60.0
62422,50.0
62455,33.0
62491,36.0
62537,46.0
62595,58.0
62628,33.0
62684,56.0
62749,65.0
62809,60.0
62859,50.0
62901,42.0
62968,67.0
63015,47.0
63067,52.0
63110,43.0
63139,29.0
63173,34.0
63211,38.0
63240,29.0
63283,43.0
63315,32.0
63353,38.0
63390,37.0
63429,39.0
63472,43.0
63531,59.0
63570,39.0
63607,37.0
63706,99.0
63763,57.0
63793,30.0
63824,31.0
63881,57.0
63912,31.0
63956,44.0
63994,38.0
64039,45.0
64067,28.0
64101,34.0
64139,38.0
64178,39.0
64210,32.0
64243,33.0
64294,51.0
64341,47.0
64383,42.0
64425,42.0
64455,30.0
64484,29.0
64528,44.0
64558,30.0
64593,35.0
64658,65.0
64702,44.0
64736,34.0
64795,59.0
64821,26.0
64874,53.0
64913,39.0
64955,42.0
64991,36.0
65019,28.0
65060,41.0
65090,30.0
65120,30.0
65154,34.0
65181,27.0
65214,33.0
65240,26.0
65278,38.0
65312,34.0
65346,34.0
65372,26.0
65410,38.0
65456,46.0
65486,30.0
65516,30.0
65564,48.0
65607,43.0
65651,44.0
65674,23.0
65719,45.0
65749,30.0
65794,45.0
65831,37.0
65860,29.0
65900,40.0
65931,31.0
65971,40.0
66011,40.0
66051,40.0
66099,48.0
66137,38.0
66170,33.0
66223,53.0
66261,38.0
66298,37.0
66345,47.0
66381,36.0
66412,31.0
66449,37.0
66479,30.0
66514,35.0
66570,56.0
66607,37.0
66636,29.0
66670,34.0
66705,35.0
66741,36.0
66781,40.0
66816,35.0
66853,37.0
66891,38.0
66920,29.0
66959,39.0
66988,29.0
67029,41.0
67067,38.0
67115,48.0
67151,36.0
67187,36.0
67234,47.0
67263,29.0
67295,32.0
67337,42.0
67389,52.0
67432,43.0
67458,26.0
67482,24.0
67514,32.0
67554,40.0
67583,29.0
67610,27.0
67650,40.0
67698,48.0
67724,26.0
67754,30.0
67795,41.0
67842,47.0
67905,63.0
67970,65.0
68017,47.0
68052,35.0
68087,35.0
68121,34.0
68153,32.0
68197,44.0
68263,66.0
68333,70.0
68379,46.0
68427,48.0
68484,57.0
68513,29.0
68551,38.0
68590,39.0
68647,57.0
68707,60.0
68747,40.0
68783,36.0
68832,49.0
68893,61.0
68932,39.0
68981,49.0
69029,48.0
69069,40.0
69118,49.0
69240,122.0
69292,52.0
69356,64.0
69466,110.0
69509,43.0
69553,44.0
69631,78.0
69681,50.0
69721,40.0
69871,150.0
69953,82.0
69989,36.0
70042,53.0
70083,41.0
70120,37.0
70183,63.0
70234,51.0
70270,36.0
70320,50.0
70355,35.0
70388,33.0
70461,73.0
70506,45.0
70592,86.0
70693,101.0
70733,40.0
70829,96.0
70868,39.0
70977,109.0
71056,79.0
71106,50.0
71148,42.0
71216,68.0
71246,30.0
71297,51.0
71337,40.0
71374,37.0
71450,76.0
71509,59.0
71588,79.0
71650,62.0
71709,59.0
71769,60.0
71819,50.0
71868,49.0
71937,69.0
71993,56.0
72032,39.0
72069,37.0
72121,52.0
72193,72.0
72234,41.0
72286,52.0
72366,80.0
72421,55.0
72544,123.0
72598,54.0
72652,54.0
72697,45.0
72747,50.0
72780,33.0
72842,62.0
72887,45.0
72931,44.0
72995,64.0
73045,50.0
73093,48.0
73137,44.0
73250,113.0
73289,39.0
73336,47.0
73383,47.0
73439,56.0
73495,56.0
73567,72.0
73658,91.0
73761,103.0
73799,38.0
73854,55.0
73907,53.0
73987,80.0
74036,49.0
74086,50.0
74142,56.0
74238,96.0
74280,42.0
74349,69.0
74394,45.0
74455,61.0
74570,115.0
74723,153.0
74785,62.0
74855,70.0
74936,81.0
75017,81.0
75089,72.0
75149,60.0
75232,83.0
75288,56.0
75401,113.0
75453,52.0
75522,69.0
75601,79.0
75664,63.0
75736,72.0
75806,70.0
75868,62.0
75926,58.0
76013,87.0
76068,55.0
76114,46.0
76182,68.0
76256,74.0
76318,62.0
76384,66.0
76517,133.0
76570,53.0
76641,71.0
76722,81.0
76803,81.0
76889,86.0
76968,79.0
77057,89.0
77122,65.0
77225,103.0
77279,54.0
77352,73.0
77442,90.0
77510,68.0
77586,76.0
77642,56.0
77701,59.0
77776,75.0
77826,50.0
77875,49.0
77930,55.0
77983,53.0
78036,53.0
78087,51.0
78172,85.0
78226,54.0
78279,53.0
78329,50.0
78380,51.0
78427,47.0
78506,79.0
78559,53.0
78621,62.0
78708,87.0
78779,71.0
78827,48.0
78875,48.0
78925,50.0
79001,76.0
79069,68.0
79130,61.0
79177,47.0
79235,58.0
79286,51.0
79331,45.0
79410,79.0
79494,84.0
79542,48.0
79595,53.0
79659,64.0
79715,56.0
79762,47.0
79812,50.0
79863,51.0
79922,59.0
79996,74.0
80057,61.0
80171,114.0
80250,79.0
80298,48.0
80406,108.0
80479,73.0
80546,67.0
80625,79.0
80690,65.0
80773,83.0
80856,83.0
80942,86.0
81051,109.0
81119,68.0
81236,117.0
81322,86.0
81408,86.0
81470,62.0
81550,80.0
81608,58.0
81778,170.0
81857,79.0
81941,84.0
82084,143.0
82193,109.0
82270,77.0
82359,89.0
82422,63.0
82550,128.0
82666,116.0
82734,68.0
82865,131.0
82915,50.0
83030,115.0
83087,57.0
83133,46.0
83210,77.0
83279,69.0
83401,122.0
83446,45.0
83487,41.0
83522,35.0
83586,64.0
83627,41.0
83672,45.0
83718,46.0
83769,51.0
83818,49.0
83844,26.0
83914,70.0
83954,40.0
84022,68.0
84076,54.0
84110,34.0
84149,39.0
84213,64.0
84249,36.0
84300,51.0
84351,51.0
84427,76.0
84487,60.0
84541,54.0
84598,57.0
84648,50.0
84706,58.0
84840,134.0
84884,44.0
84948,64.0
85001,53.0
85049,48.0
85098,49.0
85187,89.0
85279,92.0
85367,88.0
85420,53.0
85572,152.0
85655,83.0
85714,59.0
85798,84.0
85849,51.0
85904,55.0
85953,49.0
86026,73.0
86091,65.0
86195,104.0
86233,38.0
86352,119.0
86390,38.0
86437,47.0
86508,71.0
86561,53.0
86698,137.0
86761,63.0
86805,44.0
86854,49.0
86922,68.0
86994,72.0
87056,62.0
87097,41.0
87144,47.0
87207,63.0
87248,41.0
87290,42.0
87346,56.0
87385,39.0
87433,48.0
87493,60.0
87544,51.0
87616,72.0
87654,38.0
87702,48.0
87744,42.0
87785,41.0
87835,50.0
87895,60.0
87987,92.0
88034,47.0
88071,37.0
88117,46.0
88196,79.0
88269,73.0
88315,46.0
88373,58.0
88409,36.0
88446,37.0
88492,46.0
88527,35.0
88568,41.0
88600,32.0
88626,26.0
88666,40.0
88703,37.0
88737,34.0
88764,27.0
88796,32.0
88828,32.0
88858,30.0
88889,31.0
88929,40.0
88950,21.0
88982,32.0
89008,26.0
89040,32.0
89064,24.0
89082,18.0
89112,30.0
89139,27.0
89167,28.0
89193,26.0
89215,22.0
89235,20.0
89266,31.0
89283,17.0
89308,25.0
89334,26.0
89360,26.0
89385,25.0
89405,20.0
89426,21.0
89445,19.0
89471,26.0
89496,25.0
89524,28.0
89549,25.0
89578,29.0
89605,27.0
89624,19.0
89650,26.0
89674,24.0
89694,20.0
89723,29.0
89753,30.0
89779,26.0
89807,28.0
89833,26.0
89861,28.0
89893,32.0
89925,32.0
89966,41.0
89995,29.0
90030,35.0
90061,31.0
90104,43.0
90142,38.0
90173,31.0
90214,41.0
90249,35.0
90288,39.0
90335,47.0
90371,36.0
90419,48.0
90457,38.0
90495,38.0
90531,36.0
90574,43.0
90614,40.0
90669,55.0
90719,50.0
90765,46.0
90803,38.0
90859,56.0
90924,65.0
90970,46.0
91014,44.0
91067,53.0
91149,82.0
91208,59.0
91284,76.0
91350,66.0
91402,52.0
91458,56.0
91526,68.0
91612,86.0
91669,57.0
91809,140.0
91952,143.0
92107,155.0
92290,183.0
92389,99.0
92558,169.0
92692,134.0
92864,172.0
93012,148.0
93090,78.0
93216,126.0
93320,104.0
93433,113.0
93507,74.0
93664,157.0
93723,59.0
93785,62.0
93895,110.0
93963,68.0
94055,92.0
94113,58.0
94176,63.0
94229,53.0
94330,101.0
94386,56.0
94471,85.0
94519,48.0
94565,46.0
94618,53.0
94670,52.0
94711,41.0
94774,63.0
94839,65.0
94892,53.0
95007,115.0
95060,53.0
95124,64.0
95175,51.0
95218,43.0
95365,147.0
95423,58.0
95459,36.0
95526,67.0
95573,47.0
95646,73.0
95700,54.0
95751,51.0
95800,49.0
95857,57.0
95908,51.0
95975,67.0
96019,44.0
96064,45.0
96136,72.0
96190,54.0
96242,52.0
96293,51.0
96414,121.0
96475,61.0
96615,140.0
96694,79.0
96840,146.0
96898,58.0
96943,45.0
96989,46.0
97121,132.0
97164,43.0
97217,53.0
97306,89.0
97362,56.0
97488,126.0
97534,46.0
97587,53.0
97648,61.0
97752,104.0
97803,51.0
97873,70.0
97952,79.0
98019,67.0
98099,80.0
98173,74.0
98240,67.0
98302,62.0
98390,88.0
98453,63.0
98498,45.0
98572,74.0
98639,67.0
98721,82.0
98780,59.0
98839,59.0
98891,52.0
98940,49.0
99001,61.0
99092,91.0
99165,73.0
99240,75.0
99345,105.0
99402,57.0
99448,46.0
99511,63.0
99576,65.0
99626,50.0
99685,59.0
99739,54.0
99938,199.0
99991,53.0
100043,52.0
100106,63.0
100207,101.0
100251,44.0
100334,83.0
100392,58.0
100459,67.0
100550,91.0
100670,120.0
100710,40.0
100774,64.0
100833,59.0
100895,62.0
100944,49.0
101016,72.0
101070,54.0
101115,45.0
101166,51.0
101235,69.0
101279,44.0
101336,57.0
101407,71.0
101500,93.0
101574,74.0
101616,42.0
101662,46.0
101713,51.0
101757,44.0
101821,64.0
101877,56.0
101983,106.0
102037,54.0
102101,64.0
102171,70.0
102220,49.0
102265,45.0
102310,45.0
102369,59.0
102416,47.0
102484,68.0
102539,55.0
102580,41.0
102623,43.0
102698,75.0
102773,75.0
102818,45.0
102880,62.0
102925,45.0
102970,45.0
103015,45.0
103069,54.0
103139,70.0
103188,49.0
103236,48.0
103295,59.0
103405,110.0
103467,62.0
103529,62.0
103603,74.0
103658,55.0
103714,56.0
103776,62.0
103827,51.0
103878,51.0
103937,59.0
103991,54.0
104055,64.0
104127,72.0
104206,79.0
104316,110.0
104415,99.0
104488,73.0
104555,67.0
104614,59.0
104754,140.0
104825,71.0
104897,72.0
105001,104.0
105085,84.0
105146,61.0
105228,82.0
105301,73.0
105374,73.0
105450,76.0
105561,111.0
105649,88.0
105745,96.0
105834,89.0
106016,182.0
106108,92.0
106230,122.0
106352,122.0
106437,85.0
106527,90.0
106615,88.0
106709,94.0
106828,119.0
106948,120.0
107067,119.0
107187,120.0
107301,114.0
107414,113.0
107506,92.0
107615,109.0
107757,142.0
107846,89.0
107962,116.0
108087,125.0
108243,156.0
108338,95.0
108447,109.0
108610,163.0
108685,75.0
108766,81.0
108863,97.0
109062,199.0
109174,112.0
109339,165.0
109467,128.0
109967,500.0
110177,210.0
110254,77.0
110341,87.0
110503,162.0
110662,159.0
110827,165.0
111026,199.0
111103,77.0
111257,154.0
111433,176.0
111658,225.0
111770,112.0
111885,115.0
112136,251.0
112203,67.0
112357,154.0
112554,197.0
112711,157.0
112865,154.0
113091,226.0
113160,69.0
113271,111.0
113374,103.0
113487,113.0
113598,111.0
113670,72.0
113835,165.0
113978,143.0
114150,172.0
114323,173.0
114479,156.0
114560,81.0
114692,132.0
114795,103.0
114930,135.0
115088,158.0
115235,147.0
115374,139.0
115449,75.0
115571,122.0
115700,129.0
115839,139.0
115944,105.0
116075,131.0
116178,103.0
116324,146.0
116455,131.0
116578,123.0
116671,93.0
116792,121.0
116875,83.0
116976,101.0
117097,121.0
117162,65.0
117233,71.0
117316,83.0
117403,87.0
117502,99.0
117584,82.0
117668,84.0
117783,115.0
117857,74.0
117961,104.0
118104,143.0
118198,94.0
118322,124.0
118431,109.0
118539,108.0
118661,122.0
118727,66.0
118880,153.0
119026,146.0
119143,117.0
119223,80.0
119316,93.0
119423,107.0
119552,129.0
119631,79.0
119773,142.0
119884,111.0
120141,257.0
120289,148.0
120368,79.0
120463,95.0
120602,139.0
120728,126.0
120960,232.0
121163,203.0
121291,128.0
121370,79.0
121526,156.0
121703,177.0
121799,96.0
121976,177.0
122143,167.0
122338,195.0
122533,195.0
122600,67.0
122830,230.0
123037,207.0
123226,189.0
123337,111.0
123414,77.0
123725,311.0
123900,175.0
124051,151.0
124128,77.0
124207,79.0
124411,204.0
124497,86.0
124591,94.0
124754,163.0
124833,79.0
124942,109.0
125016,74.0
125100,84.0
125189,89.0
125299,110.0
125397,98.0
125496,99.0
125571,75.0
125677,106.0
125744,67.0
125836,92.0
125900,64.0
125989,89.0
126060,71.0
126133,73.0
126232,99.0
126319,87.0
126386,67.0
126467,81.0
126538,71.0
126658,120.0
126722,64.0
126805,83.0
126881,76.0
126954,73.0
127012,58.0
127068,56.0
127122,54.0
127201,79.0
127299,98.0
127358,59.0
127413,55.0
127472,59.0
127523,51.0
127588,65.0
127667,79.0
127746,79.0
127824,78.0
127884,60.0
127972,88.0
128018,46.0
128075,57.0
128174,99.0
128230,56.0
128296,66.0
128376,80.0
128434,58.0
128498,64.0
128576,78.0
128633,57.0
128685,52.0
128763,78.0
128835,72.0
128916,81.0
128964,48.0
129033,69.0
129113,80.0
129189,76.0
129241,52.0
129310,69.0
129388,78.0
129435,47.0
129491,56.0
129554,63.0
129596,42.0
129639,43.0
129681,42.0
129733,52.0
129807,74.0
129875,68.0
129922,47.0
129981,59.0
130051,70.0
130100,49.0
130153,53.0
130213,60.0
130279,66.0
130338,59.0
130384,46.0
130437,53.0
130495,58.0
130563,68.0
130634,71.0
130693,59.0
130732,39.0
130797,65.0
130863,66.0
130908,45.0
130966,58.0
131036,70.0
131096,60.0
131145,49.0
131213,68.0
131259,46.0
131310,51.0
131366,56.0
131434,68.0
131510,76.0
131569,59.0
131616,47.0
131692,76.0
131752,60.0
131826,74.0
131892,66.0
131953,61.0
132037,84.0
132107,70.0
132194,87.0
132275,81.0
132366,91.0
132428,62.0
132503,75.0
132562,59.0
132645,83.0
132719,74.0
132796,77.0
132860,64.0
132914,54.0
133014,100.0
133068,54.0
133152,84.0
133239,87.0
133324,85.0
133405,81.0
133465,60.0
133557,92.0
133625,68.0
133691,66.0
133770,79.0
133830,60.0
133888,58.0
133958,70.0
134028,70.0
134090,62.0
134170,80.0
134239,69.0
134300,61.0
134368,68.0
134425,57.0
134501,76.0
134582,81.0
134635,53.0
134692,57.0
134770,78.0
134832,62.0
134912,80.0
134975,63.0
135043,68.0
135119,76.0
135181,62.0
135277,96.0
135336,59.0
135413,77.0
135486,73.0
135586,100.0
135639,53.0
135728,89.0
135816,88.0
135906,90.0
135981,75.0
136054,73.0
136164,110.0
136237,73.0
136321,84.0
136396,75.0
136495,99.0
136609,114.0
136897,288.0
137005,108.0
137122,117.0
137224,102.0
137325,101.0
137440,115.0
137549,109.0
137720,171.0
138004,284.0
138339,335.0
138519,180.0
138964,445.0
139173,209.0
139421,248.0
139561,140.0
139790,229.0
139882,92.0
140036,154.0
140219,183.0
140322,103.0
140442,120.0
140628,186.0
140833,205.0
141129,296.0
141227,98.0
141487,260.0
141720,233.0
141832,112.0
142259,427.0
142512,253.0
142748,236.0
142995,247.0
143177,182.0
143296,119.0
143419,123.0
143600,181.0
143791,191.0
144007,216.0
144123,116.0
144232,109.0
144485,253.0
144751,266.0
144894,143.0
145119,225.0
145247,128.0
145504,257.0
145699,195.0
146009,310.0
146202,193.0
146372,170.0
146601,229.0
146911,310.0
147098,187.0
147190,92.0
147407,217.0
147609,202.0
147715,106.0
147928,213.0
148063,135.0
148154,91.0
148336,182.0
148497,161.0
148721,224.0
148842,121.0
148969,127.0
149061,92.0
149386,325.0
149551,165.0
149791,240.0
149967,176.0
150259,292.0
150445,186.0
150531,86.0
150693,162.0
150951,258.0
151053,102.0
151165,112.0
151403,238.0
151491,88.0
151605,114.0
151691,86.0
151765,74.0
151917,152.0
152014,97.0
152100,86.0
152202,102.0
152480,278.0
152596,116.0
152662,66.0
152768,106.0
152892,124.0
152968,76.0
153060,92.0
153171,111.0
153272,101.0
153387,115.0
153486,99.0
153615,129.0
153733,118.0
153828,95.0
153909,81.0
154087,178.0
154150,63.0
154209,59.0
154260,51.0
154320,60.0
154409,89.0
154465,56.0
154543,78.0
154654,111.0
154751,97.0
154837,86.0
154904,67.0
154992,88.0
155089,97.0
155156,67.0
155213,57.0
155260,47.0
155325,65.0
155440,115.0
155511,71.0
155600,89.0
155666,66.0
155749,83.0
155810,61.0
155911,101.0
156011,100.0
156085,74.0
156172,87.0
156244,72.0
156304,60.0
156386,82.0
156478,92.0
156564,86.0
156627,63.0
156717,90.0
156785,68.0
156877,92.0
156940,63.0
156999,59.0
157057,58.0
157145,88.0
157233,88.0
157317,84.0
157374,57.0
157450,76.0
157556,106.0
157616,60.0
157676,60.0
157733,57.0
157845,112.0
157937,92.0
158006,69.0
158063,57.0
158147,84.0
158225,78.0
158301,76.0
158361,60.0
158462,101.0
158521,59.0
158605,84.0
158681,76.0
158741,60.0
158806,65.0
158881,75.0
158946,65.0
159006,60.0
159080,74.0
159159,79.0
159230,71.0
159314,84.0
159368,54.0
159432,64.0
159500,68.0
159567,67.0
159623,56.0
159688,65.0
159745,57.0
159799,54.0
159881,82.0
159947,66.0
160031,84.0
160105,74.0
160173,68.0
160234,61.0
160296,62.0
160375,79.0
160455,80.0
160527,72.0
160614,87.0
160708,94.0
160790,82.0
160876,86.0
160945,69.0
161007,62.0
161105,98.0
161180,75.0
161248,68.0
161306,58.0
161364,58.0
161441,77.0
161519,78.0
161579,60.0
161644,65.0
161714,70.0
161769,55.0
161834,65.0
161894,60.0
161967,73.0
162034,67.0
162096,62.0
162179,83.0
162234,55.0
162307,73.0
162359,52.0
162412,53.0
162479,67.0
162540,61.0
162603,63.0
162670,67.0
162731,61.0
162808,77.0
162865,57.0
162935,70.0
162989,54.0
163043,54.0
163090,47.0
163161,71.0
163230,69.0
163301,71.0
163354,53.0
163402,48.0
163461,59.0
163520,59.0
163577,57.0
163650,73.0
163718,68.0
163789,71.0
163842,53.0
163909,67.0
163978,69.0
164051,73.0
164115,64.0
164174,59.0
164241,67.0
164294,53.0
164365,71.0
164426,61.0
164500,74.0
164574,74.0
164643,69.0
164703,60.0
164778,75.0
164843,65.0
164923,80.0
165007,84.0
165093,86.0
165166,73.0
165235,69.0
165306,71.0
165389,83.0
165466,77.0
165527,61.0
165603,76.0
165669,66.0
165759,90.0
165826,67.0
165908,82.0
165984,76.0
166056,72.0
166132,76.0
166206,74.0
166281,75.0
166347,66.0
166422,75.0
166503,81.0
166569,66.0
166649,80.0
166732,83.0
166814,82.0
166889,75.0
166964,75.0
167041,77.0
167105,64.0
167185,80.0
167265,80.0
167324,59.0
167390,66.0
167446,56.0
167515,69.0
167583,68.0
167660,77.0
167734,74.0
167790,56.0
167852,62.0
167923,71.0
167993,70.0
168059,66.0
168114,55.0
168178,64.0
168227,49.0
168292,65.0
168345,53.0
168400,55.0
168455,55.0
168525,70.0
168588,63.0
168652,64.0
168696,44.0
168757,61.0
168819,62.0
168879,60.0
168950,71.0
169025,75.0
169103,78.0
169175,72.0
169237,62.0
169297,60.0
169358,61.0
169426,68.0
169494,68.0
169576,82.0
169643,67.0
169707,64.0
169792,85.0
169874,82.0
169953,79.0
170023,70.0
170087,64.0
170192,105.0
170276,84.0
170345,69.0
170430,85.0
170520,90.0
170603,83.0
170680,77.0
170769,89.0
170849,80.0
170939,90.0
171051,112.0
171139,88.0
171234,95.0
171325,91.0
171414,89.0
171524,110.0
171626,102.0
171734,108.0
171826,92.0
171941,115.0
172039,98.0
172147,108.0
172254,107.0
172367,113.0
172510,143.0
172652,142.0
172793,141.0
172914,121.0
173043,129.0
173178,135.0
173323,145.0
173497,174.0
173640,143.0
173829,189.0
173978,149.0
174144,166.0
174309,165.0
174477,168.0
174671,194.0
174826,155.0
175021,195.0
175193,172.0
175371,178.0
175547,176.0
175780,233.0
175976,196.0
176156,180.0
176337,181.0
176559,222.0
176762,203.0
176929,167.0
177128,199.0
177351,223.0
177561,210.0
177768,207.0
177943,175.0
178200,257.0
178436,236.0
178666,230.0
178892,226.0
179121,229.0
179423,302.0
179662,239.0
179910,248.0
180136,226.0
180350,214.0
180599,249.0
180849,250.0
181130,281.0
181443,313.0
181719,276.0
181986,267.0
182294,308.0
182629,335.0
182937,308.0
183251,314.0
183515,264.0
183792,277.0
184162,370.0
184536,374.0
184897,361.0
185194,297.0
185652,458.0
186047,395.0
186525,478.0
186912,387.0
187216,304.0
187615,399.0
188036,421.0
188487,451.0
188863,376.0
189363,500.0
189829,466.0
190237,408.0
190616,379.0
191019,403.0
191383,364.0
191804,421.0
192140,336.0
192499,359.0
192982,483.0
193429,447.0
193757,328.0
194111,354.0
194474,363.0
194898,424.0
195284,386.0
195622,338.0
196034,412.0
196414,380.0
196800,386.0
197202,402.0
197578,376.0
197995,417.0
198302,307.0
198686,384.0
199131,445.0
199459,328.0
199808,349.0
200122,314.0
200404,282.0
200703,299.0
201035,332.0
201290,255.0
201539,249.0
201809,270.0
202092,283.0
202346,254.0
202644,298.0
202896,252.0
203156,260.0
203390,234.0
203605,215.0
203830,225.0
204056,226.0
204339,283.0
204639,300.0
204904,265.0
205201,297.0
205461,260.0
205716,255.0
206025,309.0
206299,274.0
206644,345.0
206971,327.0
207331,360.0
207703,372.0
208053,350.0
208424,371.0
208852,428.0
209352,500.0
209852,500.0
210352,500.0
210852,500.0
211352,500.0
211852,500.0
212352,500.0
212852,500.0
213240,388.0
213690,450.0
214118,428.0
214463,345.0
214901,438.0
215290,389.0
215686,396.0
216008,322.0
216392,384.0
216685,293.0
216966,281.0
217321,355.0
217602,281.0
217956,354.0
218252,296.0
218548,296.0
218833,285.0
219083,250.0
219312,229.0
219526,214.0
219791,265.0
220050,259.0
220263,213.0
220486,223.0
220733,247.0
220961,228.0
221169,208.0
221388,219.0
221603,215.0
221853,250.0
222044,191.0
222305,261.0
222527,222.0
222807,280.0
223033,226.0
223294,261.0
223592,298.0
223880,288.0
224148,268.0
224410,262.0
224750,340.0
225075,325.0
225432,357.0
225768,336.0
226126,358.0
226466,340.0
226820,354.0
227125,305.0
227524,399.0
227909,385.0
228222,313.0
228542,320.0
228878,336.0
229321,443.0
229633,312.0
230133,500.0
230583,450.0
231083,500.0
231530,447.0
232030,500.0
232530,500.0
233030,500.0
233530,500.0
234030,500.0
234530,500.0
235030,500.0
235530,500.0
236030,500.0
236530,500.0
237030,500.0
237530,500.0
238030,500.0
238530,500.0
239030,500.0
239530,500.0
240030,500.0
240530,500.0
241030,500.0
241530,500.0
242030,500.0
242530,500.0
243030,500.0
243530,500.0
244030,500.0
244530,500.0
245030,500.0
245530,500.0
246030,500.0
246530,500.0
247030,500.0
247530,500.0
248030,500.0
248530,500.0
249030,500.0
249530,500.0
250030,500.0
250530,500.0
251030,500.0
251530,500.0
252030,500.0
252530,500.0
253030,500.0
253530,500.0
254030,500.0
254530,500.0
255030,500.0
255530,500.0
256030,500.0
256530,500.0
257030,500.0
257530,500.0
258030,500.0
258530,500.0
259030,500.0
259530,500.0
260030,500.0
260530,500.0
261030,500.0
261530,500.0
262030,500.0
262530,500.0
263030,500.0
263530,500.0
264030,500.0
264530,500.0
265030,500.0
265530,500.0
266030,500.0
266530,500.0
267030,500.0
267530,500.0
268030,500.0
268530,500.0
269030,500.0
269530,500.0
270030,500.0
270530,500.0
271030,500.0
271530,500.0
272030,500.0
272530,500.0
273030,500.0
273530,500.0
274030,500.0
274530,500.0
275030,500.0
275530,500.0
276030,500.0
276530,500.0
277030,500.0
277530,500.0
278030,500.0
278530,500.0
279030,500.0
279530,500.0
280030,500.0
280530,500.0
281030,500.0
281530,500.0
282030,500.0
282530,500.0
283030,500.0
283530,500.0
284030,500.0
284530,500.0
285030,500.0
285530,500.0
286030,500.0
286530,500.0
287030,500.0
287530,500.0
288030,500.0
288530,500.0
289030,500.0
289530,500.0
290030,500.0
290530,500.0
291030,500.0
291530,500.0
292030,500.0
292530,500.0
293030,500.0
293530,500.0
294030,500.0
294530,500.0
295030,500.0
295530,500.0
296030,500.0
296530,500.0
297030,500.0
297530,500.0
298030,500.0
298530,500.0
299030,500.0
299530,500.0
300030,500.0
300530,500.0
301030,500.0
301530,500.0
302030,500.0
302530,500.0
303030,500.0
303530,500.0
304030,500.0
304530,500.0
305030,500.0
305530,500.0
306030,500.0
306530,500.0
307030,500.0
307530,500.0
308030,500.0
308530,500.0
309030,500.0
309530,500.0
310030,500.0
310530,500.0
311030,500.0
311530,500.0
312030,500.0
312530,500.0
313030,500.0
313530,500.0
314030,500.0
314530,500.0
315030,500.0
315530,500.0
316030,500.0
316530,500.0
317030,500.0
317530,500.0
318030,500.0
318530,500.0
319030,500.0
319530,500.0
320030,500.0
320530,500.0
321030,500.0
321530,500.0
322030,500.0
322530,500.0
323030,500.0
323530,500.0
324030,500.0
324530,500.0
325030,500.0
325530,500.0
326030,500.0
326530,500.0
327030,500.0
327530,500.0
328030,500.0
328530,500.0
329030,500.0
329530,500.0
330030,500.0
330530,500.0
331030,500.0
331530,500.0
332030,500.0
332530,500.0
333030,500.0
333530,500.0
334030,500.0
334530,500.0
335030,500.0
335530,500.0
336030,500.0
336530,500.0
337030,500.0
337530,500.0
338030,500.0
338530,500.0
339030,500.0
339530,500.0
340030,500.0
340530,500.0
341030,500.0
341530,500.0
342030,500.0
342530,500.0
343030,500.0
343530,500.0
344030,500.0
344530,500.0
345030,500.0
345530,500.0
346030,500.0
346530,500.0
347030,500.0
347530,500.0
348030,500.0
348530,500.0
349030,500.0
349530,500.0
350030,500.0
350530,500.0
351030,500.0
351530,500.0
352030,500.0
352530,500.0
353030,500.0
353530,500.0
354024,494.0
354524,500.0
355024,500.0
355524,500.0
356000,476.0
356500,500.0
356948,448.0
357421,473.0
357884,463.0
358342,458.0
358754,412.0
359136,382.0
359546,410.0
359934,388.0
360306,372.0
360708,402.0
361034,326.0
361395,361.0
361765,370.0
362116,351.0
362492,376.0
362855,363.0
363249,394.0
363652,403.0
364078,426.0
364552,474.0
364966,414.0
365465,499.0
365925,460.0
366425,500.0
366925,500.0
367425,500.0
367925,500.0
368425,500.0
368925,500.0
369425,500.0
369925,500.0
370425,500.0
370925,500.0
371425,500.0
371925,500.0
372425,500.0
372925,500.0
373425,500.0
373925,500.0
374425,500.0
374925,500.0
375425,500.0
375925,500.0
376425,500.0
376925,500.0
377425,500.0
377925,500.0
378425,500.0
378925,500.0
379425,500.0
379925,500.0
380425,500.0
380925,500.0
381425,500.0
381851,426.0
382351,500.0
382851,500.0
383351,500.0
383851,500.0
384351,500.0
384851,500.0
385351,500.0
385851,500.0
386351,500.0
386851,500.0
387351,500.0
387851,500.0
388351,500.0
388851,500.0
389351,500.0
389851,500.0
390351,500.0
390851,500.0
391351,500.0
391851,500.0
392351,500.0
392851,500.0
393351,500.0
393851,500.0
394351,500.0
394851,500.0
395351,500.0
395851,500.0
396351,500.0
396851,500.0
397351,500.0
397851,500.0
398351,500.0
398851,500.0
399351,500.0
399851,500.0
400351,500.0
400851,500.0
401351,500.0
401851,500.0
402351,500.0
402851,500.0
403351,500.0
403851,500.0
404351,500.0
404851,500.0
405351,500.0
405851,500.0
406351,500.0
406851,500.0
407351,500.0
407851,500.0
408351,500.0
408851,500.0
409351,500.0
409851,500.0
410351,500.0
410851,500.0
411351,500.0
411851,500.0
412351,500.0
412851,500.0
413351,500.0
413851,500.0
414351,500.0
414851,500.0
415351,500.0
415851,500.0
416351,500.0
416851,500.0
417351,500.0
417851,500.0
418351,500.0
418851,500.0
419351,500.0
419851,500.0
420351,500.0
420851,500.0
421351,500.0
421851,500.0
422351,500.0
422851,500.0
423351,500.0
423851,500.0
424351,500.0
424851,500.0
425351,500.0
425851,500.0
426351,500.0
426851,500.0
427351,500.0
427851,500.0
428351,500.0
428851,500.0
429351,500.0
429851,500.0
430351,500.0
430851,500.0
431351,500.0
431851,500.0
432351,500.0
432851,500.0
433351,500.0
433851,500.0
434351,500.0
434851,500.0
435351,500.0
435851,500.0
436351,500.0
436851,500.0
437351,500.0
437851,500.0
438351,500.0
438851,500.0
439351,500.0
439851,500.0
440351,500.0
440851,500.0
441351,500.0
441851,500.0
442351,500.0
442851,500.0
443351,500.0
443851,500.0
444351,500.0
444851,500.0
445351,500.0
445851,500.0
446351,500.0
446851,500.0
447351,500.0
447851,500.0
448351,500.0
448851,500.0
449351,500.0
449851,500.0
450351,500.0
450851,500.0
451351,500.0
451851,500.0
452351,500.0
452851,500.0
453351,500.0
453851,500.0
454351,500.0
454851,500.0
455351,500.0
455851,500.0
456351,500.0
456851,500.0
457351,500.0
457851,500.0
458351,500.0
458851,500.0
459351,500.0
459851,500.0
460351,500.0
460851,500.0
461351,500.0
461851,500.0
462351,500.0
462851,500.0
463351,500.0
463851,500.0
464351,500.0
464851,500.0
465351,500.0
465851,500.0
466351,500.0
466851,500.0
467351,500.0
467851,500.0
468351,500.0
468851,500.0
469351,500.0
469851,500.0
470351,500.0
470851,500.0
471351,500.0
471851,500.0
472351,500.0
472851,500.0
473351,500.0
473851,500.0
474351,500.0
474851,500.0
475351,500.0
475851,500.0
476351,500.0
476851,500.0
477351,500.0
477851,500.0
478351,500.0
478851,500.0
479351,500.0
479851,500.0
480351,500.0
480851,500.0
481351,500.0
481851,500.0
482351,500.0
482851,500.0
483351,500.0
483851,500.0
484351,500.0
484851,500.0
485351,500.0
485851,500.0
486351,500.0
486851,500.0
487351,500.0
487851,500.0
488351,500.0
488851,500.0
489351,500.0
489851,500.0
490351,500.0
490851,500.0
491351,500.0
491851,500.0
492351,500.0
492851,500.0
493351,500.0
493851,500.0
494351,500.0
494851,500.0
495351,500.0
495851,500.0
496351,500.0
496851,500.0
497351,500.0
497851,500.0
498351,500.0
498851,500.0
499351,500.0
499851,500.0
500351,500.0
500851,500.0
501351,500.0
501851,500.0
502351,500.0
502851,500.0
503351,500.0
503851,500.0
504351,500.0
504851,500.0
505351,500.0
505851,500.0
506351,500.0
506851,500.0
507351,500.0
507851,500.0
508351,500.0
508851,500.0
509351,500.0
509851,500.0
510351,500.0
510851,500.0
511351,500.0
511851,500.0
512351,500.0
512851,500.0
513351,500.0
513851,500.0
514351,500.0
514851,500.0
515351,500.0
515851,500.0
516351,500.0
516851,500.0
517351,500.0
517851,500.0
518351,500.0
518851,500.0
519351,500.0
519851,500.0
520351,500.0
520851,500.0
521351,500.0
521851,500.0
522351,500.0
522851,500.0
523351,500.0
523851,500.0
524351,500.0
524851,500.0
525351,500.0
525851,500.0
526351,500.0
526851,500.0
527351,500.0
527851,500.0
528351,500.0
528851,500.0
529351,500.0
529851,500.0
530351,500.0
530851,500.0
531351,500.0
531851,500.0
532351,500.0
532851,500.0
533351,500.0
533851,500.0
534351,500.0
534851,500.0
535351,500.0
535851,500.0
536351,500.0
536851,500.0
537351,500.0
537851,500.0
538351,500.0
538851,500.0
539351,500.0
539851,500.0
540351,500.0
540851,500.0
541351,500.0
541851,500.0
542351,500.0
542851,500.0
543351,500.0
543851,500.0
544351,500.0
544851,500.0
545351,500.0
545851,500.0
546351,500.0
546851,500.0
547351,500.0
547851,500.0
548351,500.0
548851,500.0
549351,500.0
549851,500.0
550351,500.0
550851,500.0
551351,500.0
551851,500.0
552351,500.0
552851,500.0
553351,500.0
553851,500.0
554351,500.0
554851,500.0
555351,500.0
555851,500.0
556351,500.0
556851,500.0
557351,500.0
557851,500.0
558351,500.0
558851,500.0
559351,500.0
559851,500.0
560351,500.0
560666,315.0
561166,500.0
561666,500.0
562166,500.0
562666,500.0
563166,500.0
563666,500.0
564166,500.0
564666,500.0
565166,500.0
565666,500.0
566166,500.0
566666,500.0
567166,500.0
567666,500.0
568166,500.0
568666,500.0
569166,500.0
569666,500.0
570166,500.0
570666,500.0
571166,500.0
571666,500.0
572166,500.0
572658,492.0
573158,500.0
573658,500.0
574158,500.0
574658,500.0
575158,500.0
575658,500.0
576158,500.0
576658,500.0
577158,500.0
577658,500.0
578096,438.0
578596,500.0
579096,500.0
579301,205.0
579620,319.0
580120,500.0
580620,500.0
581120,500.0
581620,500.0
582120,500.0
582620,500.0
583120,500.0
583574,454.0
584074,500.0
584574,500.0
585074,500.0
585574,500.0
585858,284.0
586358,500.0
586858,500.0
587358,500.0
587858,500.0
588257,399.0
588757,500.0
589257,500.0
589661,404.0
590108,447.0
590537,429.0
590885,348.0
591205,320.0
591597,392.0
592097,500.0
592597,500.0
593097,500.0
593597,500.0
594097,500.0
594582,485.0
595082,500.0
595582,500.0
596082,500.0
596582,500.0
596909,327.0
597409,500.0
597909,500.0
598302,393.0
598595,293.0
599095,500.0
599595,500.0
600095,500.0
600595,500.0
601095,500.0
601522,427.0
602022,500.0
602522,500.0
603022,500.0
603522,500.0
604022,500.0
604522,500.0
605022,500.0
605522,500.0
606022,500.0
606471,449.0
606971,500.0
607471,500.0
607971,500.0
608471,500.0
608971,500.0
609471,500.0
609971,500.0
610321,350.0
610821,500.0
610988,167.0
611488,500.0
611988,500.0
612488,500.0
612988,500.0
613488,500.0
613988,500.0
614488,500.0
614988,500.0
615488,500.0
615988,500.0
616488,500.0
616932,444.0
617432,500.0
617932,500.0
618350,418.0
618825,475.0
619325,500.0
619623,298.0
620123,500.0
620396,273.0
620896,500.0
621396,500.0
621896,500.0
622376,480.0
622876,500.0
623278,402.0
623540,262.0
623902,362.0
624171,269.0
624651,480.0
624951,300.0
625282,331.0
625713,431.0
626117,404.0
626614,497.0
627062,448.0
627443,381.0
627665,222.0
627865,200.0
628252,387.0
628521,269.0
628729,208.0
629227,498.0
629727,500.0
630032,305.0
630299,267.0
630525,226.0
630779,254.0
631087,308.0
631486,399.0
631701,215.0
631976,275.0
632341,365.0
632457,116.0
632784,327.0
633284,500.0
633460,176.0
633713,253.0
633910,197.0
634098,188.0
634484,386.0
634802,318.0
635044,242.0
635299,255.0
635445,146.0
635588,143.0
635917,329.0
636088,171.0
636259,171.0
636568,309.0
636830,262.0
637023,193.0
637296,273.0
637567,271.0
637831,264.0
638133,302.0
638325,192.0
638505,180.0
638694,189.0
638893,199.0
639062,169.0
639207,145.0
639361,154.0
639595,234.0
639950,355.0
640318,368.0
640622,304.0
641115,493.0
641300,185.0
641710,410.0
642136,426.0
642524,388.0
642726,202.0
643215,489.0
643433,218.0
643819,386.0
644100,281.0
644315,215.0
644655,340.0
644868,213.0
645368,500.0
645636,268.0
645877,241.0
646270,393.0
646610,340.0
646989,379.0
647335,346.0
647655,320.0
647987,332.0
648390,403.0
648890,500.0
649263,373.0
649515,252.0
649882,367.0
650264,382.0
650530,266.0
651030,500.0
651344,314.0
651767,423.0
652111,344.0
652492,381.0
652992,500.0
653359,367.0
653859,500.0
654277,418.0
654777,500.0
655067,290.0
655363,296.0
655698,335.0
656198,500.0
656559,361.0
657059,500.0
657491,432.0
657869,378.0
658369,500.0
658869,500.0
659188,319.0
659688,500.0
660188,500.0
660648,460.0
661023,375.0
661523,500.0
662023,500.0
662418,395.0
662918,500.0
663275,357.0
663775,500.0
664247,472.0
664747,500.0
665045,298.0
665545,500.0
665876,331.0
666376,500.0
666876,500.0
667376,500.0
667876,500.0
668376,500.0
668545,169.0
668908,363.0
669389,481.0
669695,306.0
669897,202.0
670275,378.0
670687,412.0
671187,500.0
671657,470.0
672060,403.0
672560,500.0
673060,500.0
673346,286.0
673846,500.0
674341,495.0
674767,426.0
675267,500.0
675767,500.0
676267,500.0
676767,500.0
677235,468.0
677545,310.0
677814,269.0
678113,299.0
678468,355.0
678806,338.0
679215,409.0
679715,500.0
680085,370.0
680533,448.0
680788,255.0
681199,411.0
681361,162.0
681819,458.0
681976,157.0
682327,351.0
682523,196.0
682795,272.0
683232,437.0
683571,339.0
683837,266.0
684035,198.0
684466,431.0
684902,436.0
685402,500.0
685902,500.0
686079,177.0
686353,274.0
686794,441.0
687089,295.0
687454,365.0
687826,372.0
688014,188.0
688514,500.0
688712,198.0
689008,296.0
689398,390.0
689839,441.0
690132,293.0
690495,363.0
690711,216.0
691175,464.0
691471,296.0
691971,500.0
692102,131.0
692503,401.0
692797,294.0
693297,500.0
693797,500.0
694002,205.0
694327,325.0
694649,322.0
695007,358.0
695460,453.0
695812,352.0
696312,500.0
696777,465.0
697128,351.0
697628,500.0
698128,500.0
698599,471.0
699099,500.0
699599,500.0
700099,500.0
700599,500.0
700854,255.0
701354,500.0
701854,500.0
702354,500.0
702854,500.0
703354,500.0
703854,500.0
704354,500.0
704854,500.0
705354,500.0
705854,500.0
706354,500.0
706854,500.0
707354,500.0
707854,500.0
708354,500.0
708854,500.0
709354,500.0
709854,500.0
710354,500.0
710854,500.0
711354,500.0
711854,500.0
712354,500.0
712854,500.0
713354,500.0
713854,500.0
714354,500.0
714854,500.0
715354,500.0
715854,500.0
716354,500.0
716854,500.0
717354,500.0
717854,500.0
718354,500.0
718854,500.0
719354,500.0
719854,500.0
720312,458.0
720773,461.0
721116,343.0
721478,362.0
721798,320.0
722036,238.0
722311,275.0
722555,244.0
722774,219.0
722970,196.0
723174,204.0
723349,175.0
723524,175.0
723688,164.0
723863,175.0
724032,169.0
724203,171.0
724353,150.0
724511,158.0
724646,135.0
724793,147.0
724931,138.0
725065,134.0
725196,131.0
725323,127.0
725440,117.0
725547,107.0
725668,121.0
725776,108.0
725905,129.0
726011,106.0
726112,101.0
726222,110.0
726323,101.0
726339,16.0
726440,101.0
726542,102.0
726557,15.0
726651,94.0
726750,99.0
726761,11.0
726775,14.0
726788,13.0
726801,13.0
726811,10.0
726821,10.0
726834,13.0
726844,10.0
726853,9.0
726863,10.0
726873,10.0
726883,10.0
726892,9.0
726903,11.0
726913,10.0
726923,10.0
726934,11.0
726944,10.0
726954,10.0
726964,10.0
726973,9.0
726982,9.0
726992,10.0
727001,9.0
727012,11.0
727021,9.0
727030,9.0
727041,11.0
727054,13.0
727065,11.0
727075,10.0
727085,10.0
727096,11.0
727107,11.0
727117,10.0
727128,11.0
727139,11.0
727149,10.0
727162,13.0
727173,11.0
727184,11.0
727196,12.0
727211,15.0
727301,90.0
727314,13.0
727330,16.0
727346,16.0
727445,99.0
727547,102.0
727565,18.0
727581,16.0
727682,101.0
727790,108.0
727896,106.0
727997,101.0
728113,116.0
728230,117.0
728246,16.0
728370,124.0
728488,118.0
728618,130.0
728763,145.0
728916,153.0
729072,156.0
729245,173.0
729434,189.0
729625,191.0
729832,207.0
730072,240.0
730308,236.0
730566,258.0
730844,278.0
731165,321.0
731483,318.0
731826,343.0
732229,403.0
732676,447.0
733176,500.0
733676,500.0
734176,500.0
734676,500.0
735176,500.0
735676,500.0
736176,500.0
736676,500.0
737176,500.0
737467,291.0
737967,500.0
738261,294.0
738709,448.0
739209,500.0
739671,462.0
740018,347.0
740384,366.0
740608,224.0
740914,306.0
741172,258.0
741619,447.0
742119,500.0
742263,144.0
742480,217.0
742980,500.0
743480,500.0
743980,500.0
744458,478.0
744543,85.0
744905,362.0
745176,271.0
745428,252.0
745656,228.0
745811,155.0
745912,101.0
745933,21.0
745958,25.0
745976,18.0
745993,17.0
746010,17.0
746021,11.0
746032,11.0
746042,10.0
746052,10.0
746065,13.0
746074,9.0
746084,10.0
746093,9.0
746102,9.0
746112,10.0
746124,12.0
746133,9.0
746141,8.0
746151,10.0
746160,9.0
746169,9.0
746179,10.0
746187,8.0
746196,9.0
746205,9.0
746214,9.0
746224,10.0
746234,10.0
746245,11.0
746255,10.0
746265,10.0
746274,9.0
746283,9.0
746292,9.0
746301,9.0
746311,10.0
746321,10.0
746329,8.0
746338,9.0
746348,10.0
746358,10.0
746369,11.0
746379,10.0
746389,10.0
746399,10.0
746409,10.0
746419,10.0
746429,10.0
746438,9.0
746447,9.0
746457,10.0
746467,10.0
746477,10.0
746488,11.0
746496,8.0
746506,10.0
746516,10.0
746524,8.0
746533,9.0
746542,9.0
746550,8.0
746559,9.0
746568,9.0
746577,9.0
746586,9.0
746595,9.0
746605,10.0
746614,9.0
746623,9.0
746632,9.0
746642,10.0
746651,9.0
746659,8.0
746668,9.0
746677,9.0
746685,8.0
746695,10.0
746703,8.0
746712,9.0
746721,9.0
746731,10.0
746742,11.0
746750,8.0
746759,9.0
746769,10.0
746777,8.0
746789,12.0
746799,10.0
746808,9.0
746819,11.0
746829,10.0
746839,10.0
746849,10.0
746857,8.0
746867,10.0
746875,8.0
746883,8.0
746893,10.0
746904,11.0
746913,9.0
746922,9.0
746931,9.0
746942,11.0
746952,10.0
746961,9.0
746970,9.0
746980,10.0
746990,10.0
747000,10.0
747009,9.0
747019,10.0
747028,9.0
747037,9.0
747047,10.0
747057,10.0
747067,10.0
747076,9.0
747085,9.0
747094,9.0
747104,10.0
747115,11.0
747125,10.0
747135,10.0
747144,9.0
747154,10.0
747163,9.0
747172,9.0
747182,10.0
747191,9.0
747201,10.0
747210,9.0
747220,10.0
747229,9.0
747238,9.0
747248,10.0
747257,9.0
747267,10.0
747275,8.0
747284,9.0
747293,9.0
747303,10.0
747313,10.0
747323,10.0
747332,9.0
747341,9.0
747351,10.0
747361,10.0
747369,8.0
747379,10.0
747388,9.0
747397,9.0
747407,10.0
747415,8.0
747424,9.0
747433,9.0
747442,9.0
747452,10.0
747461,9.0
747471,10.0
747480,9.0
747490,10.0
747499,9.0
747508,9.0
747518,10.0
747527,9.0
747536,9.0
747545,9.0
747554,9.0
747565,11.0
747574,9.0
747584,10.0
747593,9.0
747603,10.0
747614,11.0
747624,10.0
747634,10.0
747644,10.0
747653,9.0
747663,10.0
747673,10.0
747682,9.0
747692,10.0
747701,9.0
747710,9.0
747719,9.0
747729,10.0
747737,8.0
747747,10.0
747756,9.0
747765,9.0
747773,8.0
747782,9.0
747792,10.0
747802,10.0
747812,10.0
747822,10.0
747831,9.0
747841,10.0
747851,10.0
747860,9.0
747869,9.0
747879,10.0
747890,11.0
747900,10.0
747911,11.0
747922,11.0
747931,9.0
747940,9.0
747950,10.0
747961,11.0
747970,9.0
747980,10.0
747992,12.0
748003,11.0
748013,10.0
748021,8.0
748033,12.0
748043,10.0
748052,9.0
748064,12.0
748075,11.0
748086,11.0
748095,9.0
748105,10.0
748115,10.0
748126,11.0
748136,10.0
748145,9.0
748155,10.0
748165,10.0
748175,10.0
748186,11.0
748195,9.0
748206,11.0
748216,10.0
748226,10.0
748235,9.0
748247,12.0
748257,10.0
748266,9.0
748275,9.0
748284,9.0
748294,10.0
748303,9.0
748313,10.0
748321,8.0
748333,12.0
748345,12.0
748355,10.0
748365,10.0
748377,12.0
748386,9.0
748397,11.0
748408,11.0
748419,11.0
748428,9.0
748439,11.0
748449,10.0
748460,11.0
748471,11.0
748480,9.0
748490,10.0
748502,12.0
748511,9.0
748521,10.0
748532,11.0
748541,9.0
748550,9.0
748561,11.0
748574,13.0
748585,11.0
748598,13.0
748609,11.0
748619,10.0
748630,11.0
748641,11.0
748654,13.0
748666,12.0
748679,13.0
748689,10.0
748700,11.0
748710,10.0
748720,10.0
748730,10.0
748742,12.0
748756,14.0
748768,12.0
748777,9.0
748789,12.0
748800,11.0
748811,11.0
748823,12.0
748837,14.0
748846,9.0
748857,11.0
748869,12.0
748883,14.0
748895,12.0
748907,12.0
748917,10.0
748928,11.0
748939,11.0
748952,13.0
748964,12.0
748978,14.0
748992,14.0
749001,9.0
749017,16.0
749030,13.0
749043,13.0
749056,13.0
749066,10.0
749076,10.0
749087,11.0
749098,11.0
749109,11.0
749122,13.0
749135,13.0
749147,12.0
749162,15.0
749174,12.0
749186,12.0
749199,13.0
749213,14.0
749227,14.0
749241,14.0
749253,12.0
749266,13.0
749277,11.0
749292,15.0
749304,12.0
749318,14.0
749330,12.0
749343,13.0
749357,14.0
749369,12.0
749382,13.0
749395,13.0
749409,14.0
749425,16.0
749438,13.0
749452,14.0
749466,14.0
749480,14.0
749495,15.0
749509,14.0
749527,18.0
749539,12.0
749552,13.0
749571,19.0
749582,11.0
749595,13.0
749609,14.0
749623,14.0
749641,18.0
749654,13.0
749671,17.0
749689,18.0
749704,15.0
749722,18.0
749743,21.0
749761,18.0
749778,17.0
749795,17.0
749815,20.0
749835,20.0
749855,20.0
749867,12.0
749884,17.0
749904,20.0
749922,18.0
749941,19.0
749958,17.0
749979,21.0
749999,20.0
750019,20.0
750042,23.0
750061,19.0
750080,19.0
750098,18.0
750117,19.0
750139,22.0
750164,25.0
750185,21.0
750206,21.0
750233,27.0
750260,27.0
750282,22.0
750303,21.0
750321,18.0
750346,25.0
750361,15.0
750384,23.0
750409,25.0
750435,26.0
750459,24.0
750474,15.0
750499,25.0
750526,27.0
750550,24.0
750578,28.0
750603,25.0
750623,20.0
750671,48.0
750699,28.0
750727,28.0
750760,33.0
750781,21.0
750817,36.0
750855,38.0
750882,27.0
750916,34.0
750944,28.0
750967,23.0
750995,28.0
751092,97.0
751118,26.0
751148,30.0
751178,30.0
751201,23.0
751231,30.0
751275,44.0
751308,33.0
751340,32.0
751443,103.0
751548,105.0
751654,106.0
751749,95.0
751866,117.0
751967,101.0
752089,122.0
752186,97.0
752318,132.0
752449,131.0
752618,169.0
752799,181.0
752979,180.0
753075,96.0
753297,222.0
753488,191.0
753538,50.0
753623,85.0
753700,77.0
754001,301.0
754072,71.0
754136,64.0
754459,323.0
754544,85.0
754937,393.0
755002,65.0
755455,453.0
755530,75.0
755597,67.0
755846,249.0
756001,155.0
756122,121.0
756188,66.0
756311,123.0
756380,69.0
756441,61.0
756503,62.0
756561,58.0
756626,65.0
756691,65.0
756829,138.0
756901,72.0
757041,140.0
757165,124.0
757279,114.0
757336,57.0
757406,70.0
757462,56.0
757499,37.0
757597,98.0
757694,97.0
758040,346.0
758210,170.0
758319,109.0
758501,182.0
758649,148.0
758877,228.0
759029,152.0
759202,173.0
759326,124.0
759427,101.0
759669,242.0
759758,89.0
759970,212.0
760025,55.0
760078,53.0
760228,150.0
760283,55.0
760473,190.0
760607,134.0
760688,81.0
760840,152.0
760955,115.0
761020,65.0
761142,122.0
761236,94.0
761350,114.0
761421,71.0
761501,80.0
761609,108.0
761681,72.0
761755,74.0
761880,125.0
761962,82.0
762036,74.0
762114,78.0
762188,74.0
762242,54.0
762344,102.0
762416,72.0
762484,68.0
762604,120.0
762670,66.0
762684,14.0
762695,11.0
762752,57.0
762831,79.0
762907,76.0
762986,79.0
763078,92.0
763164,86.0
763296,132.0
763376,80.0
763460,84.0
763628,168.0
763712,84.0
763795,83.0
763949,154.0
764039,90.0
764283,244.0
764423,140.0
764513,90.0
764679,166.0
764857,178.0
765034,177.0
765127,93.0
765221,94.0
765482,261.0
765575,93.0
765716,141.0
765894,178.0
766034,140.0
766207,173.0
766381,174.0
766563,182.0
766732,169.0
766910,178.0
767004,94.0
767348,344.0
767519,171.0
767668,149.0
767848,180.0
767991,143.0
768098,107.0
768346,248.0
768443,97.0
768631,188.0
768725,94.0
768876,151.0
769110,234.0
769303,193.0
769488,185.0
769760,272.0
769950,190.0
770056,106.0
770161,105.0
770351,190.0
770522,171.0
770704,182.0
771156,452.0
771443,287.0
771653,210.0
771915,262.0
772091,176.0
772296,205.0
772492,196.0
772598,106.0
772792,194.0
772907,115.0
773116,209.0
773425,309.0
773623,198.0
773834,211.0
774034,200.0
774236,202.0
774436,200.0
774642,206.0
774755,113.0
774948,193.0
775148,200.0
775326,178.0
775429,103.0
775854,425.0
776063,209.0
776176,113.0
776292,116.0
776405,113.0
776621,216.0
776898,277.0
777398,500.0
777614,216.0
777813,199.0
777937,124.0
778107,170.0
778426,319.0
778595,169.0
778809,214.0
778924,115.0
779097,173.0
779297,200.0
779495,198.0
779609,114.0
779722,113.0
779825,103.0
779934,109.0
780150,216.0
780262,112.0
780419,157.0
780584,165.0
780788,204.0
780897,109.0
781053,156.0
781164,111.0
781268,104.0
781374,106.0
781477,103.0
781581,104.0
781689,108.0
781851,162.0
782109,258.0
782205,96.0
782399,194.0
782498,99.0
782608,110.0
782765,157.0
782914,149.0
783024,110.0
783220,196.0
783338,118.0
783445,107.0
783548,103.0
783653,105.0
783755,102.0
783874,119.0
783980,106.0
784190,210.0
784291,101.0
784466,175.0
784566,100.0
784677,111.0
784877,200.0
784987,110.0
785090,103.0
785199,109.0
785292,93.0
785396,104.0
785506,110.0
785628,122.0
785744,116.0
785916,172.0
786030,114.0
786142,112.0
786264,122.0
786384,120.0
786508,124.0
786622,114.0
786734,112.0
786845,111.0
786958,113.0
787081,123.0
787166,85.0
787289,123.0
787423,134.0
787538,115.0
787660,122.0
787776,116.0
787892,116.0
788008,116.0
788132,124.0
788257,125.0
788384,127.0
788503,119.0
788692,189.0
788811,119.0
788929,118.0
789055,126.0
789173,118.0
789301,128.0
789433,132.0
789559,126.0
789683,124.0
789809,126.0
789944,135.0
790074,130.0
790206,132.0
790343,137.0
790466,123.0
790597,131.0
790864,267.0
790991,127.0
791120,129.0
791247,127.0
791380,133.0
791516,136.0
791653,137.0
791786,133.0
791991,205.0
792190,199.0
792326,136.0
792478,152.0
792605,127.0
792742,137.0
792877,135.0
793155,278.0
793292,137.0
793431,139.0
793699,268.0
793844,145.0
793989,145.0
794123,134.0
794266,143.0
794406,140.0
794542,136.0
794674,132.0
794828,154.0
794967,139.0
795216,249.0
795365,149.0
795631,266.0
795898,267.0
796034,136.0
796163,129.0
796307,144.0
796526,219.0
796684,158.0
796819,135.0
796977,158.0
797241,264.0
797365,124.0
797503,138.0
797654,151.0
797795,141.0
797935,140.0
798091,156.0
798292,201.0
798436,144.0
798575,139.0
798965,390.0
799229,264.0
799369,140.0
799511,142.0
799732,221.0
799876,144.0
800012,136.0
800166,154.0
800311,145.0
800456,145.0
800616,160.0
800755,139.0
800908,153.0
801189,281.0
801331,142.0
801595,264.0
801745,150.0
801886,141.0
802047,161.0
802189,142.0
802564,375.0
802698,134.0
802983,285.0
803121,138.0
803263,142.0
803527,264.0
803787,260.0
803947,160.0
804088,141.0
804244,156.0
804383,139.0
804529,146.0
804677,148.0
804892,215.0
805030,138.0
805177,147.0
805311,134.0
805445,134.0
805605,160.0
805756,151.0
805893,137.0
806110,217.0
806257,147.0
806550,293.0
806769,219.0
806910,141.0
807050,140.0
807203,153.0
807345,142.0
807489,144.0
807642,153.0
807791,149.0
807941,150.0
808080,139.0
808224,144.0
808380,156.0
808518,138.0
808663,145.0
808829,166.0
809103,274.0
809339,236.0
809490,151.0
809646,156.0
809797,151.0
810074,277.0
810227,153.0
810377,150.0
810538,161.0
810683,145.0
810972,289.0
811213,241.0
811367,154.0
811615,248.0
811854,239.0
812099,245.0
812252,153.0
812401,149.0
812652,251.0
812806,154.0
812966,160.0
813117,151.0
813279,162.0
813423,144.0
813574,151.0
813725,151.0
813947,222.0
814052,105.0
814215,163.0
814370,155.0
814537,167.0
814783,246.0
814942,159.0
815102,160.0
815276,174.0
815382,106.0
815766,384.0
815933,167.0
816084,151.0
816248,164.0
816404,156.0
816560,156.0
816726,166.0
816885,159.0
817135,250.0
817306,171.0
817452,146.0
817613,161.0
817767,154.0
817919,152.0
818074,155.0
818175,101.0
818322,147.0
818471,149.0
818576,105.0
818726,150.0
818890,164.0
819051,161.0
819145,94.0
819252,107.0
819404,152.0
819498,94.0
819643,145.0
819743,100.0
819887,144.0
819992,105.0
820103,111.0
820205,102.0
820302,97.0
820395,93.0
820491,96.0
820590,99.0
820684,94.0
820776,92.0
820872,96.0
820968,96.0
821066,98.0
821165,99.0
821272,107.0
821423,151.0
821532,109.0
821625,93.0
821713,88.0
821817,104.0
821908,91.0
821999,91.0
822086,87.0
822192,106.0
822339,147.0
822428,89.0
822518,90.0
822614,96.0
822700,86.0
822850,150.0
822940,90.0
823037,97.0
823174,137.0
823269,95.0
823362,93.0
823448,86.0
823544,96.0
823632,88.0
823710,78.0
823793,83.0
823877,84.0
823963,86.0
824054,91.0
824136,82.0
824223,87.0
824316,93.0
824405,89.0
824494,89.0
824588,94.0
824675,87.0
824767,92.0
824854,87.0
824941,87.0
825026,85.0
825167,141.0
825261,94.0
825347,86.0
825441,94.0
825537,96.0
825616,79.0
825711,95.0
825797,86.0
825884,87.0
825970,86.0
826059,89.0
826168,109.0
826266,98.0
826352,86.0
826436,84.0
826532,96.0
826638,106.0
826723,85.0
826818,95.0
826904,86.0
826987,83.0
827075,88.0
827168,93.0
827257,89.0
827344,87.0
827434,90.0
827520,86.0
827612,92.0
827702,90.0
827790,88.0
827883,93.0
827970,87.0
827994,24.0
828079,85.0
828169,90.0
828264,95.0
828350,86.0
828437,87.0
828525,88.0
828611,86.0
828702,91.0
828794,92.0
828880,86.0
828962,82.0
829052,90.0
829144,92.0
829236,92.0
829265,29.0
829346,81.0
829427,81.0
829513,86.0
829606,93.0
829690,84.0
829772,82.0
829855,83.0
829878,23.0
829961,83.0
830039,78.0
830124,85.0
830203,79.0
830281,78.0
830363,82.0
830386,23.0
830470,84.0
830547,77.0
830568,21.0
830590,22.0
830611,21.0
830694,83.0
830717,23.0
830795,78.0
830815,20.0
830835,20.0
830917,82.0
831001,84.0
831018,17.0
831035,17.0
831054,19.0
831072,18.0
831088,16.0
831104,16.0
831122,18.0
831140,18.0
831156,16.0
831175,19.0
831191,16.0
831210,19.0
831226,16.0
831248,22.0
831272,24.0
831292,20.0
831309,17.0
831330,21.0
831349,19.0
831368,19.0
831387,19.0
831467,80.0
831547,80.0
831632,85.0
831649,17.0
831672,23.0
831692,20.0
831711,19.0
831798,87.0
831821,23.0
831850,29.0
831877,27.0
831895,18.0
831916,21.0
831940,24.0
832017,77.0
832045,28.0
832126,81.0
832150,24.0
832167,17.0
832246,79.0
832268,22.0
832289,21.0
832314,25.0
832393,79.0
832411,18.0
832428,17.0
832507,79.0
832529,22.0
832612,83.0
832638,26.0
832723,85.0
832804,81.0
832822,18.0
832842,20.0
832868,26.0
832894,26.0
832973,79.0
833060,87.0
833086,26.0
833107,21.0
833186,79.0
833271,85.0
833294,23.0
833373,79.0
833456,83.0
833543,87.0
833627,84.0
833650,23.0
833734,84.0
833815,81.0
833839,24.0
833860,21.0
833881,21.0
833905,24.0
833986,81.0
834008,22.0
834028,20.0
834113,85.0
834201,88.0
834226,25.0
834253,27.0
834345,92.0
834428,83.0
834448,20.0
834533,85.0
834558,25.0
834646,88.0
834669,23.0
834759,90.0
834846,87.0
834931,85.0
834952,21.0
835036,84.0
835068,32.0
835094,26.0
835180,86.0
835261,81.0
835286,25.0
835307,21.0
835392,85.0
835475,83.0
835558,83.0
835580,22.0
835662,82.0
835751,89.0
835831,80.0
835919,88.0
835948,29.0
835972,24.0
835993,21.0
836014,21.0
836043,29.0
836123,80.0
836146,23.0
836229,83.0
836309,80.0
836333,24.0
836415,82.0
836508,93.0
836535,27.0
836563,28.0
836591,28.0
836672,81.0
836752,80.0
836838,86.0
836916,78.0
836938,22.0
837023,85.0
837114,91.0
837195,81.0
837280,85.0
837308,28.0
837396,88.0
837480,84.0
837563,83.0
837590,27.0
837673,83.0
837698,25.0
837782,84.0
837865,83.0
837953,88.0
838032,79.0
838119,87.0
838147,28.0
838176,29.0
838255,79.0
838336,81.0
838421,85.0
838510,89.0
838600,90.0
838678,78.0
838767,89.0
838847,80.0
838879,32.0
838971,92.0
839054,83.0
839137,83.0
839224,87.0
839312,88.0
839395,83.0
839479,84.0
839559,80.0
839642,83.0
839666,24.0
839697,31.0
839775,78.0
839862,87.0
839893,31.0
839979,86.0
840062,83.0
840151,89.0
840239,88.0
840266,27.0
840354,88.0
840435,81.0
840522,87.0
840611,89.0
840638,27.0
840720,82.0
840744,24.0
840823,79.0
840905,82.0
840991,86.0
841081,90.0
841165,84.0
841247,82.0
841332,85.0
841359,27.0
841439,80.0
841528,89.0
841553,25.0
841577,24.0
841658,81.0
841684,26.0
841776,92.0
841867,91.0
841895,28.0
841980,85.0
842061,81.0
842088,27.0
842118,30.0
842141,23.0
842232,91.0
842319,87.0
842344,25.0
842377,33.0
842404,27.0
842438,34.0
842461,23.0
842492,31.0
842521,29.0
842551,30.0
842637,86.0
842720,83.0
842748,28.0
842777,29.0
842798,21.0
842881,83.0
842914,33.0
842940,26.0
842969,29.0
843052,83.0
843071,19.0
843093,22.0
843178,85.0
843214,36.0
843238,24.0
843264,26.0
843284,20.0
843307,23.0
843331,24.0
843360,29.0
843379,19.0
843399,20.0
843426,27.0
843450,24.0
843477,27.0
843505,28.0
843529,24.0
843614,85.0
843635,21.0
843660,25.0
843744,84.0
843767,23.0
843799,32.0
843889,90.0
843912,23.0
843940,28.0
843965,25.0
843992,27.0
844074,82.0
844159,85.0
844192,33.0
844219,27.0
844247,28.0
844277,30.0
844306,29.0
844390,84.0
844478,88.0
844502,24.0
844527,25.0
844554,27.0
844649,95.0
844677,28.0
844763,86.0
844854,91.0
844887,33.0
844916,29.0
844949,33.0
845036,87.0
845067,31.0
845094,27.0
845117,23.0
845142,25.0
845167,25.0
845190,23.0
845282,92.0
845318,36.0
845408,90.0
845498,90.0
845587,89.0
845616,29.0
845703,87.0
845796,93.0
845824,28.0
845848,24.0
845877,29.0
845969,92.0
845997,28.0
846029,32.0
846052,23.0
846144,92.0
846234,90.0
846266,32.0
846292,26.0
846383,91.0
846409,26.0
846499,90.0
846525,26.0
846554,29.0
846588,34.0
846612,24.0
846641,29.0
846729,88.0
846822,93.0
846911,89.0
846996,85.0
847026,30.0
847060,34.0
847090,30.0
847123,33.0
847152,29.0
847241,89.0
847326,85.0
847357,31.0
847383,26.0
847419,36.0
847454,35.0
847483,29.0
847570,87.0
847598,28.0
847682,84.0
847712,30.0
847791,79.0
847874,83.0
847952,78.0
847982,30.0
848008,26.0
848091,83.0
848123,32.0
848157,34.0
848238,81.0
848272,34.0
848297,25.0
848380,83.0
848460,80.0
848542,82.0
848569,27.0
848652,83.0
848729,77.0
848759,30.0
848841,82.0
848919,78.0
848997,78.0
849083,86.0
849170,87.0
849256,86.0
849294,38.0
849379,85.0
849411,32.0
849493,82.0
849572,79.0
849658,86.0
849689,31.0
849773,84.0
849856,83.0
849890,34.0
849970,80.0
850053,83.0
850134,81.0
850206,72.0
850291,85.0
850375,84.0
850447,72.0
850524,77.0
850606,82.0
850677,71.0
850751,74.0
850832,81.0
850906,74.0
850981,75.0
851054,73.0
851123,69.0
851200,77.0
851279,79.0
851352,73.0
851437,85.0
851515,78.0
851596,81.0
851670,74.0
851744,74.0
851832,88.0
851915,83.0
851992,77.0
852073,81.0
852156,83.0
852236,80.0
852316,80.0
852401,85.0
852489,88.0
852570,81.0
852654,84.0
852729,75.0
852804,75.0
852889,85.0
852972,83.0
853048,76.0
853127,79.0
853208,81.0
853293,85.0
853372,79.0
853451,79.0
853525,74.0
853604,79.0
853691,87.0
853770,79.0
853858,88.0
853940,82.0
854024,84.0
854110,86.0
854186,76.0
854281,95.0
854366,85.0
854449,83.0
854528,79.0
854606,78.0
854699,93.0
854774,75.0
854911,137.0
855002,91.0
855078,76.0
855172,94.0
855262,90.0
855352,90.0
855435,83.0
855525,90.0
855612,87.0
855699,87.0
855783,84.0
855872,89.0
855951,79.0
856045,94.0
856123,78.0
856202,79.0
856276,74.0
856368,92.0
856452,84.0
856535,83.0
856624,89.0
856715,91.0
856812,97.0
856897,85.0
856987,90.0
857063,76.0
857157,94.0
857246,89.0
857333,87.0
857421,88.0
857521,100.0
857604,83.0
857686,82.0
857772,86.0
857862,90.0
857960,98.0
858063,103.0
858152,89.0
858244,92.0
858337,93.0
858419,82.0
858525,106.0
858619,94.0
858720,101.0
858818,98.0
858913,95.0
858998,85.0
859100,102.0
859196,96.0
859288,92.0
859380,92.0
859469,89.0
859556,87.0
859646,90.0
859741,95.0
859832,91.0
859922,90.0
860017,95.0
860114,97.0
860200,86.0
860295,95.0
860384,89.0
860478,94.0
860559,81.0
860664,105.0
860758,94.0
860836,78.0
860935,99.0
861039,104.0
861139,100.0
861242,103.0
861342,100.0
861440,98.0
861537,97.0
861644,107.0
861749,105.0
861848,99.0
861948,100.0
862054,106.0
862152,98.0
862240,88.0
862351,111.0
862455,104.0
862563,108.0
862651,88.0
862740,89.0
862850,110.0
862949,99.0
863041,92.0
863135,94.0
863248,113.0
863348,100.0
863452,104.0
863553,101.0
863644,91.0
863747,103.0
863847,100.0
863938,91.0
864052,114.0
864160,108.0
864267,107.0
864363,96.0
864463,100.0
864572,109.0
864672,100.0
864765,93.0
864871,106.0
864982,111.0
865084,102.0
865191,107.0
865297,106.0
865412,115.0
865510,98.0
865610,100.0
865702,92.0
865819,117.0
865922,103.0
866043,121.0
866141,98.0
866264,123.0
866365,101.0
866472,107.0
866584,112.0
866695,111.0
866806,111.0
866923,117.0
867031,108.0
867138,107.0
867250,112.0
867370,120.0
867473,103.0
867577,104.0
867691,114.0
867810,119.0
867915,105.0
868031,116.0
868136,105.0
868250,114.0
868370,120.0
868479,109.0
868602,123.0
868717,115.0
868829,112.0
868944,115.0
869054,110.0
869169,115.0
869282,113.0
869326,44.0
869442,116.0
869548,106.0
869644,96.0
869692,48.0
869799,107.0
869905,106.0
870017,112.0
870118,101.0
870227,109.0
870338,111.0
870438,100.0
870543,105.0
870582,39.0
870682,100.0
870727,45.0
870830,103.0
870875,45.0
870912,37.0
870948,36.0
871046,98.0
871080,34.0
871114,34.0
871170,56.0
871212,42.0
871255,43.0
871297,42.0
871334,37.0
871361,27.0
871389,28.0
871429,40.0
871463,34.0
871495,32.0
871526,31.0
871558,32.0
871593,35.0
871619,26.0
871652,33.0
871680,28.0
871711,31.0
871737,26.0
871764,27.0
871786,22.0
871809,23.0
871852,43.0
871875,23.0
871903,28.0
871935,32.0
871960,25.0
871990,30.0
872015,25.0
872039,24.0
872069,30.0
872099,30.0
872129,30.0
872155,26.0
872180,25.0
872202,22.0
872230,28.0
872257,27.0
872286,29.0
872313,27.0
872343,30.0
872376,33.0
872408,32.0
872434,26.0
872456,22.0
872484,28.0
872512,28.0
872544,32.0
872574,30.0
872602,28.0
872624,22.0
872649,25.0
872672,23.0
872701,29.0
872728,27.0
872759,31.0
872800,41.0
872828,28.0
872860,32.0
872885,25.0
872915,30.0
872939,24.0
872972,33.0
873000,28.0
873022,22.0
873044,22.0
873069,25.0
873092,23.0
873116,24.0
873141,25.0
873165,24.0
873198,33.0
873230,32.0
873259,29.0
873281,22.0
873321,40.0
873347,26.0
873380,33.0
873403,23.0
873429,26.0
873463,34.0
873498,35.0
873537,39.0
873568,31.0
873602,34.0
873640,38.0
873672,32.0
873701,29.0
873740,39.0
873774,34.0
873798,24.0
873828,30.0
873855,27.0
873886,31.0
873925,39.0
873948,23.0
873981,33.0
874020,39.0
874051,31.0
874082,31.0
874112,30.0
874140,28.0
874170,30.0
874205,35.0
874235,30.0
874268,33.0
874297,29.0
874326,29.0
874350,24.0
874375,25.0
874404,29.0
874443,39.0
874473,30.0
874503,30.0
874539,36.0
874580,41.0
874603,23.0
874636,33.0
874668,32.0
874707,39.0
874734,27.0
874767,33.0
874798,31.0
874825,27.0
874873,48.0
874905,32.0
874935,30.0
874967,32.0
874995,28.0
875024,29.0
875051,27.0
875090,39.0
875126,36.0
875167,41.0
875197,30.0
875232,35.0
875273,41.0
875310,37.0
875343,33.0
875379,36.0
875429,50.0
875467,38.0
875512,45.0
875562,50.0
875597,35.0
875652,55.0
875693,41.0
875731,38.0
875771,40.0
875806,35.0
875842,36.0
875950,108.0
875995,45.0
876029,34.0
876078,49.0
876121,43.0
876161,40.0
876211,50.0
876316,105.0
876416,100.0
876509,93.0
876554,45.0
876598,44.0
876644,46.0
876691,47.0
876800,109.0
876847,47.0
876953,106.0
877060,107.0
877162,102.0
877256,94.0
877361,105.0
877459,98.0
877569,110.0
877663,94.0
877765,102.0
877867,102.0
877968,101.0
878075,107.0
878188,113.0
878289,101.0
878401,112.0
878510,109.0
878627,117.0
878686,59.0
878792,106.0
878908,116.0
879025,117.0
879155,130.0
879257,102.0
879364,107.0
879481,117.0
879583,102.0
879694,111.0
879800,106.0
879919,119.0
880040,121.0
880163,123.0
880268,105.0
880393,125.0
880517,124.0
880625,108.0
880735,110.0
880865,130.0
880987,122.0
881106,119.0
881228,122.0
881355,127.0
881466,111.0
881574,108.0
881687,113.0
881824,137.0
881942,118.0
882059,117.0
882177,118.0
882290,113.0
882406,116.0
882521,115.0
882641,120.0
882765,124.0
882877,112.0
882994,117.0
883106,112.0
883223,117.0
883346,123.0
883471,125.0
883578,107.0
883688,110.0
883806,118.0
883927,121.0
884059,132.0
884170,111.0
884282,112.0
884413,131.0
884523,110.0
884644,121.0
884767,123.0
884887,120.0
885018,131.0
885135,117.0
885267,132.0
885390,123.0
885511,121.0
885635,124.0
885746,111.0
885862,116.0
885987,125.0
886106,119.0
886222,116.0
886349,127.0
886481,132.0
886587,106.0
886701,114.0
886831,130.0
886954,123.0
887086,132.0
887206,120.0
887320,114.0
887440,120.0
887568,128.0
887690,122.0
887812,122.0
887941,129.0
888054,113.0
888169,115.0
888301,132.0
888427,126.0
888557,130.0
888666,109.0
888800,134.0
888919,119.0
889026,107.0
889145,119.0
889271,126.0
889379,108.0
889508,129.0
889642,134.0
889764,122.0
889882,118.0
889992,110.0
890114,122.0
890233,119.0
890364,131.0
890480,116.0
890600,120.0
890728,128.0
890854,126.0
890983,129.0
891098,115.0
891220,122.0
891339,119.0
891480,141.0
891618,138.0
891744,126.0
891899,155.0
892027,128.0
892146,119.0
892279,133.0
892388,109.0
892507,119.0
892644,137.0
892772,128.0
892901,129.0
893011,110.0
893133,122.0
893252,119.0
893386,134.0
893520,134.0
893637,117.0
893764,127.0
893889,125.0
894008,119.0
894125,117.0
894244,119.0
894363,119.0
894488,125.0
894615,127.0
894726,111.0
894847,121.0
894957,110.0
895080,123.0
895202,122.0
895321,119.0
895430,109.0
895553,123.0
895661,108.0
895783,122.0
895902,119.0
896011,109.0
896126,115.0
896227,101.0
896336,109.0
896446,110.0
896553,107.0
896670,117.0
896790,120.0
896905,115.0
897023,118.0
897133,110.0
897237,104.0
897339,102.0
897457,118.0
897576,119.0
897689,113.0
897794,105.0
897897,103.0
897999,102.0
898108,109.0
898222,114.0
898346,124.0
898453,107.0
898570,117.0
898678,108.0
898794,116.0
898917,123.0
899034,117.0
899145,111.0
899261,116.0
899370,109.0
899486,116.0
899602,116.0
899721,119.0
899828,107.0
899957,129.0
900064,107.0
900167,103.0
900270,103.0
900386,116.0
900502,116.0
900602,100.0
900717,115.0
900825,108.0
900941,116.0
901052,111.0
901154,102.0
901265,111.0
901364,99.0
901472,108.0
901578,106.0
901692,114.0
901810,118.0
901908,98.0
902020,112.0
902137,117.0
902250,113.0
902357,107.0
902460,103.0
902561,101.0
902605,44.0
902713,108.0
902828,115.0
902947,119.0
903050,103.0
903153,103.0
903195,42.0
903237,42.0
903353,116.0
903451,98.0
903563,112.0
903667,104.0
903775,108.0
903881,106.0
903989,108.0
904089,100.0
904191,102.0
904303,112.0
904338,35.0
904381,43.0
904491,110.0
904594,103.0
904634,40.0
904740,106.0
904783,43.0
904887,104.0
904993,106.0
905099,106.0
905195,96.0
905296,101.0
905397,101.0
905501,104.0
905545,44.0
905650,105.0
905684,34.0
905787,103.0
905890,103.0
905991,101.0
906098,107.0
906141,43.0
906235,94.0
906335,100.0
906440,105.0
906483,43.0
906576,93.0
906626,50.0
906718,92.0
906756,38.0
906794,38.0
906825,31.0
906853,28.0
906890,37.0
906920,30.0
906949,29.0
906973,24.0
907001,28.0
907028,27.0
907064,36.0
907100,36.0
907121,21.0
907149,28.0
907179,30.0
907203,24.0
907229,26.0
907260,31.0
907281,21.0
907310,29.0
907337,27.0
907357,20.0
907385,28.0
907407,22.0
907435,28.0
907459,24.0
907485,26.0
907512,27.0
907542,30.0
907564,22.0
907586,22.0
907610,24.0
907632,22.0
907655,23.0
907676,21.0
907700,24.0
907722,22.0
907749,27.0
907769,20.0
907791,22.0
907817,26.0
907843,26.0
907866,23.0
907892,26.0
907917,25.0
907948,31.0
907968,20.0
907993,25.0
908020,27.0
908042,22.0
908065,23.0
908088,23.0
908111,23.0
908138,27.0
908163,25.0
908188,25.0
908211,23.0
908239,28.0
908269,30.0
908291,22.0
908315,24.0
908335,20.0
908360,25.0
908389,29.0
908419,30.0
908447,28.0
908472,25.0
908499,27.0
908531,32.0
908556,25.0
908583,27.0
908608,25.0
908639,31.0
908664,25.0
908689,25.0
908720,31.0
908742,22.0
908774,32.0
908798,24.0
908825,27.0
908845,20.0
908872,27.0
908900,28.0
908927,27.0
908962,35.0
908995,33.0
909029,34.0
909061,32.0
909090,29.0
909117,27.0
909138,21.0
909172,34.0
909204,32.0
909228,24.0
909255,27.0
909278,23.0
909304,26.0
909331,27.0
909360,29.0
909388,28.0
909418,30.0
909445,27.0
909474,29.0
909510,36.0
909532,22.0
909560,28.0
909588,28.0
909615,27.0
909644,29.0
909671,27.0
909697,26.0
909720,23.0
909747,27.0
909776,29.0
909814,38.0
909843,29.0
909875,32.0
909901,26.0
909925,24.0
909953,28.0
909975,22.0
909999,24.0
910027,28.0
910057,30.0
910088,31.0
910117,29.0
910146,29.0
910182,36.0
910211,29.0
910240,29.0
910270,30.0
910297,27.0
910322,25.0
910351,29.0
910377,26.0
910411,34.0
910444,33.0
910472,28.0
910497,25.0
910526,29.0
910559,33.0
910590,31.0
910629,39.0
910661,32.0
910697,36.0
910723,26.0
910747,24.0
910781,34.0
910803,22.0
910836,33.0
910874,38.0
910907,33.0
910946,39.0
910979,33.0
911014,35.0
911043,29.0
911077,34.0
911102,25.0
911134,32.0
911166,32.0
911209,43.0
911238,29.0
911270,32.0
911308,38.0
911341,33.0
911368,27.0
911402,34.0
911430,28.0
911466,36.0
911502,36.0
911528,26.0
911564,36.0
911593,29.0
911621,28.0
911657,36.0
911750,93.0
911775,25.0
911798,23.0
911834,36.0
911873,39.0
911910,37.0
911943,33.0
911987,44.0
912037,50.0
912068,31.0
912110,42.0
912149,39.0
912178,29.0
912217,39.0
912253,36.0
912283,30.0
912323,40.0
912358,35.0
912393,35.0
912426,33.0
912465,39.0
912493,28.0
912529,36.0
912561,32.0
912606,45.0
912638,32.0
912671,33.0
912713,42.0
912755,42.0
912793,38.0
912825,32.0
912860,35.0
912899,39.0
912953,54.0
912984,31.0
913023,39.0
913060,37.0
913096,36.0
913131,35.0
913170,39.0
913216,46.0
913249,33.0
913281,32.0
913329,48.0
913370,41.0
913415,45.0
913445,30.0
913495,50.0
913527,32.0
913556,29.0
913594,38.0
913698,104.0
913735,37.0
913776,41.0
913822,46.0
913918,96.0
913965,47.0
913994,29.0
914037,43.0
914074,37.0
914116,42.0
914156,40.0
914251,95.0
914289,38.0
914331,42.0
914430,99.0
914470,40.0
914516,46.0
914561,45.0
914600,39.0
914638,38.0
914672,34.0
914776,104.0
914816,40.0
914859,43.0
914896,37.0
914936,40.0
915034,98.0
915076,42.0
915130,54.0
915163,33.0
915270,107.0
915368,98.0
915464,96.0
915572,108.0
915679,107.0
915721,42.0
915772,51.0
915819,47.0
915918,99.0
916027,109.0
916139,112.0
916239,100.0
916337,98.0
916440,103.0
916538,98.0
916592,54.0
916690,98.0
916744,54.0
916858,114.0
916965,107.0
917072,107.0
917176,104.0
917282,106.0
917386,104.0
917503,117.0
917610,107.0
917717,107.0
917819,102.0
917919,100.0
918032,113.0
918136,104.0
918260,124.0
918381,121.0
918496,115.0
918603,107.0
918722,119.0
918838,116.0
918943,105.0
919064,121.0
919183,119.0
919297,114.0
919412,115.0
919530,118.0
919642,112.0
919759,117.0
919893,134.0
920015,122.0
920124,109.0
920235,111.0
920354,119.0
920469,115.0
920574,105.0
920697,123.0
920807,110.0
920915,108.0
921031,116.0
921142,111.0
921270,128.0
921398,128.0
921514,116.0
921623,109.0
921738,115.0
921851,113.0
921970,119.0
922079,109.0
922197,118.0
922320,123.0
922432,112.0
922547,115.0
922649,102.0
922773,124.0
922905,132.0
923034,129.0
923158,124.0
923281,123.0
923404,123.0
923554,150.0
923695,141.0
923813,118.0
923944,131.0
924058,114.0
924177,119.0
924310,133.0
924428,118.0
924635,207.0
924767,132.0
924895,128.0
925033,138.0
925145,112.0
925282,137.0
925397,115.0
925645,248.0
925782,137.0
925935,153.0
926078,143.0
926285,207.0
926452,167.0
926606,154.0
926752,146.0
926970,218.0
927093,123.0
927242,149.0
927455,213.0
927712,257.0
927968,256.0
928112,144.0
928235,123.0
928410,175.0
928551,141.0
928904,353.0
929042,138.0
929191,149.0
929342,151.0
929518,176.0
929664,146.0
929819,155.0
929997,178.0
930149,152.0
930313,164.0
930426,113.0
930541,115.0
930714,173.0
930853,139.0
931008,155.0
931159,151.0
931305,146.0
931474,169.0
931612,138.0
931761,149.0
931933,172.0
932075,142.0
932192,117.0
932355,163.0
932487,132.0
932612,125.0
932753,141.0
932882,129.0
933015,133.0
933152,137.0
933267,115.0
933399,132.0
933533,134.0
933667,134.0
933797,130.0
933954,157.0
934086,132.0
934229,143.0
934355,126.0
934507,152.0
934643,136.0
934790,147.0
934917,127.0
935060,143.0
935207,147.0
935334,127.0
935469,135.0
935582,113.0
935707,125.0
935875,168.0
936029,154.0
936152,123.0
936277,125.0
936401,124.0
936540,139.0
936692,152.0
936829,137.0
936959,130.0
937130,171.0
937260,130.0
937397,137.0
937559,162.0
937719,160.0
937876,157.0
938015,139.0
938158,143.0
938295,137.0
938464,169.0
938582,118.0
938708,126.0
938838,130.0
938997,159.0
939126,129.0
939263,137.0
939421,158.0
939546,125.0
939675,129.0
939792,117.0
939936,144.0
940076,140.0
940200,124.0
940318,118.0
940450,132.0
940569,119.0
940679,110.0
940802,123.0
940925,123.0
941052,127.0
941178,126.0
941288,110.0
941392,104.0
941491,99.0
941603,112.0
941732,129.0
941843,111.0
941968,125.0
942088,120.0
942191,103.0
942309,118.0
942431,122.0
942557,126.0
942680,123.0
942788,108.0
942915,127.0
943027,112.0
943132,105.0
943245,113.0
943348,103.0
943466,118.0
943593,127.0
943699,106.0
943839,140.0
943976,137.0
944089,113.0
944197,108.0
944321,124.0
944449,128.0
944572,123.0
944689,117.0
944815,126.0
944935,120.0
945047,112.0
945176,129.0
945285,109.0
945407,122.0
945541,134.0
945647,106.0
945760,113.0
945884,124.0
946025,141.0
946174,149.0
946286,112.0
946423,137.0
946551,128.0
946665,114.0
946791,126.0
946908,117.0
947014,106.0
947158,144.0
947279,121.0
947424,145.0
947551,127.0
947683,132.0
947826,143.0
947962,136.0
948107,145.0
948238,131.0
948378,140.0
948484,106.0
948601,117.0
948717,116.0
948827,110.0
948937,110.0
949047,110.0
949178,131.0
949299,121.0
949421,122.0
949550,129.0
949698,148.0
949808,110.0
949925,117.0
950030,105.0
950161,131.0
950287,126.0
950412,125.0
950555,143.0
950684,129.0
950799,115.0
950892,93.0
950991,99.0
951091,100.0
951180,89.0
951314,134.0
951378,64.0
951473,95.0
951537,64.0
951640,103.0
951720,80.0
951796,76.0
951859,63.0
951941,82.0
952009,68.0
952097,88.0
952186,89.0
952244,58.0
952308,64.0
952409,101.0
952472,63.0
952567,95.0
952646,79.0
952703,57.0
952795,92.0
952890,95.0
952948,58.0
953016,68.0
953082,66.0
953166,84.0
953212,46.0
953283,71.0
953347,64.0
953404,57.0
953476,72.0
953557,81.0
953620,63.0
953684,64.0
953739,55.0
953802,63.0
953883,81.0
953961,78.0
954020,59.0
954075,55.0
954126,51.0
954172,46.0
954229,57.0
954283,54.0
954356,73.0
954447,91.0
954527,80.0
954602,75.0
954676,74.0
954734,58.0
954793,59.0
954860,67.0
954933,73.0
954980,47.0
955035,55.0
955087,52.0
955147,60.0
955219,72.0
955275,56.0
955330,55.0
955402,72.0
955454,52.0
955503,49.0
955551,48.0
955623,72.0
955687,64.0
955767,80.0
955819,52.0
955890,71.0
955955,65.0
956020,65.0
956072,52.0
956138,66.0
956206,68.0
956267,61.0
956345,78.0
956418,73.0
956474,56.0
956534,60.0
956595,61.0
956650,55.0
956714,64.0
956775,61.0
956834,59.0
956899,65.0
956965,66.0
957021,56.0
957083,62.0
957174,91.0
957228,54.0
957296,68.0
957377,81.0
957430,53.0
957487,57.0
957559,72.0
957630,71.0
957717,87.0
957786,69.0
957866,80.0
957928,62.0
958006,78.0
958087,81.0
958136,49.0
958213,77.0
958293,80.0
958403,110.0
958455,52.0
958525,70.0
958585,60.0
958658,73.0
958738,80.0
958790,52.0
958875,85.0
958922,47.0
958994,72.0
959093,99.0
959168,75.0
959211,43.0
959267,56.0
959352,85.0
959419,67.0
959483,64.0
959533,50.0
959583,50.0
959662,79.0
959725,63.0
959779,54.0
959838,59.0
959907,69.0
959950,43.0
960008,58.0
960076,68.0
960137,61.0
960202,65.0
960249,47.0
960302,53.0
960367,65.0
960463,96.0
960532,69.0
960602,70.0
960677,75.0
960741,64.0
960788,47.0
960863,75.0
960951,88.0
961011,60.0
961064,53.0
961142,78.0
961215,73.0
961282,67.0
961340,58.0
961418,78.0
961480,62.0
961567,87.0
961639,72.0
961705,66.0
961785,80.0
961863,78.0
961916,53.0
961975,59.0
962033,58.0
962102,69.0
962182,80.0
962248,66.0
962336,88.0
962420,84.0
962486,66.0
962554,68.0
962620,66.0
962697,77.0
962751,54.0
962805,54.0
962887,82.0
962964,77.0
963018,54.0
963086,68.0
963139,53.0
963212,73.0
963292,80.0
963349,57.0
963425,76.0
963524,99.0
963598,74.0
963663,65.0
963735,72.0
963790,55.0
963868,78.0
963946,78.0
964049,103.0
964129,80.0
964199,70.0
964283,84.0
964373,90.0
964460,87.0
964552,92.0
964629,77.0
964700,71.0
964804,104.0
964885,81.0
964954,69.0
965071,117.0
965144,73.0
965234,90.0
965316,82.0
965412,96.0
965521,109.0
965608,87.0
965687,79.0
965767,80.0
965842,75.0
965932,90.0
966007,75.0
966095,88.0
966180,85.0
966253,73.0
966313,60.0
966428,115.0
966528,100.0
966615,87.0
966708,93.0
966819,111.0
966887,68.0
966984,97.0
967075,91.0
967142,67.0
967249,107.0
967345,96.0
967399,54.0
967495,96.0
967585,90.0
967663,78.0
967737,74.0
967797,60.0
967890,93.0
967970,80.0
968040,70.0
968113,73.0
968189,76.0
968275,86.0
968330,55.0
968383,53.0
968467,84.0
968531,64.0
968622,91.0
968666,44.0
968738,72.0
968811,73.0
968880,69.0
968955,75.0
969024,69.0
969078,54.0
969153,75.0
969204,51.0
969267,63.0
969315,48.0
969378,63.0
969437,59.0
969506,69.0
969571,65.0
969619,48.0
969671,52.0
969719,48.0
969786,67.0
969840,54.0
969892,52.0
969948,56.0
969998,50.0
970070,72.0
970117,47.0
970162,45.0
970213,51.0
970265,52.0
970309,44.0
970356,47.0
970400,44.0
970445,45.0
970499,54.0
970568,69.0
970637,69.0
970689,52.0
970761,72.0
970823,62.0
970884,61.0
970948,64.0
970995,47.0
971069,74.0
971137,68.0
971186,49.0
971253,67.0
971319,66.0
971375,56.0
971425,50.0
971480,55.0
971564,84.0
971600,36.0
971650,50.0
971704,54.0
971769,65.0
971831,62.0
971886,55.0
971944,58.0
972008,64.0
972088,80.0
972159,71.0
972208,49.0
972283,75.0
972345,62.0
972402,57.0
972455,53.0
972505,50.0
972572,67.0
972614,42.0
972664,50.0
972717,53.0
972761,44.0
972832,71.0
972876,44.0
972924,48.0
972998,74.0
973058,60.0
973116,58.0
973184,68.0
973235,51.0
973285,50.0
973328,43.0
973398,70.0
973444,46.0
973512,68.0
973573,61.0
973618,45.0
973674,56.0
973749,75.0
973817,68.0
973894,77.0
973939,45.0
974001,62.0
974066,65.0
974113,47.0
974163,50.0
974232,69.0
974280,48.0
974356,76.0
974412,56.0
974467,55.0
974522,55.0
974590,68.0
974634,44.0
974692,58.0
974741,49.0
974799,58.0
974853,54.0
974903,50.0
974979,76.0
975051,72.0
975101,50.0
975161,60.0
975225,64.0
975282,57.0
975353,71.0
975409,56.0
975474,65.0
975554,80.0
975630,76.0
975691,61.0
975741,50.0
975826,85.0
975891,65.0
975948,57.0
975996,48.0
976070,74.0
976139,69.0
976225,86.0
976311,86.0
976368,57.0
976429,61.0
976491,62.0
976534,43.0
976599,65.0
976675,76.0
976757,82.0
976826,69.0
976883,57.0
976961,78.0
977030,69.0
977094,64.0
977156,62.0
977248,92.0
977310,62.0
977369,59.0
977440,71.0
977521,81.0
977592,71.0
977641,49.0
977700,59.0
977784,84.0
977882,98.0
977946,64.0
978046,100.0
978129,83.0
978200,71.0
978324,124.0
978372,48.0
978445,73.0
978497,52.0
978566,69.0
978620,54.0
978709,89.0
978813,104.0
978879,66.0
978977,98.0
979041,64.0
979111,70.0
979160,49.0
979229,69.0
979326,97.0
979393,67.0
979463,70.0
979551,88.0
979636,85.0
979699,63.0
979758,59.0
979868,110.0
979930,62.0
980003,73.0
980059,56.0
980137,78.0
980221,84.0
980294,73.0
980375,81.0
980453,78.0
980526,73.0
980575,49.0
980690,115.0
980764,74.0
980846,82.0
980923,77.0
981008,85.0
981114,106.0
981207,93.0
981273,66.0
981328,55.0
981406,78.0
981467,61.0
981532,65.0
981615,83.0
981678,63.0
981766,88.0
981862,96.0
981913,51.0
981974,61.0
982032,58.0
982136,104.0
982204,68.0
982283,79.0
982348,65.0
982417,69.0
982515,98.0
982592,77.0
982640,48.0
982702,62.0
982776,74.0
982875,99.0
982965,90.0
983036,71.0
983099,63.0
983173,74.0
983238,65.0
983305,67.0
983374,69.0
983442,68.0
983509,67.0
983589,80.0
983663,74.0
983731,68.0
983805,74.0
983907,102.0
983982,75.0
984049,67.0
984113,64.0
984200,87.0
984253,53.0
984335,82.0
984381,46.0
984461,80.0
984525,64.0
984596,71.0
984661,65.0
984741,80.0
984813,72.0
984889,76.0
984964,75.0
985017,53.0
985087,70.0
985145,58.0
985201,56.0
985271,70.0
985353,82.0
985411,58.0
985452,41.0
985528,76.0
985571,43.0
985658,87.0
985726,68.0
985772,46.0
985848,76.0
985916,68.0
985974,58.0
986060,86.0
986139,79.0
986210,71.0
986282,72.0
986341,59.0
986399,58.0
986447,48.0
986507,60.0
986570,63.0
986652,82.0
986716,64.0
986789,73.0
986850,61.0
986919,69.0
987002,83.0
987081,79.0
987166,85.0
987208,42.0
987274,66.0
987330,56.0
987407,77.0
987455,48.0
987521,66.0
987587,66.0
987656,69.0
987704,48.0
987778,74.0
987818,40.0
987870,52.0
987931,61.0
987977,46.0
988039,62.0
988121,82.0
988193,72.0
988260,67.0
988336,76.0
988397,61.0
988472,75.0
988525,53.0
988564,39.0
988623,59.0
988706,83.0
988786,80.0
988861,75.0
988903,42.0
988983,80.0
989052,69.0
989119,67.0
989194,75.0
989261,67.0
989316,55.0
989382,66.0
989460,78.0
989520,60.0
989593,73.0
989683,90.0
989743,60.0
989792,49.0
989868,76.0
989947,79.0
990007,60.0
990064,57.0
990142,78.0
990231,89.0
990313,82.0
990373,60.0
990439,66.0
990508,69.0
990595,87.0
990643,48.0
990715,72.0
990778,63.0
990844,66.0
990921,77.0
991003,82.0
991069,66.0
991154,85.0
991225,71.0
991283,58.0
991348,65.0
991417,69.0
991466,49.0
991515,49.0
991584,69.0
991663,79.0
991773,110.0
991836,63.0
991883,47.0
991950,67.0
992013,63.0
992068,55.0
992158,90.0
992214,56.0
992302,88.0
992353,51.0
992437,84.0
992514,77.0
992614,100.0
992682,68.0
992748,66.0
992810,62.0
992911,101.0
992969,58.0
993047,78.0
993113,66.0
993198,85.0
993267,69.0
993349,82.0
993433,84.0
993505,72.0
993578,73.0
993641,63.0
993703,62.0
993771,68.0
993842,71.0
993895,53.0
993969,74.0
994058,89.0
994143,85.0
994214,71.0
994284,70.0
994354,70.0
994417,63.0
994486,69.0
994538,52.0
994607,69.0
994690,83.0
994771,81.0
994851,80.0
994912,61.0
994995,83.0
995068,73.0
995115,47.0
995207,92.0
995267,60.0
995322,55.0
995384,62.0
995430,46.0
995493,63.0
995542,49.0
995610,68.0
995681,71.0
995731,50.0
995778,47.0
995852,74.0
995913,61.0
996009,96.0
996086,77.0
996163,77.0
996222,59.0
996286,64.0
996345,59.0
996409,64.0
996478,69.0
996573,95.0
996662,89.0
996726,64.0
996814,88.0
996888,74.0
996950,62.0
997052,102.0
997147,95.0
997223,76.0
997292,69.0
997422,130.0
997503,81.0
997619,116.0
997716,97.0
997800,84.0
997927,127.0
998011,84.0
998110,99.0
998244,134.0
998330,86.0
998423,93.0
998514,91.0
998608,94.0
998682,74.0
998766,84.0
998859,93.0
999018,159.0
999125,107.0
999234,109.0
999343,109.0
999429,86.0
999536,107.0
999644,108.0
999763,119.0
999905,142.0
1000000,95.0
